DEBUG - 2026-09-07 07:43:41 --> Session: Class initialized using 'CodeIgniter\Session\Handlers\FileHandler' driver.
DEBUG - 2026-09-07 07:43:42 --> Session: Class initialized using 'CodeIgniter\Session\Handlers\FileHandler' driver.
DEBUG - 2026-09-07 07:44:04 --> Session: Class initialized using 'CodeIgniter\Session\Handlers\FileHandler' driver.
WARNING - 2026-09-07 07:44:04 --> LDAP bind failed (code 49): Invalid credentials
DEBUG - 2026-09-07 07:44:04 --> Session: Class initialized using 'CodeIgniter\Session\Handlers\FileHandler' driver.
DEBUG - 2026-09-07 07:44:12 --> Session: Class initialized using 'CodeIgniter\Session\Handlers\FileHandler' driver.
DEBUG - 2026-09-07 07:44:12 --> Session: Class initialized using 'CodeIgniter\Session\Handlers\FileHandler' driver.
DEBUG - 2026-09-07 07:48:44 --> Session: Class initialized using 'CodeIgniter\Session\Handlers\FileHandler' driver.
DEBUG - 2026-09-07 07:49:25 --> Session: Class initialized using 'CodeIgniter\Session\Handlers\FileHandler' driver.
INFO - 2026-09-07 07:49:25 --> CSRF token verified.
DEBUG - 2026-09-07 07:49:25 --> MemoryController initialisé avec les types : agents_cde_camwater_contrat, bureaux_cde_camwater_contrat, agents_globeleq_contrat, bureaux_globeleq_contrat, grands_comptes_contrat, regions_contrat, agents_cde_camwater_facture, bureaux_cde_camwater_facture, agents_globeleq_facture, bureaux_globeleq_facture, grands_comptes_facture, regions_facture, postpaid_particulier_contrat, postpaid_particulier_facture, etat_bt_contrat, etat_bt_facture, etat_mt_contrat, etat_mt_facture, prepaid_contrat, prepaid_recu
DEBUG - 2026-09-07 07:49:25 --> Contexte en cours = postpaid_general, Type référentiel = grands_comptes_contrat
INFO - 2026-09-07 07:49:25 --> Table à tronquer : CMSREPORT.TMP_REF_ETAT_WITH_CONTRAT
INFO - 2026-09-07 07:49:25 --> Table à tronquer : CMSREPORT.TB_FACTURES_MEMOIRES
INFO - 2026-09-07 07:49:25 --> Table à tronquer : CMSREPORT.TB_FACTURES_MEMOIRES_INFOS
INFO - 2026-09-07 07:49:25 --> === START TRUNCATE truncate_6a9e6c853d1705.74027528 ===
DEBUG - 2026-09-07 07:49:25 --> {"trace_id":"truncate_6a9e6c853d1705.74027528","step":"input_received","type":"grands_comptes_contrat"}
DEBUG - 2026-09-07 07:49:25 --> {"trace_id":"truncate_6a9e6c853d1705.74027528","step":"config_loaded","available_types":["agents_cde_camwater_contrat","bureaux_cde_camwater_contrat","agents_globeleq_contrat","bureaux_globeleq_contrat","grands_comptes_contrat","regions_contrat","agents_cde_camwater_facture","bureaux_cde_camwater_facture","agents_globeleq_facture","bureaux_globeleq_facture","grands_comptes_facture","regions_facture","postpaid_particulier_contrat","postpaid_particulier_facture","etat_bt_contrat","etat_bt_facture","etat_mt_contrat","etat_mt_facture","prepaid_contrat","prepaid_recu"]}
DEBUG - 2026-09-07 07:49:25 --> {"trace_id":"truncate_6a9e6c853d1705.74027528","step":"truncate_tables_loaded","type":"grands_comptes_contrat","tables":["CMSREPORT.TMP_REF_ETAT_WITH_CONTRAT","CMSREPORT.TB_FACTURES_MEMOIRES","CMSREPORT.TB_FACTURES_MEMOIRES_INFOS"]}
INFO - 2026-09-07 07:49:25 --> {"trace_id":"truncate_6a9e6c853d1705.74027528","step":"truncate_start","index":1,"table":"CMSREPORT.TMP_REF_ETAT_WITH_CONTRAT"}
DEBUG - 2026-09-07 07:49:25 --> {"trace_id":"truncate_6a9e6c853d1705.74027528","step":"truncate_result","table":"CMSREPORT.TMP_REF_ETAT_WITH_CONTRAT","success":true,"time_ms":148.7}
INFO - 2026-09-07 07:49:25 --> {"trace_id":"truncate_6a9e6c853d1705.74027528","step":"truncate_start","index":2,"table":"CMSREPORT.TB_FACTURES_MEMOIRES"}
DEBUG - 2026-09-07 07:49:25 --> {"trace_id":"truncate_6a9e6c853d1705.74027528","step":"truncate_result","table":"CMSREPORT.TB_FACTURES_MEMOIRES","success":true,"time_ms":37.8}
INFO - 2026-09-07 07:49:25 --> {"trace_id":"truncate_6a9e6c853d1705.74027528","step":"truncate_start","index":3,"table":"CMSREPORT.TB_FACTURES_MEMOIRES_INFOS"}
DEBUG - 2026-09-07 07:49:25 --> {"trace_id":"truncate_6a9e6c853d1705.74027528","step":"truncate_result","table":"CMSREPORT.TB_FACTURES_MEMOIRES_INFOS","success":true,"time_ms":41.9}
INFO - 2026-09-07 07:49:25 --> {"trace_id":"truncate_6a9e6c853d1705.74027528","step":"truncate_finished","type":"grands_comptes_contrat","success":true,"duration_ms":229.1}
INFO - 2026-09-07 07:49:25 --> === END TRUNCATE truncate_6a9e6c853d1705.74027528 ===
INFO - 2026-09-07 07:49:25 --> Import Excel démarré : type=grands_comptes_contrat, fichier=php9UIfcO
INFO - 2026-09-07 07:49:27 --> Import Excel terminé (type=grands_comptes_contrat, table=CMSREPORT.TMP_REF_ETAT_WITH_CONTRAT) en 1.54s : 8780 ligne(s) importée(s), 0 rejetée(s), 0 doublon(s) ignoré(s).
DEBUG - 2026-09-07 07:49:27 --> Import terminé : {"context":"postpaid_general","type":"grands_comptes_contrat","regroupName":"grands_comptes","year":"2026","cycle":"8","documentTypes":["memoires"],"dateDebut":"05\/08\/2026","dateFin":"04\/09\/2026","file":{},"importStats":{"inserted":8780,"skipped":0,"duplicates":0,"message":"8780 ligne(s) import\u00e9e(s), 0 rejet\u00e9e(s), 0 doublon(s) ignor\u00e9(s)."}}
DEBUG - 2026-09-07 07:49:27 --> Démarrage du processus mémoire avec les paramètres : {"year":"2026","cycle":"8","regroup":"grands_comptes","DEBUT":"05\/08\/2026","FIN":"04\/09\/2026"}
DEBUG - 2026-09-07 07:49:27 --> Lancement MemorySQLFactory pour type=grands_comptes_contrat avec section=loading et params={"year":"2026","cycle":"8","regroup":"grands_comptes","DEBUT":"05\/08\/2026","FIN":"04\/09\/2026"}
DEBUG - 2026-09-07 07:49:27 --> Configuration pour le type 'grands_comptes_contrat': {"model":"App\\Models\\SQL\\LoadingQueriesForMemoryPostpaidModel","loading":["LOADING_TB_FACTURES_MEMOIRES_ONLY_WITH_CONTRAT_GENERAL","LOADING_TB_FACTURES_MEMOIRES_INFOS_ONLY_WITH_CONTRAT_GENERAL"],"generation":["GRANDS_COMPTES","generateMemoire"]}
DEBUG - 2026-09-07 07:49:27 --> Modèle utilisé : App\Models\SQL\LoadingQueriesForMemoryPostpaidModel
INFO - 2026-09-07 07:49:27 --> Type général : contrat
INFO - 2026-09-07 07:49:27 --> Type émission : emission
INFO - 2026-09-07 07:49:27 --> Date début: 05/08/2026, Date fin: 04/09/2026
DEBUG - 2026-09-07 07:49:28 --> Requête #0 exécutée avec succès : 
                INSERT /*+ APPEND PARALLEL(t) */ INTO cmsreport.tb_factures_memoires t (
                    SELECT /*+ PARALLEL(8) */ DISTINCT
                        'CENTRALIZED LV' AS region,
                        s.nom_area AS cms_region,
                        s.nom_unicom,
                        :year: AS calendar_year,
                        :cycle: AS reading_cycle,
                        t.tutelle as regroup_id,
                        t.tutelle as regroup_name,
                        r.nis_rad,
                        NVL(TRIM(s.ape1_cli), TRIM(s.cust_name)) AS cust_name,
                        s.pk_cust_id,
                        s.meter_no,
                        DECODE(s.tip_fase, 'FA001', 2, 4) AS number_wires,
                        s.pot_max_admis,
                        sum(case when not regexp_like(codigo(i.co_concepto), 'FIXED PREMIUM CHARGE|COMPENSATION|OVERLOAD CHARGE') then i.csmo_fact else 0 end) over(partition by r.num_rec) csmo_total_fact,
                        r.num_rec,
                        r.f_fact,
                        r.f_prev_puesta,
                        r.imp_tot_rec,
                        r.imp_tot_rec - r.imp_cta AS due_amount,
                        r.est_act,
                        s.tip_contr,
                        r.ind_conversion,
                        r.cod_cta_pago,
                        r.num_rec_anul,
                        s.cod_cnae,
                        s.co_an_vip,
                        sum (case when i.co_concepto not like 'CT%' then i.imp_concepto else 0 end) over(partition by r.num_rec,t.tutelle) amount_without_vat,
                        trunc ((sum (case when i.co_concepto not like 'CT%' then -i.imp_concepto else 0 end) over(partition by r.num_rec,t.tutelle)) + r.imp_tot_rec) amount_vat,
                        sum (case when i.co_concepto in ('CC119', 'CC118') then i.imp_concepto else 0 end) over(partition by r.num_rec,t.tutelle) govern_cont_without_vat,
                        sum (case when i.co_concepto = 'CT841' then i.imp_concepto else 0 end) over(partition by r.num_rec,t.tutelle) govern_vat,
                        sum (case when i.co_concepto = 'CC101' then i.imp_concepto else 0 end) over(partition by r.num_rec,t.tutelle) meter_rent
                    FROM cmsreport.tmp_ref_etat_with_contrat t
                    JOIN cmsadmin.recibos r ON t.contrat = r.nis_rad
                    JOIN cmsreport.tb_customers_infos s ON r.nis_rad = s.nis_rad
                    LEFT JOIN cmsadmin.imp_concepto i ON r.num_rec = i.num_rec
                    WHERE r.tip_rec = 'TR010'
                        AND r.est_act NOT IN ('ER010', 'ER015', 'ER018', 'ER915', 'ER600')
                        AND r.f_prev_puesta BETWEEN TO_DATE(:dateDebut:, 'YYYY-MM-DD') AND TO_DATE(:dateFin:, 'YYYY-MM-DD')
                )
            
DEBUG - 2026-09-07 07:49:36 --> Requête #1 exécutée avec succès : 
                INSERT /*+ append parallel(t) */ INTO cmsreport.tb_factures_memoires_infos t (
                    select /*+  parallel(12) */ distinct
                        t.contrat AS nis_rad,
                        r.num_rec,
                        nvl2(trim(b.prev_reading), b.prev_reading, nvl((max (ap.lect) keep(dense_rank last order by ap.f_lect, ap.f_actual) over(partition by r.num_rec)), 0)) prev_actual_read,
                        nvl2(trim(b.curr_reading), b.curr_reading, nvl((max (ac.lect) keep(dense_rank last order by ac.f_lect, ac.f_actual) over(partition by r.num_rec)), 0)) hht_current_index,
                        nvl((max (ac.cte_apa) keep(dense_rank last order by ac.f_lect, ac.f_actual) over(partition by r.num_rec)), 1) coeff
                        from cmsreport.tmp_ref_etat_with_contrat t
                        join cmsadmin.recibos r on t.contrat = r.nis_rad
                        left join cmsadmin.bill_extraction_list b on r.num_rec = b.num_rec
                        left join cmsadmin.rel_rec_csmo rc on r.num_rec = rc.num_rec
                        left join cmsadmin.apmedida_co ap on rc.id_apco_ant = ap.id_reg
                        left join cmsadmin.apmedida_co ac on rc.id_apco_act = ac.id_reg
                        where r.tip_rec = 'TR010' and r.est_act not in ('ER010', 'ER015', 'ER018', 'ER915', 'ER600') and r.imp_tot_rec - r.imp_cta > 0 
                        and r.f_prev_puesta <= sysdate
                )
            
DEBUG - 2026-09-07 07:49:36 --> MemorySQLFactory terminé pour type=grands_comptes_contrat, section=loading : 2/2 réussies, 0 échouées
DEBUG - 2026-09-07 07:49:36 --> Configuration pour le type 'grands_comptes_contrat': {"model":"App\\Models\\SQL\\LoadingQueriesForMemoryPostpaidModel","loading":["LOADING_TB_FACTURES_MEMOIRES_ONLY_WITH_CONTRAT_GENERAL","LOADING_TB_FACTURES_MEMOIRES_INFOS_ONLY_WITH_CONTRAT_GENERAL"],"generation":["GRANDS_COMPTES","generateMemoire"]}
DEBUG - 2026-09-07 07:49:36 --> Modèle utilisé : App\Models\SQL\LoadingQueriesForMemoryPostpaidModel
DEBUG - 2026-09-07 07:49:36 --> Répertoire d'exportation vérifié : /var/www/MyMemo/writable/exports/
DEBUG - 2026-09-07 07:49:36 --> Requête exécutée pour Mémoire : {"sql":"\n            SELECT \/*+ parallel(8) *\/ DISTINCT\n                r.cust_name AS customer_name,\n                r.nom_unicom AS agency,\n                r.nis_rad AS service_no,\n                TO_CHAR(r.f_fact, 'dd\/mm\/yyyy') AS billing_date,\n                r.num_rec AS bill_no,\n                r.meter_no,\n                c.prev_actual_read,\n                c.hht_current_index,\n                TRUNC(r.csmo_total_fact) AS consumption_billed,\n                c.coeff,\n                r.meter_rent,\n                r.amount_without_vat,\n                r.amount_vat,\n                TRUNC(r.imp_tot_rec) AS amount_with_tax,\n                r.due_amount,        \n                r.region,\n                r.calendar_year,\n                r.reading_cycle,\n                r.regroup_id,\n                r.regroup_name              \n            FROM cmsreport.tb_factures_memoires r\n            LEFT JOIN cmsreport.tb_factures_memoires_infos c ON r.num_rec = c.num_rec\n        ","binds":[]}
DEBUG - 2026-09-07 07:49:36 --> Header keys retrieved: CUSTOMER_NAME,AGENCY,SERVICE_NO,BILLING_DATE,BILL_NO,METER_NO,PREV_ACTUAL_READ,HHT_CURRENT_INDEX,CONSUMPTION_BILLED,COEFF,METER_RENT,AMOUNT_WITHOUT_VAT,AMOUNT_VAT,AMOUNT_WITH_TAX,DUE_AMOUNT,REGION,CALENDAR_YEAR,READING_CYCLE,REGROUP_ID,REGROUP_NAME
DEBUG - 2026-09-07 07:49:36 --> Nom fichier mémoire généré : /var/www/MyMemo/writable/exports/Memoire_grands_comptes_20260907_074936.xlsx
DEBUG - 2026-09-07 07:49:36 --> Insertion données page 1 et ligne 13
DEBUG - 2026-09-07 07:49:36 --> Totaux page 1 => HT: 96604 | TVA: 1891 | TTC: 98495
DEBUG - 2026-09-07 07:49:36 --> Insertion footer à partir de ligne 45
DEBUG - 2026-09-07 07:49:36 --> Footer[0] ligne 45 : Bon à savoir / Good to know
DEBUG - 2026-09-07 07:49:36 --> Footer[1] ligne 46 (fond vert)
DEBUG - 2026-09-07 07:49:36 --> Footer[2] ligne 47 (italic bleu)
DEBUG - 2026-09-07 07:49:36 --> Footer[3] ENERGIZING à M48:O48
DEBUG - 2026-09-07 07:49:36 --> Footer[4] Pagination ligne 49 | Page 1/43
DEBUG - 2026-09-07 07:49:36 --> Signature bloc de M42 à O47
DEBUG - 2026-09-07 07:49:36 --> Ajout saut de page après ligne 50
DEBUG - 2026-09-07 07:49:36 --> Insertion données page 2 et ligne 64
DEBUG - 2026-09-07 07:49:36 --> Totaux page 2 => HT: 198087 | TVA: 18479 | TTC: 216566
DEBUG - 2026-09-07 07:49:36 --> Insertion footer à partir de ligne 96
DEBUG - 2026-09-07 07:49:36 --> Footer[0] ligne 96 : Bon à savoir / Good to know
DEBUG - 2026-09-07 07:49:36 --> Footer[1] ligne 97 (fond vert)
DEBUG - 2026-09-07 07:49:36 --> Footer[2] ligne 98 (italic bleu)
DEBUG - 2026-09-07 07:49:36 --> Footer[3] ENERGIZING à M99:O99
DEBUG - 2026-09-07 07:49:36 --> Footer[4] Pagination ligne 100 | Page 2/43
DEBUG - 2026-09-07 07:49:36 --> Signature bloc de M93 à O98
DEBUG - 2026-09-07 07:49:36 --> Ajout saut de page après ligne 101
DEBUG - 2026-09-07 07:49:36 --> Insertion données page 3 et ligne 115
DEBUG - 2026-09-07 07:49:36 --> Totaux page 3 => HT: 263493 | TVA: 29970 | TTC: 293463
DEBUG - 2026-09-07 07:49:36 --> Insertion footer à partir de ligne 147
DEBUG - 2026-09-07 07:49:36 --> Footer[0] ligne 147 : Bon à savoir / Good to know
DEBUG - 2026-09-07 07:49:36 --> Footer[1] ligne 148 (fond vert)
DEBUG - 2026-09-07 07:49:36 --> Footer[2] ligne 149 (italic bleu)
DEBUG - 2026-09-07 07:49:36 --> Footer[3] ENERGIZING à M150:O150
DEBUG - 2026-09-07 07:49:36 --> Footer[4] Pagination ligne 151 | Page 3/43
DEBUG - 2026-09-07 07:49:36 --> Signature bloc de M144 à O149
DEBUG - 2026-09-07 07:49:36 --> Ajout saut de page après ligne 152
DEBUG - 2026-09-07 07:49:36 --> Insertion données page 4 et ligne 166
DEBUG - 2026-09-07 07:49:37 --> Totaux page 4 => HT: 245843 | TVA: 25867 | TTC: 271710
DEBUG - 2026-09-07 07:49:37 --> Insertion footer à partir de ligne 198
DEBUG - 2026-09-07 07:49:37 --> Footer[0] ligne 198 : Bon à savoir / Good to know
DEBUG - 2026-09-07 07:49:37 --> Footer[1] ligne 199 (fond vert)
DEBUG - 2026-09-07 07:49:37 --> Footer[2] ligne 200 (italic bleu)
DEBUG - 2026-09-07 07:49:37 --> Footer[3] ENERGIZING à M201:O201
DEBUG - 2026-09-07 07:49:37 --> Footer[4] Pagination ligne 202 | Page 4/43
DEBUG - 2026-09-07 07:49:37 --> Signature bloc de M195 à O200
DEBUG - 2026-09-07 07:49:37 --> Ajout saut de page après ligne 203
DEBUG - 2026-09-07 07:49:37 --> Insertion données page 5 et ligne 217
DEBUG - 2026-09-07 07:49:37 --> Totaux page 5 => HT: 112305 | TVA: 0 | TTC: 112305
DEBUG - 2026-09-07 07:49:37 --> Insertion footer à partir de ligne 249
DEBUG - 2026-09-07 07:49:37 --> Footer[0] ligne 249 : Bon à savoir / Good to know
DEBUG - 2026-09-07 07:49:37 --> Footer[1] ligne 250 (fond vert)
DEBUG - 2026-09-07 07:49:37 --> Footer[2] ligne 251 (italic bleu)
DEBUG - 2026-09-07 07:49:37 --> Footer[3] ENERGIZING à M252:O252
DEBUG - 2026-09-07 07:49:37 --> Footer[4] Pagination ligne 253 | Page 5/43
DEBUG - 2026-09-07 07:49:37 --> Signature bloc de M246 à O251
DEBUG - 2026-09-07 07:49:37 --> Ajout saut de page après ligne 254
DEBUG - 2026-09-07 07:49:37 --> Insertion données page 6 et ligne 268
DEBUG - 2026-09-07 07:49:37 --> Totaux page 6 => HT: 160994 | TVA: 8823 | TTC: 169817
DEBUG - 2026-09-07 07:49:37 --> Insertion footer à partir de ligne 300
DEBUG - 2026-09-07 07:49:37 --> Footer[0] ligne 300 : Bon à savoir / Good to know
DEBUG - 2026-09-07 07:49:37 --> Footer[1] ligne 301 (fond vert)
DEBUG - 2026-09-07 07:49:37 --> Footer[2] ligne 302 (italic bleu)
DEBUG - 2026-09-07 07:49:37 --> Footer[3] ENERGIZING à M303:O303
DEBUG - 2026-09-07 07:49:37 --> Footer[4] Pagination ligne 304 | Page 6/43
DEBUG - 2026-09-07 07:49:37 --> Signature bloc de M297 à O302
DEBUG - 2026-09-07 07:49:37 --> Ajout saut de page après ligne 305
DEBUG - 2026-09-07 07:49:37 --> Insertion données page 7 et ligne 319
DEBUG - 2026-09-07 07:49:37 --> Totaux page 7 => HT: 154237 | TVA: 13172 | TTC: 167409
DEBUG - 2026-09-07 07:49:37 --> Insertion footer à partir de ligne 351
DEBUG - 2026-09-07 07:49:37 --> Footer[0] ligne 351 : Bon à savoir / Good to know
DEBUG - 2026-09-07 07:49:37 --> Footer[1] ligne 352 (fond vert)
DEBUG - 2026-09-07 07:49:37 --> Footer[2] ligne 353 (italic bleu)
DEBUG - 2026-09-07 07:49:37 --> Footer[3] ENERGIZING à M354:O354
DEBUG - 2026-09-07 07:49:37 --> Footer[4] Pagination ligne 355 | Page 7/43
DEBUG - 2026-09-07 07:49:37 --> Signature bloc de M348 à O353
DEBUG - 2026-09-07 07:49:37 --> Ajout saut de page après ligne 356
DEBUG - 2026-09-07 07:49:37 --> Insertion données page 8 et ligne 370
DEBUG - 2026-09-07 07:49:37 --> Totaux page 8 => HT: 235032 | TVA: 16503 | TTC: 251535
DEBUG - 2026-09-07 07:49:37 --> Insertion footer à partir de ligne 402
DEBUG - 2026-09-07 07:49:37 --> Footer[0] ligne 402 : Bon à savoir / Good to know
DEBUG - 2026-09-07 07:49:37 --> Footer[1] ligne 403 (fond vert)
DEBUG - 2026-09-07 07:49:37 --> Footer[2] ligne 404 (italic bleu)
DEBUG - 2026-09-07 07:49:37 --> Footer[3] ENERGIZING à M405:O405
DEBUG - 2026-09-07 07:49:37 --> Footer[4] Pagination ligne 406 | Page 8/43
DEBUG - 2026-09-07 07:49:37 --> Signature bloc de M399 à O404
DEBUG - 2026-09-07 07:49:37 --> Ajout saut de page après ligne 407
DEBUG - 2026-09-07 07:49:37 --> Insertion données page 9 et ligne 421
DEBUG - 2026-09-07 07:49:37 --> Totaux page 9 => HT: 137349 | TVA: 9815 | TTC: 147164
DEBUG - 2026-09-07 07:49:37 --> Insertion footer à partir de ligne 453
DEBUG - 2026-09-07 07:49:37 --> Footer[0] ligne 453 : Bon à savoir / Good to know
DEBUG - 2026-09-07 07:49:37 --> Footer[1] ligne 454 (fond vert)
DEBUG - 2026-09-07 07:49:37 --> Footer[2] ligne 455 (italic bleu)
DEBUG - 2026-09-07 07:49:37 --> Footer[3] ENERGIZING à M456:O456
DEBUG - 2026-09-07 07:49:37 --> Footer[4] Pagination ligne 457 | Page 9/43
DEBUG - 2026-09-07 07:49:37 --> Signature bloc de M450 à O455
DEBUG - 2026-09-07 07:49:37 --> Ajout saut de page après ligne 458
DEBUG - 2026-09-07 07:49:37 --> Insertion données page 10 et ligne 472
DEBUG - 2026-09-07 07:49:37 --> Totaux page 10 => HT: 132716 | TVA: 7564 | TTC: 140280
DEBUG - 2026-09-07 07:49:37 --> Insertion footer à partir de ligne 504
DEBUG - 2026-09-07 07:49:37 --> Footer[0] ligne 504 : Bon à savoir / Good to know
DEBUG - 2026-09-07 07:49:37 --> Footer[1] ligne 505 (fond vert)
DEBUG - 2026-09-07 07:49:37 --> Footer[2] ligne 506 (italic bleu)
DEBUG - 2026-09-07 07:49:37 --> Footer[3] ENERGIZING à M507:O507
DEBUG - 2026-09-07 07:49:37 --> Footer[4] Pagination ligne 508 | Page 10/43
DEBUG - 2026-09-07 07:49:37 --> Signature bloc de M501 à O506
DEBUG - 2026-09-07 07:49:37 --> Ajout saut de page après ligne 509
DEBUG - 2026-09-07 07:49:37 --> Insertion données page 11 et ligne 523
DEBUG - 2026-09-07 07:49:37 --> Totaux page 11 => HT: 167744 | TVA: 10852 | TTC: 178596
DEBUG - 2026-09-07 07:49:37 --> Insertion footer à partir de ligne 555
DEBUG - 2026-09-07 07:49:37 --> Footer[0] ligne 555 : Bon à savoir / Good to know
DEBUG - 2026-09-07 07:49:37 --> Footer[1] ligne 556 (fond vert)
DEBUG - 2026-09-07 07:49:37 --> Footer[2] ligne 557 (italic bleu)
DEBUG - 2026-09-07 07:49:37 --> Footer[3] ENERGIZING à M558:O558
DEBUG - 2026-09-07 07:49:37 --> Footer[4] Pagination ligne 559 | Page 11/43
DEBUG - 2026-09-07 07:49:37 --> Signature bloc de M552 à O557
DEBUG - 2026-09-07 07:49:37 --> Ajout saut de page après ligne 560
DEBUG - 2026-09-07 07:49:37 --> Insertion données page 12 et ligne 574
DEBUG - 2026-09-07 07:49:37 --> Totaux page 12 => HT: 129523 | TVA: 0 | TTC: 129523
DEBUG - 2026-09-07 07:49:37 --> Insertion footer à partir de ligne 606
DEBUG - 2026-09-07 07:49:37 --> Footer[0] ligne 606 : Bon à savoir / Good to know
DEBUG - 2026-09-07 07:49:37 --> Footer[1] ligne 607 (fond vert)
DEBUG - 2026-09-07 07:49:37 --> Footer[2] ligne 608 (italic bleu)
DEBUG - 2026-09-07 07:49:37 --> Footer[3] ENERGIZING à M609:O609
DEBUG - 2026-09-07 07:49:37 --> Footer[4] Pagination ligne 610 | Page 12/43
DEBUG - 2026-09-07 07:49:37 --> Signature bloc de M603 à O608
DEBUG - 2026-09-07 07:49:37 --> Ajout saut de page après ligne 611
DEBUG - 2026-09-07 07:49:37 --> Insertion données page 13 et ligne 625
DEBUG - 2026-09-07 07:49:37 --> Totaux page 13 => HT: 812805 | TVA: 140656 | TTC: 953461
DEBUG - 2026-09-07 07:49:37 --> Insertion footer à partir de ligne 657
DEBUG - 2026-09-07 07:49:37 --> Footer[0] ligne 657 : Bon à savoir / Good to know
DEBUG - 2026-09-07 07:49:37 --> Footer[1] ligne 658 (fond vert)
DEBUG - 2026-09-07 07:49:37 --> Footer[2] ligne 659 (italic bleu)
DEBUG - 2026-09-07 07:49:37 --> Footer[3] ENERGIZING à M660:O660
DEBUG - 2026-09-07 07:49:37 --> Footer[4] Pagination ligne 661 | Page 13/43
DEBUG - 2026-09-07 07:49:37 --> Signature bloc de M654 à O659
DEBUG - 2026-09-07 07:49:37 --> Ajout saut de page après ligne 662
DEBUG - 2026-09-07 07:49:37 --> Insertion données page 14 et ligne 676
DEBUG - 2026-09-07 07:49:37 --> Totaux page 14 => HT: 149783 | TVA: 8016 | TTC: 157799
DEBUG - 2026-09-07 07:49:37 --> Insertion footer à partir de ligne 708
DEBUG - 2026-09-07 07:49:37 --> Footer[0] ligne 708 : Bon à savoir / Good to know
DEBUG - 2026-09-07 07:49:37 --> Footer[1] ligne 709 (fond vert)
DEBUG - 2026-09-07 07:49:37 --> Footer[2] ligne 710 (italic bleu)
DEBUG - 2026-09-07 07:49:37 --> Footer[3] ENERGIZING à M711:O711
DEBUG - 2026-09-07 07:49:37 --> Footer[4] Pagination ligne 712 | Page 14/43
DEBUG - 2026-09-07 07:49:37 --> Signature bloc de M705 à O710
DEBUG - 2026-09-07 07:49:37 --> Ajout saut de page après ligne 713
DEBUG - 2026-09-07 07:49:37 --> Insertion données page 15 et ligne 727
DEBUG - 2026-09-07 07:49:37 --> Totaux page 15 => HT: 179753 | TVA: 19979 | TTC: 199732
DEBUG - 2026-09-07 07:49:37 --> Insertion footer à partir de ligne 759
DEBUG - 2026-09-07 07:49:37 --> Footer[0] ligne 759 : Bon à savoir / Good to know
DEBUG - 2026-09-07 07:49:37 --> Footer[1] ligne 760 (fond vert)
DEBUG - 2026-09-07 07:49:37 --> Footer[2] ligne 761 (italic bleu)
DEBUG - 2026-09-07 07:49:37 --> Footer[3] ENERGIZING à M762:O762
DEBUG - 2026-09-07 07:49:37 --> Footer[4] Pagination ligne 763 | Page 15/43
DEBUG - 2026-09-07 07:49:37 --> Signature bloc de M756 à O761
DEBUG - 2026-09-07 07:49:37 --> Ajout saut de page après ligne 764
DEBUG - 2026-09-07 07:49:37 --> Insertion données page 16 et ligne 778
DEBUG - 2026-09-07 07:49:37 --> Totaux page 16 => HT: 181562 | TVA: 5779 | TTC: 187341
DEBUG - 2026-09-07 07:49:37 --> Insertion footer à partir de ligne 810
DEBUG - 2026-09-07 07:49:37 --> Footer[0] ligne 810 : Bon à savoir / Good to know
DEBUG - 2026-09-07 07:49:37 --> Footer[1] ligne 811 (fond vert)
DEBUG - 2026-09-07 07:49:37 --> Footer[2] ligne 812 (italic bleu)
DEBUG - 2026-09-07 07:49:37 --> Footer[3] ENERGIZING à M813:O813
DEBUG - 2026-09-07 07:49:37 --> Footer[4] Pagination ligne 814 | Page 16/43
DEBUG - 2026-09-07 07:49:37 --> Signature bloc de M807 à O812
DEBUG - 2026-09-07 07:49:37 --> Ajout saut de page après ligne 815
DEBUG - 2026-09-07 07:49:37 --> Insertion données page 17 et ligne 829
DEBUG - 2026-09-07 07:49:37 --> Totaux page 17 => HT: 186243 | TVA: 18735 | TTC: 204978
DEBUG - 2026-09-07 07:49:37 --> Insertion footer à partir de ligne 861
DEBUG - 2026-09-07 07:49:37 --> Footer[0] ligne 861 : Bon à savoir / Good to know
DEBUG - 2026-09-07 07:49:37 --> Footer[1] ligne 862 (fond vert)
DEBUG - 2026-09-07 07:49:37 --> Footer[2] ligne 863 (italic bleu)
DEBUG - 2026-09-07 07:49:37 --> Footer[3] ENERGIZING à M864:O864
DEBUG - 2026-09-07 07:49:37 --> Footer[4] Pagination ligne 865 | Page 17/43
DEBUG - 2026-09-07 07:49:37 --> Signature bloc de M858 à O863
DEBUG - 2026-09-07 07:49:37 --> Ajout saut de page après ligne 866
DEBUG - 2026-09-07 07:49:37 --> Insertion données page 18 et ligne 880
DEBUG - 2026-09-07 07:49:37 --> Totaux page 18 => HT: 110576 | TVA: 7038 | TTC: 117614
DEBUG - 2026-09-07 07:49:37 --> Insertion footer à partir de ligne 912
DEBUG - 2026-09-07 07:49:37 --> Footer[0] ligne 912 : Bon à savoir / Good to know
DEBUG - 2026-09-07 07:49:37 --> Footer[1] ligne 913 (fond vert)
DEBUG - 2026-09-07 07:49:37 --> Footer[2] ligne 914 (italic bleu)
DEBUG - 2026-09-07 07:49:37 --> Footer[3] ENERGIZING à M915:O915
DEBUG - 2026-09-07 07:49:37 --> Footer[4] Pagination ligne 916 | Page 18/43
DEBUG - 2026-09-07 07:49:37 --> Signature bloc de M909 à O914
DEBUG - 2026-09-07 07:49:37 --> Ajout saut de page après ligne 917
DEBUG - 2026-09-07 07:49:37 --> Insertion données page 19 et ligne 931
DEBUG - 2026-09-07 07:49:37 --> Totaux page 19 => HT: 231248 | TVA: 29478 | TTC: 260726
DEBUG - 2026-09-07 07:49:37 --> Insertion footer à partir de ligne 963
DEBUG - 2026-09-07 07:49:37 --> Footer[0] ligne 963 : Bon à savoir / Good to know
DEBUG - 2026-09-07 07:49:37 --> Footer[1] ligne 964 (fond vert)
DEBUG - 2026-09-07 07:49:37 --> Footer[2] ligne 965 (italic bleu)
DEBUG - 2026-09-07 07:49:37 --> Footer[3] ENERGIZING à M966:O966
DEBUG - 2026-09-07 07:49:37 --> Footer[4] Pagination ligne 967 | Page 19/43
DEBUG - 2026-09-07 07:49:37 --> Signature bloc de M960 à O965
DEBUG - 2026-09-07 07:49:37 --> Ajout saut de page après ligne 968
DEBUG - 2026-09-07 07:49:37 --> Insertion données page 20 et ligne 982
DEBUG - 2026-09-07 07:49:37 --> Totaux page 20 => HT: 99706 | TVA: 1536 | TTC: 101242
DEBUG - 2026-09-07 07:49:37 --> Insertion footer à partir de ligne 1014
DEBUG - 2026-09-07 07:49:37 --> Footer[0] ligne 1014 : Bon à savoir / Good to know
DEBUG - 2026-09-07 07:49:37 --> Footer[1] ligne 1015 (fond vert)
DEBUG - 2026-09-07 07:49:37 --> Footer[2] ligne 1016 (italic bleu)
DEBUG - 2026-09-07 07:49:37 --> Footer[3] ENERGIZING à M1017:O1017
DEBUG - 2026-09-07 07:49:37 --> Footer[4] Pagination ligne 1018 | Page 20/43
DEBUG - 2026-09-07 07:49:37 --> Signature bloc de M1011 à O1016
DEBUG - 2026-09-07 07:49:37 --> Ajout saut de page après ligne 1019
DEBUG - 2026-09-07 07:49:37 --> Insertion données page 21 et ligne 1033
DEBUG - 2026-09-07 07:49:37 --> Totaux page 21 => HT: 221099 | TVA: 20700 | TTC: 241799
DEBUG - 2026-09-07 07:49:37 --> Insertion footer à partir de ligne 1065
DEBUG - 2026-09-07 07:49:37 --> Footer[0] ligne 1065 : Bon à savoir / Good to know
DEBUG - 2026-09-07 07:49:37 --> Footer[1] ligne 1066 (fond vert)
DEBUG - 2026-09-07 07:49:37 --> Footer[2] ligne 1067 (italic bleu)
DEBUG - 2026-09-07 07:49:37 --> Footer[3] ENERGIZING à M1068:O1068
DEBUG - 2026-09-07 07:49:37 --> Footer[4] Pagination ligne 1069 | Page 21/43
DEBUG - 2026-09-07 07:49:37 --> Signature bloc de M1062 à O1067
DEBUG - 2026-09-07 07:49:37 --> Ajout saut de page après ligne 1070
DEBUG - 2026-09-07 07:49:37 --> Insertion données page 22 et ligne 1084
DEBUG - 2026-09-07 07:49:37 --> Totaux page 22 => HT: 103824 | TVA: 6822 | TTC: 110646
DEBUG - 2026-09-07 07:49:37 --> Insertion footer à partir de ligne 1116
DEBUG - 2026-09-07 07:49:37 --> Footer[0] ligne 1116 : Bon à savoir / Good to know
DEBUG - 2026-09-07 07:49:37 --> Footer[1] ligne 1117 (fond vert)
DEBUG - 2026-09-07 07:49:37 --> Footer[2] ligne 1118 (italic bleu)
DEBUG - 2026-09-07 07:49:37 --> Footer[3] ENERGIZING à M1119:O1119
DEBUG - 2026-09-07 07:49:37 --> Footer[4] Pagination ligne 1120 | Page 22/43
DEBUG - 2026-09-07 07:49:37 --> Signature bloc de M1113 à O1118
DEBUG - 2026-09-07 07:49:37 --> Ajout saut de page après ligne 1121
DEBUG - 2026-09-07 07:49:37 --> Insertion données page 23 et ligne 1135
DEBUG - 2026-09-07 07:49:37 --> Totaux page 23 => HT: 80236 | TVA: 323 | TTC: 80559
DEBUG - 2026-09-07 07:49:37 --> Insertion footer à partir de ligne 1167
DEBUG - 2026-09-07 07:49:37 --> Footer[0] ligne 1167 : Bon à savoir / Good to know
DEBUG - 2026-09-07 07:49:37 --> Footer[1] ligne 1168 (fond vert)
DEBUG - 2026-09-07 07:49:37 --> Footer[2] ligne 1169 (italic bleu)
DEBUG - 2026-09-07 07:49:37 --> Footer[3] ENERGIZING à M1170:O1170
DEBUG - 2026-09-07 07:49:37 --> Footer[4] Pagination ligne 1171 | Page 23/43
DEBUG - 2026-09-07 07:49:37 --> Signature bloc de M1164 à O1169
DEBUG - 2026-09-07 07:49:37 --> Ajout saut de page après ligne 1172
DEBUG - 2026-09-07 07:49:37 --> Insertion données page 24 et ligne 1186
DEBUG - 2026-09-07 07:49:37 --> Totaux page 24 => HT: 163845 | TVA: 12059 | TTC: 175904
DEBUG - 2026-09-07 07:49:37 --> Insertion footer à partir de ligne 1218
DEBUG - 2026-09-07 07:49:37 --> Footer[0] ligne 1218 : Bon à savoir / Good to know
DEBUG - 2026-09-07 07:49:37 --> Footer[1] ligne 1219 (fond vert)
DEBUG - 2026-09-07 07:49:37 --> Footer[2] ligne 1220 (italic bleu)
DEBUG - 2026-09-07 07:49:37 --> Footer[3] ENERGIZING à M1221:O1221
DEBUG - 2026-09-07 07:49:37 --> Footer[4] Pagination ligne 1222 | Page 24/43
DEBUG - 2026-09-07 07:49:37 --> Signature bloc de M1215 à O1220
DEBUG - 2026-09-07 07:49:37 --> Ajout saut de page après ligne 1223
DEBUG - 2026-09-07 07:49:37 --> Insertion données page 25 et ligne 1237
DEBUG - 2026-09-07 07:49:37 --> Totaux page 25 => HT: 111862 | TVA: 8303 | TTC: 120165
DEBUG - 2026-09-07 07:49:37 --> Insertion footer à partir de ligne 1269
DEBUG - 2026-09-07 07:49:37 --> Footer[0] ligne 1269 : Bon à savoir / Good to know
DEBUG - 2026-09-07 07:49:37 --> Footer[1] ligne 1270 (fond vert)
DEBUG - 2026-09-07 07:49:37 --> Footer[2] ligne 1271 (italic bleu)
DEBUG - 2026-09-07 07:49:37 --> Footer[3] ENERGIZING à M1272:O1272
DEBUG - 2026-09-07 07:49:37 --> Footer[4] Pagination ligne 1273 | Page 25/43
DEBUG - 2026-09-07 07:49:37 --> Signature bloc de M1266 à O1271
DEBUG - 2026-09-07 07:49:37 --> Ajout saut de page après ligne 1274
DEBUG - 2026-09-07 07:49:37 --> Insertion données page 26 et ligne 1288
DEBUG - 2026-09-07 07:49:37 --> Totaux page 26 => HT: 209891 | TVA: 29553 | TTC: 239444
DEBUG - 2026-09-07 07:49:37 --> Insertion footer à partir de ligne 1320
DEBUG - 2026-09-07 07:49:37 --> Footer[0] ligne 1320 : Bon à savoir / Good to know
DEBUG - 2026-09-07 07:49:37 --> Footer[1] ligne 1321 (fond vert)
DEBUG - 2026-09-07 07:49:37 --> Footer[2] ligne 1322 (italic bleu)
DEBUG - 2026-09-07 07:49:37 --> Footer[3] ENERGIZING à M1323:O1323
DEBUG - 2026-09-07 07:49:37 --> Footer[4] Pagination ligne 1324 | Page 26/43
DEBUG - 2026-09-07 07:49:37 --> Signature bloc de M1317 à O1322
DEBUG - 2026-09-07 07:49:37 --> Ajout saut de page après ligne 1325
DEBUG - 2026-09-07 07:49:37 --> Insertion données page 27 et ligne 1339
DEBUG - 2026-09-07 07:49:37 --> Totaux page 27 => HT: 233914 | TVA: 25518 | TTC: 259432
DEBUG - 2026-09-07 07:49:37 --> Insertion footer à partir de ligne 1371
DEBUG - 2026-09-07 07:49:37 --> Footer[0] ligne 1371 : Bon à savoir / Good to know
DEBUG - 2026-09-07 07:49:37 --> Footer[1] ligne 1372 (fond vert)
DEBUG - 2026-09-07 07:49:37 --> Footer[2] ligne 1373 (italic bleu)
DEBUG - 2026-09-07 07:49:37 --> Footer[3] ENERGIZING à M1374:O1374
DEBUG - 2026-09-07 07:49:37 --> Footer[4] Pagination ligne 1375 | Page 27/43
DEBUG - 2026-09-07 07:49:37 --> Signature bloc de M1368 à O1373
DEBUG - 2026-09-07 07:49:37 --> Ajout saut de page après ligne 1376
DEBUG - 2026-09-07 07:49:37 --> Insertion données page 28 et ligne 1390
DEBUG - 2026-09-07 07:49:37 --> Totaux page 28 => HT: 112864 | TVA: 0 | TTC: 112864
DEBUG - 2026-09-07 07:49:37 --> Insertion footer à partir de ligne 1422
DEBUG - 2026-09-07 07:49:37 --> Footer[0] ligne 1422 : Bon à savoir / Good to know
DEBUG - 2026-09-07 07:49:37 --> Footer[1] ligne 1423 (fond vert)
DEBUG - 2026-09-07 07:49:37 --> Footer[2] ligne 1424 (italic bleu)
DEBUG - 2026-09-07 07:49:37 --> Footer[3] ENERGIZING à M1425:O1425
DEBUG - 2026-09-07 07:49:37 --> Footer[4] Pagination ligne 1426 | Page 28/43
DEBUG - 2026-09-07 07:49:37 --> Signature bloc de M1419 à O1424
DEBUG - 2026-09-07 07:49:37 --> Ajout saut de page après ligne 1427
DEBUG - 2026-09-07 07:49:37 --> Insertion données page 29 et ligne 1441
DEBUG - 2026-09-07 07:49:38 --> Totaux page 29 => HT: 126965 | TVA: 8060 | TTC: 135025
DEBUG - 2026-09-07 07:49:38 --> Insertion footer à partir de ligne 1473
DEBUG - 2026-09-07 07:49:38 --> Footer[0] ligne 1473 : Bon à savoir / Good to know
DEBUG - 2026-09-07 07:49:38 --> Footer[1] ligne 1474 (fond vert)
DEBUG - 2026-09-07 07:49:38 --> Footer[2] ligne 1475 (italic bleu)
DEBUG - 2026-09-07 07:49:38 --> Footer[3] ENERGIZING à M1476:O1476
DEBUG - 2026-09-07 07:49:38 --> Footer[4] Pagination ligne 1477 | Page 29/43
DEBUG - 2026-09-07 07:49:38 --> Signature bloc de M1470 à O1475
DEBUG - 2026-09-07 07:49:38 --> Ajout saut de page après ligne 1478
DEBUG - 2026-09-07 07:49:38 --> Insertion données page 30 et ligne 1492
DEBUG - 2026-09-07 07:49:38 --> Totaux page 30 => HT: 76586 | TVA: 1116 | TTC: 77702
DEBUG - 2026-09-07 07:49:38 --> Insertion footer à partir de ligne 1524
DEBUG - 2026-09-07 07:49:38 --> Footer[0] ligne 1524 : Bon à savoir / Good to know
DEBUG - 2026-09-07 07:49:38 --> Footer[1] ligne 1525 (fond vert)
DEBUG - 2026-09-07 07:49:38 --> Footer[2] ligne 1526 (italic bleu)
DEBUG - 2026-09-07 07:49:38 --> Footer[3] ENERGIZING à M1527:O1527
DEBUG - 2026-09-07 07:49:38 --> Footer[4] Pagination ligne 1528 | Page 30/43
DEBUG - 2026-09-07 07:49:38 --> Signature bloc de M1521 à O1526
DEBUG - 2026-09-07 07:49:38 --> Ajout saut de page après ligne 1529
DEBUG - 2026-09-07 07:49:38 --> Insertion données page 31 et ligne 1543
DEBUG - 2026-09-07 07:49:38 --> Totaux page 31 => HT: 174178 | TVA: 14753 | TTC: 188931
DEBUG - 2026-09-07 07:49:38 --> Insertion footer à partir de ligne 1575
DEBUG - 2026-09-07 07:49:38 --> Footer[0] ligne 1575 : Bon à savoir / Good to know
DEBUG - 2026-09-07 07:49:38 --> Footer[1] ligne 1576 (fond vert)
DEBUG - 2026-09-07 07:49:38 --> Footer[2] ligne 1577 (italic bleu)
DEBUG - 2026-09-07 07:49:38 --> Footer[3] ENERGIZING à M1578:O1578
DEBUG - 2026-09-07 07:49:38 --> Footer[4] Pagination ligne 1579 | Page 31/43
DEBUG - 2026-09-07 07:49:38 --> Signature bloc de M1572 à O1577
DEBUG - 2026-09-07 07:49:38 --> Ajout saut de page après ligne 1580
DEBUG - 2026-09-07 07:49:38 --> Insertion données page 32 et ligne 1594
DEBUG - 2026-09-07 07:49:38 --> Totaux page 32 => HT: 263130 | TVA: 31056 | TTC: 294186
DEBUG - 2026-09-07 07:49:38 --> Insertion footer à partir de ligne 1626
DEBUG - 2026-09-07 07:49:38 --> Footer[0] ligne 1626 : Bon à savoir / Good to know
DEBUG - 2026-09-07 07:49:38 --> Footer[1] ligne 1627 (fond vert)
DEBUG - 2026-09-07 07:49:38 --> Footer[2] ligne 1628 (italic bleu)
DEBUG - 2026-09-07 07:49:38 --> Footer[3] ENERGIZING à M1629:O1629
DEBUG - 2026-09-07 07:49:38 --> Footer[4] Pagination ligne 1630 | Page 32/43
DEBUG - 2026-09-07 07:49:38 --> Signature bloc de M1623 à O1628
DEBUG - 2026-09-07 07:49:38 --> Ajout saut de page après ligne 1631
DEBUG - 2026-09-07 07:49:38 --> Insertion données page 33 et ligne 1645
DEBUG - 2026-09-07 07:49:38 --> Totaux page 33 => HT: 365200 | TVA: 55432 | TTC: 420632
DEBUG - 2026-09-07 07:49:38 --> Insertion footer à partir de ligne 1677
DEBUG - 2026-09-07 07:49:38 --> Footer[0] ligne 1677 : Bon à savoir / Good to know
DEBUG - 2026-09-07 07:49:38 --> Footer[1] ligne 1678 (fond vert)
DEBUG - 2026-09-07 07:49:38 --> Footer[2] ligne 1679 (italic bleu)
DEBUG - 2026-09-07 07:49:38 --> Footer[3] ENERGIZING à M1680:O1680
DEBUG - 2026-09-07 07:49:38 --> Footer[4] Pagination ligne 1681 | Page 33/43
DEBUG - 2026-09-07 07:49:38 --> Signature bloc de M1674 à O1679
DEBUG - 2026-09-07 07:49:38 --> Ajout saut de page après ligne 1682
DEBUG - 2026-09-07 07:49:38 --> Insertion données page 34 et ligne 1696
DEBUG - 2026-09-07 07:49:38 --> Totaux page 34 => HT: 83818 | TVA: 0 | TTC: 83818
DEBUG - 2026-09-07 07:49:38 --> Insertion footer à partir de ligne 1728
DEBUG - 2026-09-07 07:49:38 --> Footer[0] ligne 1728 : Bon à savoir / Good to know
DEBUG - 2026-09-07 07:49:38 --> Footer[1] ligne 1729 (fond vert)
DEBUG - 2026-09-07 07:49:38 --> Footer[2] ligne 1730 (italic bleu)
DEBUG - 2026-09-07 07:49:38 --> Footer[3] ENERGIZING à M1731:O1731
DEBUG - 2026-09-07 07:49:38 --> Footer[4] Pagination ligne 1732 | Page 34/43
DEBUG - 2026-09-07 07:49:38 --> Signature bloc de M1725 à O1730
DEBUG - 2026-09-07 07:49:38 --> Ajout saut de page après ligne 1733
DEBUG - 2026-09-07 07:49:38 --> Insertion données page 35 et ligne 1747
DEBUG - 2026-09-07 07:49:38 --> Totaux page 35 => HT: 1371848 | TVA: 246460 | TTC: 1618308
DEBUG - 2026-09-07 07:49:38 --> Insertion footer à partir de ligne 1779
DEBUG - 2026-09-07 07:49:38 --> Footer[0] ligne 1779 : Bon à savoir / Good to know
DEBUG - 2026-09-07 07:49:38 --> Footer[1] ligne 1780 (fond vert)
DEBUG - 2026-09-07 07:49:38 --> Footer[2] ligne 1781 (italic bleu)
DEBUG - 2026-09-07 07:49:38 --> Footer[3] ENERGIZING à M1782:O1782
DEBUG - 2026-09-07 07:49:38 --> Footer[4] Pagination ligne 1783 | Page 35/43
DEBUG - 2026-09-07 07:49:38 --> Signature bloc de M1776 à O1781
DEBUG - 2026-09-07 07:49:38 --> Ajout saut de page après ligne 1784
DEBUG - 2026-09-07 07:49:38 --> Insertion données page 36 et ligne 1798
DEBUG - 2026-09-07 07:49:38 --> Totaux page 36 => HT: 152559 | TVA: 5353 | TTC: 157912
DEBUG - 2026-09-07 07:49:38 --> Insertion footer à partir de ligne 1830
DEBUG - 2026-09-07 07:49:38 --> Footer[0] ligne 1830 : Bon à savoir / Good to know
DEBUG - 2026-09-07 07:49:38 --> Footer[1] ligne 1831 (fond vert)
DEBUG - 2026-09-07 07:49:38 --> Footer[2] ligne 1832 (italic bleu)
DEBUG - 2026-09-07 07:49:38 --> Footer[3] ENERGIZING à M1833:O1833
DEBUG - 2026-09-07 07:49:38 --> Footer[4] Pagination ligne 1834 | Page 36/43
DEBUG - 2026-09-07 07:49:38 --> Signature bloc de M1827 à O1832
DEBUG - 2026-09-07 07:49:38 --> Ajout saut de page après ligne 1835
DEBUG - 2026-09-07 07:49:38 --> Insertion données page 37 et ligne 1849
DEBUG - 2026-09-07 07:49:38 --> Totaux page 37 => HT: 99302 | TVA: 4365 | TTC: 103667
DEBUG - 2026-09-07 07:49:38 --> Insertion footer à partir de ligne 1881
DEBUG - 2026-09-07 07:49:38 --> Footer[0] ligne 1881 : Bon à savoir / Good to know
DEBUG - 2026-09-07 07:49:38 --> Footer[1] ligne 1882 (fond vert)
DEBUG - 2026-09-07 07:49:38 --> Footer[2] ligne 1883 (italic bleu)
DEBUG - 2026-09-07 07:49:38 --> Footer[3] ENERGIZING à M1884:O1884
DEBUG - 2026-09-07 07:49:38 --> Footer[4] Pagination ligne 1885 | Page 37/43
DEBUG - 2026-09-07 07:49:38 --> Signature bloc de M1878 à O1883
DEBUG - 2026-09-07 07:49:38 --> Ajout saut de page après ligne 1886
DEBUG - 2026-09-07 07:49:38 --> Insertion données page 38 et ligne 1900
DEBUG - 2026-09-07 07:49:38 --> Totaux page 38 => HT: 163782 | TVA: 14462 | TTC: 178244
DEBUG - 2026-09-07 07:49:38 --> Insertion footer à partir de ligne 1932
DEBUG - 2026-09-07 07:49:38 --> Footer[0] ligne 1932 : Bon à savoir / Good to know
DEBUG - 2026-09-07 07:49:38 --> Footer[1] ligne 1933 (fond vert)
DEBUG - 2026-09-07 07:49:38 --> Footer[2] ligne 1934 (italic bleu)
DEBUG - 2026-09-07 07:49:38 --> Footer[3] ENERGIZING à M1935:O1935
DEBUG - 2026-09-07 07:49:38 --> Footer[4] Pagination ligne 1936 | Page 38/43
DEBUG - 2026-09-07 07:49:38 --> Signature bloc de M1929 à O1934
DEBUG - 2026-09-07 07:49:38 --> Ajout saut de page après ligne 1937
DEBUG - 2026-09-07 07:49:38 --> Insertion données page 39 et ligne 1951
DEBUG - 2026-09-07 07:49:38 --> Totaux page 39 => HT: 119448 | TVA: 2267 | TTC: 121715
DEBUG - 2026-09-07 07:49:38 --> Insertion footer à partir de ligne 1983
DEBUG - 2026-09-07 07:49:38 --> Footer[0] ligne 1983 : Bon à savoir / Good to know
DEBUG - 2026-09-07 07:49:38 --> Footer[1] ligne 1984 (fond vert)
DEBUG - 2026-09-07 07:49:38 --> Footer[2] ligne 1985 (italic bleu)
DEBUG - 2026-09-07 07:49:38 --> Footer[3] ENERGIZING à M1986:O1986
DEBUG - 2026-09-07 07:49:38 --> Footer[4] Pagination ligne 1987 | Page 39/43
DEBUG - 2026-09-07 07:49:38 --> Signature bloc de M1980 à O1985
DEBUG - 2026-09-07 07:49:38 --> Ajout saut de page après ligne 1988
DEBUG - 2026-09-07 07:49:38 --> Insertion données page 40 et ligne 2002
DEBUG - 2026-09-07 07:49:38 --> Totaux page 40 => HT: 391342 | TVA: 51153 | TTC: 442495
DEBUG - 2026-09-07 07:49:38 --> Insertion footer à partir de ligne 2034
DEBUG - 2026-09-07 07:49:38 --> Footer[0] ligne 2034 : Bon à savoir / Good to know
DEBUG - 2026-09-07 07:49:38 --> Footer[1] ligne 2035 (fond vert)
DEBUG - 2026-09-07 07:49:38 --> Footer[2] ligne 2036 (italic bleu)
DEBUG - 2026-09-07 07:49:38 --> Footer[3] ENERGIZING à M2037:O2037
DEBUG - 2026-09-07 07:49:38 --> Footer[4] Pagination ligne 2038 | Page 40/43
DEBUG - 2026-09-07 07:49:38 --> Signature bloc de M2031 à O2036
DEBUG - 2026-09-07 07:49:38 --> Ajout saut de page après ligne 2039
DEBUG - 2026-09-07 07:49:38 --> Insertion données page 41 et ligne 2053
DEBUG - 2026-09-07 07:49:38 --> Totaux page 41 => HT: 248833 | TVA: 32866 | TTC: 281699
DEBUG - 2026-09-07 07:49:38 --> Insertion footer à partir de ligne 2085
DEBUG - 2026-09-07 07:49:38 --> Footer[0] ligne 2085 : Bon à savoir / Good to know
DEBUG - 2026-09-07 07:49:38 --> Footer[1] ligne 2086 (fond vert)
DEBUG - 2026-09-07 07:49:38 --> Footer[2] ligne 2087 (italic bleu)
DEBUG - 2026-09-07 07:49:38 --> Footer[3] ENERGIZING à M2088:O2088
DEBUG - 2026-09-07 07:49:38 --> Footer[4] Pagination ligne 2089 | Page 41/43
DEBUG - 2026-09-07 07:49:38 --> Signature bloc de M2082 à O2087
DEBUG - 2026-09-07 07:49:38 --> Ajout saut de page après ligne 2090
DEBUG - 2026-09-07 07:49:38 --> Insertion données page 42 et ligne 2104
DEBUG - 2026-09-07 07:49:38 --> Totaux page 42 => HT: 106405 | TVA: 9872 | TTC: 116277
DEBUG - 2026-09-07 07:49:38 --> Insertion footer à partir de ligne 2136
DEBUG - 2026-09-07 07:49:38 --> Footer[0] ligne 2136 : Bon à savoir / Good to know
DEBUG - 2026-09-07 07:49:38 --> Footer[1] ligne 2137 (fond vert)
DEBUG - 2026-09-07 07:49:38 --> Footer[2] ligne 2138 (italic bleu)
DEBUG - 2026-09-07 07:49:38 --> Footer[3] ENERGIZING à M2139:O2139
DEBUG - 2026-09-07 07:49:38 --> Footer[4] Pagination ligne 2140 | Page 42/43
DEBUG - 2026-09-07 07:49:38 --> Signature bloc de M2133 à O2138
DEBUG - 2026-09-07 07:49:38 --> Ajout saut de page après ligne 2141
DEBUG - 2026-09-07 07:49:38 --> Insertion données page 43 et ligne 2155
DEBUG - 2026-09-07 07:49:38 --> Totaux page 43 => HT: 19545 | TVA: 0 | TTC: 19545
DEBUG - 2026-09-07 07:49:38 --> ==============================
DEBUG - 2026-09-07 07:49:38 --> TOTAL GLOBAL
DEBUG - 2026-09-07 07:49:38 --> HT  = 8986079
DEBUG - 2026-09-07 07:49:38 --> TVA = 954646
DEBUG - 2026-09-07 07:49:38 --> TTC = 9940725
DEBUG - 2026-09-07 07:49:38 --> DUE = 9919457
DEBUG - 2026-09-07 07:49:38 --> ==============================
DEBUG - 2026-09-07 07:49:38 --> Insertion footer à partir de ligne 2169
DEBUG - 2026-09-07 07:49:38 --> Footer[0] ligne 2169 : Bon à savoir / Good to know
DEBUG - 2026-09-07 07:49:38 --> Footer[1] ligne 2170 (fond vert)
DEBUG - 2026-09-07 07:49:38 --> Footer[2] ligne 2171 (italic bleu)
DEBUG - 2026-09-07 07:49:38 --> Footer[3] ENERGIZING à M2172:O2172
DEBUG - 2026-09-07 07:49:38 --> Footer[4] Pagination ligne 2173 | Page 43/43
DEBUG - 2026-09-07 07:49:38 --> Signature bloc de M2166 à O2171
DEBUG - 2026-09-07 07:49:38 --> Insertion données page 1 et ligne 13
DEBUG - 2026-09-07 07:49:38 --> Totaux page 1 => HT: 12574873 | TVA: 2420663 | TTC: 14995536
DEBUG - 2026-09-07 07:49:38 --> Insertion footer à partir de ligne 45
DEBUG - 2026-09-07 07:49:38 --> Footer[0] ligne 45 : Bon à savoir / Good to know
DEBUG - 2026-09-07 07:49:38 --> Footer[1] ligne 46 (fond vert)
DEBUG - 2026-09-07 07:49:38 --> Footer[2] ligne 47 (italic bleu)
DEBUG - 2026-09-07 07:49:38 --> Footer[3] ENERGIZING à M48:O48
DEBUG - 2026-09-07 07:49:38 --> Footer[4] Pagination ligne 49 | Page 1/63
DEBUG - 2026-09-07 07:49:38 --> Signature bloc de M42 à O47
DEBUG - 2026-09-07 07:49:38 --> Ajout saut de page après ligne 50
DEBUG - 2026-09-07 07:49:38 --> Insertion données page 2 et ligne 64
DEBUG - 2026-09-07 07:49:38 --> Totaux page 2 => HT: 12784037 | TVA: 2460925 | TTC: 15244962
DEBUG - 2026-09-07 07:49:38 --> Insertion footer à partir de ligne 96
DEBUG - 2026-09-07 07:49:38 --> Footer[0] ligne 96 : Bon à savoir / Good to know
DEBUG - 2026-09-07 07:49:38 --> Footer[1] ligne 97 (fond vert)
DEBUG - 2026-09-07 07:49:38 --> Footer[2] ligne 98 (italic bleu)
DEBUG - 2026-09-07 07:49:38 --> Footer[3] ENERGIZING à M99:O99
DEBUG - 2026-09-07 07:49:38 --> Footer[4] Pagination ligne 100 | Page 2/63
DEBUG - 2026-09-07 07:49:38 --> Signature bloc de M93 à O98
DEBUG - 2026-09-07 07:49:38 --> Ajout saut de page après ligne 101
DEBUG - 2026-09-07 07:49:38 --> Insertion données page 3 et ligne 115
DEBUG - 2026-09-07 07:49:38 --> Totaux page 3 => HT: 15169277 | TVA: 2920085 | TTC: 18089362
DEBUG - 2026-09-07 07:49:38 --> Insertion footer à partir de ligne 147
DEBUG - 2026-09-07 07:49:38 --> Footer[0] ligne 147 : Bon à savoir / Good to know
DEBUG - 2026-09-07 07:49:38 --> Footer[1] ligne 148 (fond vert)
DEBUG - 2026-09-07 07:49:38 --> Footer[2] ligne 149 (italic bleu)
DEBUG - 2026-09-07 07:49:38 --> Footer[3] ENERGIZING à M150:O150
DEBUG - 2026-09-07 07:49:38 --> Footer[4] Pagination ligne 151 | Page 3/63
DEBUG - 2026-09-07 07:49:38 --> Signature bloc de M144 à O149
DEBUG - 2026-09-07 07:49:38 --> Ajout saut de page après ligne 152
DEBUG - 2026-09-07 07:49:38 --> Insertion données page 4 et ligne 166
DEBUG - 2026-09-07 07:49:38 --> Totaux page 4 => HT: 13453826 | TVA: 2589861 | TTC: 16043687
DEBUG - 2026-09-07 07:49:38 --> Insertion footer à partir de ligne 198
DEBUG - 2026-09-07 07:49:38 --> Footer[0] ligne 198 : Bon à savoir / Good to know
DEBUG - 2026-09-07 07:49:38 --> Footer[1] ligne 199 (fond vert)
DEBUG - 2026-09-07 07:49:38 --> Footer[2] ligne 200 (italic bleu)
DEBUG - 2026-09-07 07:49:38 --> Footer[3] ENERGIZING à M201:O201
DEBUG - 2026-09-07 07:49:38 --> Footer[4] Pagination ligne 202 | Page 4/63
DEBUG - 2026-09-07 07:49:38 --> Signature bloc de M195 à O200
DEBUG - 2026-09-07 07:49:38 --> Ajout saut de page après ligne 203
DEBUG - 2026-09-07 07:49:38 --> Insertion données page 5 et ligne 217
DEBUG - 2026-09-07 07:49:38 --> Totaux page 5 => HT: 10128731 | TVA: 1949783 | TTC: 12078514
DEBUG - 2026-09-07 07:49:38 --> Insertion footer à partir de ligne 249
DEBUG - 2026-09-07 07:49:38 --> Footer[0] ligne 249 : Bon à savoir / Good to know
DEBUG - 2026-09-07 07:49:38 --> Footer[1] ligne 250 (fond vert)
DEBUG - 2026-09-07 07:49:38 --> Footer[2] ligne 251 (italic bleu)
DEBUG - 2026-09-07 07:49:38 --> Footer[3] ENERGIZING à M252:O252
DEBUG - 2026-09-07 07:49:38 --> Footer[4] Pagination ligne 253 | Page 5/63
DEBUG - 2026-09-07 07:49:38 --> Signature bloc de M246 à O251
DEBUG - 2026-09-07 07:49:38 --> Ajout saut de page après ligne 254
DEBUG - 2026-09-07 07:49:38 --> Insertion données page 6 et ligne 268
DEBUG - 2026-09-07 07:49:38 --> Totaux page 6 => HT: 10433297 | TVA: 2008410 | TTC: 12441707
DEBUG - 2026-09-07 07:49:38 --> Insertion footer à partir de ligne 300
DEBUG - 2026-09-07 07:49:38 --> Footer[0] ligne 300 : Bon à savoir / Good to know
DEBUG - 2026-09-07 07:49:38 --> Footer[1] ligne 301 (fond vert)
DEBUG - 2026-09-07 07:49:38 --> Footer[2] ligne 302 (italic bleu)
DEBUG - 2026-09-07 07:49:38 --> Footer[3] ENERGIZING à M303:O303
DEBUG - 2026-09-07 07:49:38 --> Footer[4] Pagination ligne 304 | Page 6/63
DEBUG - 2026-09-07 07:49:38 --> Signature bloc de M297 à O302
DEBUG - 2026-09-07 07:49:38 --> Ajout saut de page après ligne 305
DEBUG - 2026-09-07 07:49:38 --> Insertion données page 7 et ligne 319
DEBUG - 2026-09-07 07:49:38 --> Totaux page 7 => HT: 11759123 | TVA: 2263631 | TTC: 14022754
DEBUG - 2026-09-07 07:49:38 --> Insertion footer à partir de ligne 351
DEBUG - 2026-09-07 07:49:38 --> Footer[0] ligne 351 : Bon à savoir / Good to know
DEBUG - 2026-09-07 07:49:38 --> Footer[1] ligne 352 (fond vert)
DEBUG - 2026-09-07 07:49:38 --> Footer[2] ligne 353 (italic bleu)
DEBUG - 2026-09-07 07:49:38 --> Footer[3] ENERGIZING à M354:O354
DEBUG - 2026-09-07 07:49:38 --> Footer[4] Pagination ligne 355 | Page 7/63
DEBUG - 2026-09-07 07:49:38 --> Signature bloc de M348 à O353
DEBUG - 2026-09-07 07:49:38 --> Ajout saut de page après ligne 356
DEBUG - 2026-09-07 07:49:38 --> Insertion données page 8 et ligne 370
DEBUG - 2026-09-07 07:49:38 --> Totaux page 8 => HT: 7313759 | TVA: 1407900 | TTC: 8721659
DEBUG - 2026-09-07 07:49:38 --> Insertion footer à partir de ligne 402
DEBUG - 2026-09-07 07:49:38 --> Footer[0] ligne 402 : Bon à savoir / Good to know
DEBUG - 2026-09-07 07:49:38 --> Footer[1] ligne 403 (fond vert)
DEBUG - 2026-09-07 07:49:38 --> Footer[2] ligne 404 (italic bleu)
DEBUG - 2026-09-07 07:49:38 --> Footer[3] ENERGIZING à M405:O405
DEBUG - 2026-09-07 07:49:38 --> Footer[4] Pagination ligne 406 | Page 8/63
DEBUG - 2026-09-07 07:49:38 --> Signature bloc de M399 à O404
DEBUG - 2026-09-07 07:49:38 --> Ajout saut de page après ligne 407
DEBUG - 2026-09-07 07:49:38 --> Insertion données page 9 et ligne 421
DEBUG - 2026-09-07 07:49:38 --> Totaux page 9 => HT: 12204005 | TVA: 2349271 | TTC: 14553276
DEBUG - 2026-09-07 07:49:38 --> Insertion footer à partir de ligne 453
DEBUG - 2026-09-07 07:49:38 --> Footer[0] ligne 453 : Bon à savoir / Good to know
DEBUG - 2026-09-07 07:49:38 --> Footer[1] ligne 454 (fond vert)
DEBUG - 2026-09-07 07:49:38 --> Footer[2] ligne 455 (italic bleu)
DEBUG - 2026-09-07 07:49:38 --> Footer[3] ENERGIZING à M456:O456
DEBUG - 2026-09-07 07:49:38 --> Footer[4] Pagination ligne 457 | Page 9/63
DEBUG - 2026-09-07 07:49:38 --> Signature bloc de M450 à O455
DEBUG - 2026-09-07 07:49:38 --> Ajout saut de page après ligne 458
DEBUG - 2026-09-07 07:49:38 --> Insertion données page 10 et ligne 472
DEBUG - 2026-09-07 07:49:39 --> Totaux page 10 => HT: 13304906 | TVA: 2561199 | TTC: 15866105
DEBUG - 2026-09-07 07:49:39 --> Insertion footer à partir de ligne 504
DEBUG - 2026-09-07 07:49:39 --> Footer[0] ligne 504 : Bon à savoir / Good to know
DEBUG - 2026-09-07 07:49:39 --> Footer[1] ligne 505 (fond vert)
DEBUG - 2026-09-07 07:49:39 --> Footer[2] ligne 506 (italic bleu)
DEBUG - 2026-09-07 07:49:39 --> Footer[3] ENERGIZING à M507:O507
DEBUG - 2026-09-07 07:49:39 --> Footer[4] Pagination ligne 508 | Page 10/63
DEBUG - 2026-09-07 07:49:39 --> Signature bloc de M501 à O506
DEBUG - 2026-09-07 07:49:39 --> Ajout saut de page après ligne 509
DEBUG - 2026-09-07 07:49:39 --> Insertion données page 11 et ligne 523
DEBUG - 2026-09-07 07:49:39 --> Totaux page 11 => HT: 12667697 | TVA: 2438532 | TTC: 15106229
DEBUG - 2026-09-07 07:49:39 --> Insertion footer à partir de ligne 555
DEBUG - 2026-09-07 07:49:39 --> Footer[0] ligne 555 : Bon à savoir / Good to know
DEBUG - 2026-09-07 07:49:39 --> Footer[1] ligne 556 (fond vert)
DEBUG - 2026-09-07 07:49:39 --> Footer[2] ligne 557 (italic bleu)
DEBUG - 2026-09-07 07:49:39 --> Footer[3] ENERGIZING à M558:O558
DEBUG - 2026-09-07 07:49:39 --> Footer[4] Pagination ligne 559 | Page 11/63
DEBUG - 2026-09-07 07:49:39 --> Signature bloc de M552 à O557
DEBUG - 2026-09-07 07:49:39 --> Ajout saut de page après ligne 560
DEBUG - 2026-09-07 07:49:39 --> Insertion données page 12 et ligne 574
DEBUG - 2026-09-07 07:49:39 --> Totaux page 12 => HT: 9832917 | TVA: 1892838 | TTC: 11725755
DEBUG - 2026-09-07 07:49:39 --> Insertion footer à partir de ligne 606
DEBUG - 2026-09-07 07:49:39 --> Footer[0] ligne 606 : Bon à savoir / Good to know
DEBUG - 2026-09-07 07:49:39 --> Footer[1] ligne 607 (fond vert)
DEBUG - 2026-09-07 07:49:39 --> Footer[2] ligne 608 (italic bleu)
DEBUG - 2026-09-07 07:49:39 --> Footer[3] ENERGIZING à M609:O609
DEBUG - 2026-09-07 07:49:39 --> Footer[4] Pagination ligne 610 | Page 12/63
DEBUG - 2026-09-07 07:49:39 --> Signature bloc de M603 à O608
DEBUG - 2026-09-07 07:49:39 --> Ajout saut de page après ligne 611
DEBUG - 2026-09-07 07:49:39 --> Insertion données page 13 et ligne 625
DEBUG - 2026-09-07 07:49:39 --> Totaux page 13 => HT: 12618949 | TVA: 2429148 | TTC: 15048097
DEBUG - 2026-09-07 07:49:39 --> Insertion footer à partir de ligne 657
DEBUG - 2026-09-07 07:49:39 --> Footer[0] ligne 657 : Bon à savoir / Good to know
DEBUG - 2026-09-07 07:49:39 --> Footer[1] ligne 658 (fond vert)
DEBUG - 2026-09-07 07:49:39 --> Footer[2] ligne 659 (italic bleu)
DEBUG - 2026-09-07 07:49:39 --> Footer[3] ENERGIZING à M660:O660
DEBUG - 2026-09-07 07:49:39 --> Footer[4] Pagination ligne 661 | Page 13/63
DEBUG - 2026-09-07 07:49:39 --> Signature bloc de M654 à O659
DEBUG - 2026-09-07 07:49:39 --> Ajout saut de page après ligne 662
DEBUG - 2026-09-07 07:49:39 --> Insertion données page 14 et ligne 676
DEBUG - 2026-09-07 07:49:39 --> Totaux page 14 => HT: 11398947 | TVA: 2194288 | TTC: 13593235
DEBUG - 2026-09-07 07:49:39 --> Insertion footer à partir de ligne 708
DEBUG - 2026-09-07 07:49:39 --> Footer[0] ligne 708 : Bon à savoir / Good to know
DEBUG - 2026-09-07 07:49:39 --> Footer[1] ligne 709 (fond vert)
DEBUG - 2026-09-07 07:49:39 --> Footer[2] ligne 710 (italic bleu)
DEBUG - 2026-09-07 07:49:39 --> Footer[3] ENERGIZING à M711:O711
DEBUG - 2026-09-07 07:49:39 --> Footer[4] Pagination ligne 712 | Page 14/63
DEBUG - 2026-09-07 07:49:39 --> Signature bloc de M705 à O710
DEBUG - 2026-09-07 07:49:39 --> Ajout saut de page après ligne 713
DEBUG - 2026-09-07 07:49:39 --> Insertion données page 15 et ligne 727
DEBUG - 2026-09-07 07:49:39 --> Totaux page 15 => HT: 13015257 | TVA: 2505435 | TTC: 15520692
DEBUG - 2026-09-07 07:49:39 --> Insertion footer à partir de ligne 759
DEBUG - 2026-09-07 07:49:39 --> Footer[0] ligne 759 : Bon à savoir / Good to know
DEBUG - 2026-09-07 07:49:39 --> Footer[1] ligne 760 (fond vert)
DEBUG - 2026-09-07 07:49:39 --> Footer[2] ligne 761 (italic bleu)
DEBUG - 2026-09-07 07:49:39 --> Footer[3] ENERGIZING à M762:O762
DEBUG - 2026-09-07 07:49:39 --> Footer[4] Pagination ligne 763 | Page 15/63
DEBUG - 2026-09-07 07:49:39 --> Signature bloc de M756 à O761
DEBUG - 2026-09-07 07:49:39 --> Ajout saut de page après ligne 764
DEBUG - 2026-09-07 07:49:39 --> Insertion données page 16 et ligne 778
DEBUG - 2026-09-07 07:49:39 --> Totaux page 16 => HT: 10594020 | TVA: 2039351 | TTC: 12633371
DEBUG - 2026-09-07 07:49:39 --> Insertion footer à partir de ligne 810
DEBUG - 2026-09-07 07:49:39 --> Footer[0] ligne 810 : Bon à savoir / Good to know
DEBUG - 2026-09-07 07:49:39 --> Footer[1] ligne 811 (fond vert)
DEBUG - 2026-09-07 07:49:39 --> Footer[2] ligne 812 (italic bleu)
DEBUG - 2026-09-07 07:49:39 --> Footer[3] ENERGIZING à M813:O813
DEBUG - 2026-09-07 07:49:39 --> Footer[4] Pagination ligne 814 | Page 16/63
DEBUG - 2026-09-07 07:49:39 --> Signature bloc de M807 à O812
DEBUG - 2026-09-07 07:49:39 --> Ajout saut de page après ligne 815
DEBUG - 2026-09-07 07:49:39 --> Insertion données page 17 et ligne 829
DEBUG - 2026-09-07 07:49:39 --> Totaux page 17 => HT: 10409460 | TVA: 2001635 | TTC: 12411095
DEBUG - 2026-09-07 07:49:39 --> Insertion footer à partir de ligne 861
DEBUG - 2026-09-07 07:49:39 --> Footer[0] ligne 861 : Bon à savoir / Good to know
DEBUG - 2026-09-07 07:49:39 --> Footer[1] ligne 862 (fond vert)
DEBUG - 2026-09-07 07:49:39 --> Footer[2] ligne 863 (italic bleu)
DEBUG - 2026-09-07 07:49:39 --> Footer[3] ENERGIZING à M864:O864
DEBUG - 2026-09-07 07:49:39 --> Footer[4] Pagination ligne 865 | Page 17/63
DEBUG - 2026-09-07 07:49:39 --> Signature bloc de M858 à O863
DEBUG - 2026-09-07 07:49:39 --> Ajout saut de page après ligne 866
DEBUG - 2026-09-07 07:49:39 --> Insertion données page 18 et ligne 880
DEBUG - 2026-09-07 07:49:39 --> Totaux page 18 => HT: 10280458 | TVA: 1978317 | TTC: 12258775
DEBUG - 2026-09-07 07:49:39 --> Insertion footer à partir de ligne 912
DEBUG - 2026-09-07 07:49:39 --> Footer[0] ligne 912 : Bon à savoir / Good to know
DEBUG - 2026-09-07 07:49:39 --> Footer[1] ligne 913 (fond vert)
DEBUG - 2026-09-07 07:49:39 --> Footer[2] ligne 914 (italic bleu)
DEBUG - 2026-09-07 07:49:39 --> Footer[3] ENERGIZING à M915:O915
DEBUG - 2026-09-07 07:49:39 --> Footer[4] Pagination ligne 916 | Page 18/63
DEBUG - 2026-09-07 07:49:39 --> Signature bloc de M909 à O914
DEBUG - 2026-09-07 07:49:39 --> Ajout saut de page après ligne 917
DEBUG - 2026-09-07 07:49:39 --> Insertion données page 19 et ligne 931
DEBUG - 2026-09-07 07:49:39 --> Totaux page 19 => HT: 11254581 | TVA: 2166506 | TTC: 13421087
DEBUG - 2026-09-07 07:49:39 --> Insertion footer à partir de ligne 963
DEBUG - 2026-09-07 07:49:39 --> Footer[0] ligne 963 : Bon à savoir / Good to know
DEBUG - 2026-09-07 07:49:39 --> Footer[1] ligne 964 (fond vert)
DEBUG - 2026-09-07 07:49:39 --> Footer[2] ligne 965 (italic bleu)
DEBUG - 2026-09-07 07:49:39 --> Footer[3] ENERGIZING à M966:O966
DEBUG - 2026-09-07 07:49:39 --> Footer[4] Pagination ligne 967 | Page 19/63
DEBUG - 2026-09-07 07:49:39 --> Signature bloc de M960 à O965
DEBUG - 2026-09-07 07:49:39 --> Ajout saut de page après ligne 968
DEBUG - 2026-09-07 07:49:39 --> Insertion données page 20 et ligne 982
DEBUG - 2026-09-07 07:49:39 --> Totaux page 20 => HT: 13363529 | TVA: 2572479 | TTC: 15936008
DEBUG - 2026-09-07 07:49:39 --> Insertion footer à partir de ligne 1014
DEBUG - 2026-09-07 07:49:39 --> Footer[0] ligne 1014 : Bon à savoir / Good to know
DEBUG - 2026-09-07 07:49:39 --> Footer[1] ligne 1015 (fond vert)
DEBUG - 2026-09-07 07:49:39 --> Footer[2] ligne 1016 (italic bleu)
DEBUG - 2026-09-07 07:49:39 --> Footer[3] ENERGIZING à M1017:O1017
DEBUG - 2026-09-07 07:49:39 --> Footer[4] Pagination ligne 1018 | Page 20/63
DEBUG - 2026-09-07 07:49:39 --> Signature bloc de M1011 à O1016
DEBUG - 2026-09-07 07:49:39 --> Ajout saut de page après ligne 1019
DEBUG - 2026-09-07 07:49:39 --> Insertion données page 21 et ligne 1033
DEBUG - 2026-09-07 07:49:39 --> Totaux page 21 => HT: 11351550 | TVA: 2185173 | TTC: 13536723
DEBUG - 2026-09-07 07:49:39 --> Insertion footer à partir de ligne 1065
DEBUG - 2026-09-07 07:49:39 --> Footer[0] ligne 1065 : Bon à savoir / Good to know
DEBUG - 2026-09-07 07:49:39 --> Footer[1] ligne 1066 (fond vert)
DEBUG - 2026-09-07 07:49:39 --> Footer[2] ligne 1067 (italic bleu)
DEBUG - 2026-09-07 07:49:39 --> Footer[3] ENERGIZING à M1068:O1068
DEBUG - 2026-09-07 07:49:39 --> Footer[4] Pagination ligne 1069 | Page 21/63
DEBUG - 2026-09-07 07:49:39 --> Signature bloc de M1062 à O1067
DEBUG - 2026-09-07 07:49:39 --> Ajout saut de page après ligne 1070
DEBUG - 2026-09-07 07:49:39 --> Insertion données page 22 et ligne 1084
DEBUG - 2026-09-07 07:49:39 --> Totaux page 22 => HT: 13388257 | TVA: 2577240 | TTC: 15965497
DEBUG - 2026-09-07 07:49:39 --> Insertion footer à partir de ligne 1116
DEBUG - 2026-09-07 07:49:39 --> Footer[0] ligne 1116 : Bon à savoir / Good to know
DEBUG - 2026-09-07 07:49:39 --> Footer[1] ligne 1117 (fond vert)
DEBUG - 2026-09-07 07:49:39 --> Footer[2] ligne 1118 (italic bleu)
DEBUG - 2026-09-07 07:49:39 --> Footer[3] ENERGIZING à M1119:O1119
DEBUG - 2026-09-07 07:49:39 --> Footer[4] Pagination ligne 1120 | Page 22/63
DEBUG - 2026-09-07 07:49:39 --> Signature bloc de M1113 à O1118
DEBUG - 2026-09-07 07:49:39 --> Ajout saut de page après ligne 1121
DEBUG - 2026-09-07 07:49:39 --> Insertion données page 23 et ligne 1135
DEBUG - 2026-09-07 07:49:39 --> Totaux page 23 => HT: 8738824 | TVA: 1682223 | TTC: 10421047
DEBUG - 2026-09-07 07:49:39 --> Insertion footer à partir de ligne 1167
DEBUG - 2026-09-07 07:49:39 --> Footer[0] ligne 1167 : Bon à savoir / Good to know
DEBUG - 2026-09-07 07:49:39 --> Footer[1] ligne 1168 (fond vert)
DEBUG - 2026-09-07 07:49:39 --> Footer[2] ligne 1169 (italic bleu)
DEBUG - 2026-09-07 07:49:39 --> Footer[3] ENERGIZING à M1170:O1170
DEBUG - 2026-09-07 07:49:39 --> Footer[4] Pagination ligne 1171 | Page 23/63
DEBUG - 2026-09-07 07:49:39 --> Signature bloc de M1164 à O1169
DEBUG - 2026-09-07 07:49:39 --> Ajout saut de page après ligne 1172
DEBUG - 2026-09-07 07:49:39 --> Insertion données page 24 et ligne 1186
DEBUG - 2026-09-07 07:49:39 --> Totaux page 24 => HT: 11550950 | TVA: 2223557 | TTC: 13774507
DEBUG - 2026-09-07 07:49:39 --> Insertion footer à partir de ligne 1218
DEBUG - 2026-09-07 07:49:39 --> Footer[0] ligne 1218 : Bon à savoir / Good to know
DEBUG - 2026-09-07 07:49:39 --> Footer[1] ligne 1219 (fond vert)
DEBUG - 2026-09-07 07:49:39 --> Footer[2] ligne 1220 (italic bleu)
DEBUG - 2026-09-07 07:49:39 --> Footer[3] ENERGIZING à M1221:O1221
DEBUG - 2026-09-07 07:49:39 --> Footer[4] Pagination ligne 1222 | Page 24/63
DEBUG - 2026-09-07 07:49:39 --> Signature bloc de M1215 à O1220
DEBUG - 2026-09-07 07:49:39 --> Ajout saut de page après ligne 1223
DEBUG - 2026-09-07 07:49:39 --> Insertion données page 25 et ligne 1237
DEBUG - 2026-09-07 07:49:39 --> Totaux page 25 => HT: 10864507 | TVA: 2091416 | TTC: 12955923
DEBUG - 2026-09-07 07:49:39 --> Insertion footer à partir de ligne 1269
DEBUG - 2026-09-07 07:49:39 --> Footer[0] ligne 1269 : Bon à savoir / Good to know
DEBUG - 2026-09-07 07:49:39 --> Footer[1] ligne 1270 (fond vert)
DEBUG - 2026-09-07 07:49:39 --> Footer[2] ligne 1271 (italic bleu)
DEBUG - 2026-09-07 07:49:39 --> Footer[3] ENERGIZING à M1272:O1272
DEBUG - 2026-09-07 07:49:39 --> Footer[4] Pagination ligne 1273 | Page 25/63
DEBUG - 2026-09-07 07:49:39 --> Signature bloc de M1266 à O1271
DEBUG - 2026-09-07 07:49:39 --> Ajout saut de page après ligne 1274
DEBUG - 2026-09-07 07:49:39 --> Insertion données page 26 et ligne 1288
DEBUG - 2026-09-07 07:49:39 --> Totaux page 26 => HT: 11116153 | TVA: 2139859 | TTC: 13256012
DEBUG - 2026-09-07 07:49:39 --> Insertion footer à partir de ligne 1320
DEBUG - 2026-09-07 07:49:39 --> Footer[0] ligne 1320 : Bon à savoir / Good to know
DEBUG - 2026-09-07 07:49:39 --> Footer[1] ligne 1321 (fond vert)
DEBUG - 2026-09-07 07:49:39 --> Footer[2] ligne 1322 (italic bleu)
DEBUG - 2026-09-07 07:49:39 --> Footer[3] ENERGIZING à M1323:O1323
DEBUG - 2026-09-07 07:49:39 --> Footer[4] Pagination ligne 1324 | Page 26/63
DEBUG - 2026-09-07 07:49:39 --> Signature bloc de M1317 à O1322
DEBUG - 2026-09-07 07:49:39 --> Ajout saut de page après ligne 1325
DEBUG - 2026-09-07 07:49:39 --> Insertion données page 27 et ligne 1339
DEBUG - 2026-09-07 07:49:39 --> Totaux page 27 => HT: 12225016 | TVA: 2353317 | TTC: 14578333
DEBUG - 2026-09-07 07:49:39 --> Insertion footer à partir de ligne 1371
DEBUG - 2026-09-07 07:49:39 --> Footer[0] ligne 1371 : Bon à savoir / Good to know
DEBUG - 2026-09-07 07:49:39 --> Footer[1] ligne 1372 (fond vert)
DEBUG - 2026-09-07 07:49:39 --> Footer[2] ligne 1373 (italic bleu)
DEBUG - 2026-09-07 07:49:39 --> Footer[3] ENERGIZING à M1374:O1374
DEBUG - 2026-09-07 07:49:39 --> Footer[4] Pagination ligne 1375 | Page 27/63
DEBUG - 2026-09-07 07:49:39 --> Signature bloc de M1368 à O1373
DEBUG - 2026-09-07 07:49:39 --> Ajout saut de page après ligne 1376
DEBUG - 2026-09-07 07:49:39 --> Insertion données page 28 et ligne 1390
DEBUG - 2026-09-07 07:49:39 --> Totaux page 28 => HT: 10258571 | TVA: 1974776 | TTC: 12233347
DEBUG - 2026-09-07 07:49:39 --> Insertion footer à partir de ligne 1422
DEBUG - 2026-09-07 07:49:39 --> Footer[0] ligne 1422 : Bon à savoir / Good to know
DEBUG - 2026-09-07 07:49:39 --> Footer[1] ligne 1423 (fond vert)
DEBUG - 2026-09-07 07:49:39 --> Footer[2] ligne 1424 (italic bleu)
DEBUG - 2026-09-07 07:49:39 --> Footer[3] ENERGIZING à M1425:O1425
DEBUG - 2026-09-07 07:49:39 --> Footer[4] Pagination ligne 1426 | Page 28/63
DEBUG - 2026-09-07 07:49:39 --> Signature bloc de M1419 à O1424
DEBUG - 2026-09-07 07:49:39 --> Ajout saut de page après ligne 1427
DEBUG - 2026-09-07 07:49:39 --> Insertion données page 29 et ligne 1441
DEBUG - 2026-09-07 07:49:39 --> Totaux page 29 => HT: 11699675 | TVA: 2252188 | TTC: 13951863
DEBUG - 2026-09-07 07:49:39 --> Insertion footer à partir de ligne 1473
DEBUG - 2026-09-07 07:49:39 --> Footer[0] ligne 1473 : Bon à savoir / Good to know
DEBUG - 2026-09-07 07:49:39 --> Footer[1] ligne 1474 (fond vert)
DEBUG - 2026-09-07 07:49:39 --> Footer[2] ligne 1475 (italic bleu)
DEBUG - 2026-09-07 07:49:39 --> Footer[3] ENERGIZING à M1476:O1476
DEBUG - 2026-09-07 07:49:39 --> Footer[4] Pagination ligne 1477 | Page 29/63
DEBUG - 2026-09-07 07:49:39 --> Signature bloc de M1470 à O1475
DEBUG - 2026-09-07 07:49:39 --> Ajout saut de page après ligne 1478
DEBUG - 2026-09-07 07:49:39 --> Insertion données page 30 et ligne 1492
DEBUG - 2026-09-07 07:49:39 --> Totaux page 30 => HT: 9482826 | TVA: 1825446 | TTC: 11308272
DEBUG - 2026-09-07 07:49:39 --> Insertion footer à partir de ligne 1524
DEBUG - 2026-09-07 07:49:39 --> Footer[0] ligne 1524 : Bon à savoir / Good to know
DEBUG - 2026-09-07 07:49:39 --> Footer[1] ligne 1525 (fond vert)
DEBUG - 2026-09-07 07:49:39 --> Footer[2] ligne 1526 (italic bleu)
DEBUG - 2026-09-07 07:49:39 --> Footer[3] ENERGIZING à M1527:O1527
DEBUG - 2026-09-07 07:49:39 --> Footer[4] Pagination ligne 1528 | Page 30/63
DEBUG - 2026-09-07 07:49:39 --> Signature bloc de M1521 à O1526
DEBUG - 2026-09-07 07:49:39 --> Ajout saut de page après ligne 1529
DEBUG - 2026-09-07 07:49:39 --> Insertion données page 31 et ligne 1543
DEBUG - 2026-09-07 07:49:39 --> Totaux page 31 => HT: 10157003 | TVA: 1955224 | TTC: 12112227
DEBUG - 2026-09-07 07:49:39 --> Insertion footer à partir de ligne 1575
DEBUG - 2026-09-07 07:49:39 --> Footer[0] ligne 1575 : Bon à savoir / Good to know
DEBUG - 2026-09-07 07:49:39 --> Footer[1] ligne 1576 (fond vert)
DEBUG - 2026-09-07 07:49:39 --> Footer[2] ligne 1577 (italic bleu)
DEBUG - 2026-09-07 07:49:39 --> Footer[3] ENERGIZING à M1578:O1578
DEBUG - 2026-09-07 07:49:39 --> Footer[4] Pagination ligne 1579 | Page 31/63
DEBUG - 2026-09-07 07:49:39 --> Signature bloc de M1572 à O1577
DEBUG - 2026-09-07 07:49:39 --> Ajout saut de page après ligne 1580
DEBUG - 2026-09-07 07:49:39 --> Insertion données page 32 et ligne 1594
DEBUG - 2026-09-07 07:49:39 --> Totaux page 32 => HT: 6423625 | TVA: 1236548 | TTC: 7660173
DEBUG - 2026-09-07 07:49:39 --> Insertion footer à partir de ligne 1626
DEBUG - 2026-09-07 07:49:39 --> Footer[0] ligne 1626 : Bon à savoir / Good to know
DEBUG - 2026-09-07 07:49:39 --> Footer[1] ligne 1627 (fond vert)
DEBUG - 2026-09-07 07:49:39 --> Footer[2] ligne 1628 (italic bleu)
DEBUG - 2026-09-07 07:49:39 --> Footer[3] ENERGIZING à M1629:O1629
DEBUG - 2026-09-07 07:49:39 --> Footer[4] Pagination ligne 1630 | Page 32/63
DEBUG - 2026-09-07 07:49:39 --> Signature bloc de M1623 à O1628
DEBUG - 2026-09-07 07:49:39 --> Ajout saut de page après ligne 1631
DEBUG - 2026-09-07 07:49:39 --> Insertion données page 33 et ligne 1645
DEBUG - 2026-09-07 07:49:39 --> Totaux page 33 => HT: 11191485 | TVA: 2154361 | TTC: 13345846
DEBUG - 2026-09-07 07:49:39 --> Insertion footer à partir de ligne 1677
DEBUG - 2026-09-07 07:49:39 --> Footer[0] ligne 1677 : Bon à savoir / Good to know
DEBUG - 2026-09-07 07:49:39 --> Footer[1] ligne 1678 (fond vert)
DEBUG - 2026-09-07 07:49:39 --> Footer[2] ligne 1679 (italic bleu)
DEBUG - 2026-09-07 07:49:39 --> Footer[3] ENERGIZING à M1680:O1680
DEBUG - 2026-09-07 07:49:39 --> Footer[4] Pagination ligne 1681 | Page 33/63
DEBUG - 2026-09-07 07:49:39 --> Signature bloc de M1674 à O1679
DEBUG - 2026-09-07 07:49:39 --> Ajout saut de page après ligne 1682
DEBUG - 2026-09-07 07:49:39 --> Insertion données page 34 et ligne 1696
DEBUG - 2026-09-07 07:49:39 --> Totaux page 34 => HT: 8328184 | TVA: 1603173 | TTC: 9931357
DEBUG - 2026-09-07 07:49:39 --> Insertion footer à partir de ligne 1728
DEBUG - 2026-09-07 07:49:39 --> Footer[0] ligne 1728 : Bon à savoir / Good to know
DEBUG - 2026-09-07 07:49:39 --> Footer[1] ligne 1729 (fond vert)
DEBUG - 2026-09-07 07:49:39 --> Footer[2] ligne 1730 (italic bleu)
DEBUG - 2026-09-07 07:49:39 --> Footer[3] ENERGIZING à M1731:O1731
DEBUG - 2026-09-07 07:49:39 --> Footer[4] Pagination ligne 1732 | Page 34/63
DEBUG - 2026-09-07 07:49:39 --> Signature bloc de M1725 à O1730
DEBUG - 2026-09-07 07:49:39 --> Ajout saut de page après ligne 1733
DEBUG - 2026-09-07 07:49:39 --> Insertion données page 35 et ligne 1747
DEBUG - 2026-09-07 07:49:39 --> Totaux page 35 => HT: 11604680 | TVA: 2233901 | TTC: 13838581
DEBUG - 2026-09-07 07:49:39 --> Insertion footer à partir de ligne 1779
DEBUG - 2026-09-07 07:49:39 --> Footer[0] ligne 1779 : Bon à savoir / Good to know
DEBUG - 2026-09-07 07:49:39 --> Footer[1] ligne 1780 (fond vert)
DEBUG - 2026-09-07 07:49:39 --> Footer[2] ligne 1781 (italic bleu)
DEBUG - 2026-09-07 07:49:39 --> Footer[3] ENERGIZING à M1782:O1782
DEBUG - 2026-09-07 07:49:39 --> Footer[4] Pagination ligne 1783 | Page 35/63
DEBUG - 2026-09-07 07:49:39 --> Signature bloc de M1776 à O1781
DEBUG - 2026-09-07 07:49:39 --> Ajout saut de page après ligne 1784
DEBUG - 2026-09-07 07:49:39 --> Insertion données page 36 et ligne 1798
DEBUG - 2026-09-07 07:49:40 --> Totaux page 36 => HT: 12610505 | TVA: 2427523 | TTC: 15038028
DEBUG - 2026-09-07 07:49:40 --> Insertion footer à partir de ligne 1830
DEBUG - 2026-09-07 07:49:40 --> Footer[0] ligne 1830 : Bon à savoir / Good to know
DEBUG - 2026-09-07 07:49:40 --> Footer[1] ligne 1831 (fond vert)
DEBUG - 2026-09-07 07:49:40 --> Footer[2] ligne 1832 (italic bleu)
DEBUG - 2026-09-07 07:49:40 --> Footer[3] ENERGIZING à M1833:O1833
DEBUG - 2026-09-07 07:49:40 --> Footer[4] Pagination ligne 1834 | Page 36/63
DEBUG - 2026-09-07 07:49:40 --> Signature bloc de M1827 à O1832
DEBUG - 2026-09-07 07:49:40 --> Ajout saut de page après ligne 1835
DEBUG - 2026-09-07 07:49:40 --> Insertion données page 37 et ligne 1849
DEBUG - 2026-09-07 07:49:40 --> Totaux page 37 => HT: 6725458 | TVA: 1294651 | TTC: 8020109
DEBUG - 2026-09-07 07:49:40 --> Insertion footer à partir de ligne 1881
DEBUG - 2026-09-07 07:49:40 --> Footer[0] ligne 1881 : Bon à savoir / Good to know
DEBUG - 2026-09-07 07:49:40 --> Footer[1] ligne 1882 (fond vert)
DEBUG - 2026-09-07 07:49:40 --> Footer[2] ligne 1883 (italic bleu)
DEBUG - 2026-09-07 07:49:40 --> Footer[3] ENERGIZING à M1884:O1884
DEBUG - 2026-09-07 07:49:40 --> Footer[4] Pagination ligne 1885 | Page 37/63
DEBUG - 2026-09-07 07:49:40 --> Signature bloc de M1878 à O1883
DEBUG - 2026-09-07 07:49:40 --> Ajout saut de page après ligne 1886
DEBUG - 2026-09-07 07:49:40 --> Insertion données page 38 et ligne 1900
DEBUG - 2026-09-07 07:49:40 --> Totaux page 38 => HT: 13746522 | TVA: 2646206 | TTC: 16392728
DEBUG - 2026-09-07 07:49:40 --> Insertion footer à partir de ligne 1932
DEBUG - 2026-09-07 07:49:40 --> Footer[0] ligne 1932 : Bon à savoir / Good to know
DEBUG - 2026-09-07 07:49:40 --> Footer[1] ligne 1933 (fond vert)
DEBUG - 2026-09-07 07:49:40 --> Footer[2] ligne 1934 (italic bleu)
DEBUG - 2026-09-07 07:49:40 --> Footer[3] ENERGIZING à M1935:O1935
DEBUG - 2026-09-07 07:49:40 --> Footer[4] Pagination ligne 1936 | Page 38/63
DEBUG - 2026-09-07 07:49:40 --> Signature bloc de M1929 à O1934
DEBUG - 2026-09-07 07:49:40 --> Ajout saut de page après ligne 1937
DEBUG - 2026-09-07 07:49:40 --> Insertion données page 39 et ligne 1951
DEBUG - 2026-09-07 07:49:40 --> Totaux page 39 => HT: 9164126 | TVA: 1764094 | TTC: 10928220
DEBUG - 2026-09-07 07:49:40 --> Insertion footer à partir de ligne 1983
DEBUG - 2026-09-07 07:49:40 --> Footer[0] ligne 1983 : Bon à savoir / Good to know
DEBUG - 2026-09-07 07:49:40 --> Footer[1] ligne 1984 (fond vert)
DEBUG - 2026-09-07 07:49:40 --> Footer[2] ligne 1985 (italic bleu)
DEBUG - 2026-09-07 07:49:40 --> Footer[3] ENERGIZING à M1986:O1986
DEBUG - 2026-09-07 07:49:40 --> Footer[4] Pagination ligne 1987 | Page 39/63
DEBUG - 2026-09-07 07:49:40 --> Signature bloc de M1980 à O1985
DEBUG - 2026-09-07 07:49:40 --> Ajout saut de page après ligne 1988
DEBUG - 2026-09-07 07:49:40 --> Insertion données page 40 et ligne 2002
DEBUG - 2026-09-07 07:49:40 --> Totaux page 40 => HT: 11764167 | TVA: 2264601 | TTC: 14028768
DEBUG - 2026-09-07 07:49:40 --> Insertion footer à partir de ligne 2034
DEBUG - 2026-09-07 07:49:40 --> Footer[0] ligne 2034 : Bon à savoir / Good to know
DEBUG - 2026-09-07 07:49:40 --> Footer[1] ligne 2035 (fond vert)
DEBUG - 2026-09-07 07:49:40 --> Footer[2] ligne 2036 (italic bleu)
DEBUG - 2026-09-07 07:49:40 --> Footer[3] ENERGIZING à M2037:O2037
DEBUG - 2026-09-07 07:49:40 --> Footer[4] Pagination ligne 2038 | Page 40/63
DEBUG - 2026-09-07 07:49:40 --> Signature bloc de M2031 à O2036
DEBUG - 2026-09-07 07:49:40 --> Ajout saut de page après ligne 2039
DEBUG - 2026-09-07 07:49:40 --> Insertion données page 41 et ligne 2053
DEBUG - 2026-09-07 07:49:40 --> Totaux page 41 => HT: 13723753 | TVA: 2641821 | TTC: 16365574
DEBUG - 2026-09-07 07:49:40 --> Insertion footer à partir de ligne 2085
DEBUG - 2026-09-07 07:49:40 --> Footer[0] ligne 2085 : Bon à savoir / Good to know
DEBUG - 2026-09-07 07:49:40 --> Footer[1] ligne 2086 (fond vert)
DEBUG - 2026-09-07 07:49:40 --> Footer[2] ligne 2087 (italic bleu)
DEBUG - 2026-09-07 07:49:40 --> Footer[3] ENERGIZING à M2088:O2088
DEBUG - 2026-09-07 07:49:40 --> Footer[4] Pagination ligne 2089 | Page 41/63
DEBUG - 2026-09-07 07:49:40 --> Signature bloc de M2082 à O2087
DEBUG - 2026-09-07 07:49:40 --> Ajout saut de page après ligne 2090
DEBUG - 2026-09-07 07:49:40 --> Insertion données page 42 et ligne 2104
DEBUG - 2026-09-07 07:49:40 --> Totaux page 42 => HT: 9673046 | TVA: 1862061 | TTC: 11535107
DEBUG - 2026-09-07 07:49:40 --> Insertion footer à partir de ligne 2136
DEBUG - 2026-09-07 07:49:40 --> Footer[0] ligne 2136 : Bon à savoir / Good to know
DEBUG - 2026-09-07 07:49:40 --> Footer[1] ligne 2137 (fond vert)
DEBUG - 2026-09-07 07:49:40 --> Footer[2] ligne 2138 (italic bleu)
DEBUG - 2026-09-07 07:49:40 --> Footer[3] ENERGIZING à M2139:O2139
DEBUG - 2026-09-07 07:49:40 --> Footer[4] Pagination ligne 2140 | Page 42/63
DEBUG - 2026-09-07 07:49:40 --> Signature bloc de M2133 à O2138
DEBUG - 2026-09-07 07:49:40 --> Ajout saut de page après ligne 2141
DEBUG - 2026-09-07 07:49:40 --> Insertion données page 43 et ligne 2155
DEBUG - 2026-09-07 07:49:40 --> Totaux page 43 => HT: 12441560 | TVA: 2395003 | TTC: 14836563
DEBUG - 2026-09-07 07:49:40 --> Insertion footer à partir de ligne 2187
DEBUG - 2026-09-07 07:49:40 --> Footer[0] ligne 2187 : Bon à savoir / Good to know
DEBUG - 2026-09-07 07:49:40 --> Footer[1] ligne 2188 (fond vert)
DEBUG - 2026-09-07 07:49:40 --> Footer[2] ligne 2189 (italic bleu)
DEBUG - 2026-09-07 07:49:40 --> Footer[3] ENERGIZING à M2190:O2190
DEBUG - 2026-09-07 07:49:40 --> Footer[4] Pagination ligne 2191 | Page 43/63
DEBUG - 2026-09-07 07:49:40 --> Signature bloc de M2184 à O2189
DEBUG - 2026-09-07 07:49:40 --> Ajout saut de page après ligne 2192
DEBUG - 2026-09-07 07:49:40 --> Insertion données page 44 et ligne 2206
DEBUG - 2026-09-07 07:49:40 --> Totaux page 44 => HT: 12090108 | TVA: 2327347 | TTC: 14417455
DEBUG - 2026-09-07 07:49:40 --> Insertion footer à partir de ligne 2238
DEBUG - 2026-09-07 07:49:40 --> Footer[0] ligne 2238 : Bon à savoir / Good to know
DEBUG - 2026-09-07 07:49:40 --> Footer[1] ligne 2239 (fond vert)
DEBUG - 2026-09-07 07:49:40 --> Footer[2] ligne 2240 (italic bleu)
DEBUG - 2026-09-07 07:49:40 --> Footer[3] ENERGIZING à M2241:O2241
DEBUG - 2026-09-07 07:49:40 --> Footer[4] Pagination ligne 2242 | Page 44/63
DEBUG - 2026-09-07 07:49:40 --> Signature bloc de M2235 à O2240
DEBUG - 2026-09-07 07:49:40 --> Ajout saut de page après ligne 2243
DEBUG - 2026-09-07 07:49:40 --> Insertion données page 45 et ligne 2257
DEBUG - 2026-09-07 07:49:40 --> Totaux page 45 => HT: 13254610 | TVA: 2551513 | TTC: 15806123
DEBUG - 2026-09-07 07:49:40 --> Insertion footer à partir de ligne 2289
DEBUG - 2026-09-07 07:49:40 --> Footer[0] ligne 2289 : Bon à savoir / Good to know
DEBUG - 2026-09-07 07:49:40 --> Footer[1] ligne 2290 (fond vert)
DEBUG - 2026-09-07 07:49:40 --> Footer[2] ligne 2291 (italic bleu)
DEBUG - 2026-09-07 07:49:40 --> Footer[3] ENERGIZING à M2292:O2292
DEBUG - 2026-09-07 07:49:40 --> Footer[4] Pagination ligne 2293 | Page 45/63
DEBUG - 2026-09-07 07:49:40 --> Signature bloc de M2286 à O2291
DEBUG - 2026-09-07 07:49:40 --> Ajout saut de page après ligne 2294
DEBUG - 2026-09-07 07:49:40 --> Insertion données page 46 et ligne 2308
DEBUG - 2026-09-07 07:49:40 --> Totaux page 46 => HT: 11901182 | TVA: 2290977 | TTC: 14192159
DEBUG - 2026-09-07 07:49:40 --> Insertion footer à partir de ligne 2340
DEBUG - 2026-09-07 07:49:40 --> Footer[0] ligne 2340 : Bon à savoir / Good to know
DEBUG - 2026-09-07 07:49:40 --> Footer[1] ligne 2341 (fond vert)
DEBUG - 2026-09-07 07:49:40 --> Footer[2] ligne 2342 (italic bleu)
DEBUG - 2026-09-07 07:49:40 --> Footer[3] ENERGIZING à M2343:O2343
DEBUG - 2026-09-07 07:49:40 --> Footer[4] Pagination ligne 2344 | Page 46/63
DEBUG - 2026-09-07 07:49:40 --> Signature bloc de M2337 à O2342
DEBUG - 2026-09-07 07:49:40 --> Ajout saut de page après ligne 2345
DEBUG - 2026-09-07 07:49:40 --> Insertion données page 47 et ligne 2359
DEBUG - 2026-09-07 07:49:40 --> Totaux page 47 => HT: 6355649 | TVA: 1223462 | TTC: 7579111
DEBUG - 2026-09-07 07:49:40 --> Insertion footer à partir de ligne 2391
DEBUG - 2026-09-07 07:49:40 --> Footer[0] ligne 2391 : Bon à savoir / Good to know
DEBUG - 2026-09-07 07:49:40 --> Footer[1] ligne 2392 (fond vert)
DEBUG - 2026-09-07 07:49:40 --> Footer[2] ligne 2393 (italic bleu)
DEBUG - 2026-09-07 07:49:40 --> Footer[3] ENERGIZING à M2394:O2394
DEBUG - 2026-09-07 07:49:40 --> Footer[4] Pagination ligne 2395 | Page 47/63
DEBUG - 2026-09-07 07:49:40 --> Signature bloc de M2388 à O2393
DEBUG - 2026-09-07 07:49:40 --> Ajout saut de page après ligne 2396
DEBUG - 2026-09-07 07:49:40 --> Insertion données page 48 et ligne 2410
DEBUG - 2026-09-07 07:49:40 --> Totaux page 48 => HT: 12259924 | TVA: 2360031 | TTC: 14619955
DEBUG - 2026-09-07 07:49:40 --> Insertion footer à partir de ligne 2442
DEBUG - 2026-09-07 07:49:40 --> Footer[0] ligne 2442 : Bon à savoir / Good to know
DEBUG - 2026-09-07 07:49:40 --> Footer[1] ligne 2443 (fond vert)
DEBUG - 2026-09-07 07:49:40 --> Footer[2] ligne 2444 (italic bleu)
DEBUG - 2026-09-07 07:49:40 --> Footer[3] ENERGIZING à M2445:O2445
DEBUG - 2026-09-07 07:49:40 --> Footer[4] Pagination ligne 2446 | Page 48/63
DEBUG - 2026-09-07 07:49:40 --> Signature bloc de M2439 à O2444
DEBUG - 2026-09-07 07:49:40 --> Ajout saut de page après ligne 2447
DEBUG - 2026-09-07 07:49:40 --> Insertion données page 49 et ligne 2461
DEBUG - 2026-09-07 07:49:40 --> Totaux page 49 => HT: 10874814 | TVA: 2093404 | TTC: 12968218
DEBUG - 2026-09-07 07:49:40 --> Insertion footer à partir de ligne 2493
DEBUG - 2026-09-07 07:49:40 --> Footer[0] ligne 2493 : Bon à savoir / Good to know
DEBUG - 2026-09-07 07:49:40 --> Footer[1] ligne 2494 (fond vert)
DEBUG - 2026-09-07 07:49:40 --> Footer[2] ligne 2495 (italic bleu)
DEBUG - 2026-09-07 07:49:40 --> Footer[3] ENERGIZING à M2496:O2496
DEBUG - 2026-09-07 07:49:40 --> Footer[4] Pagination ligne 2497 | Page 49/63
DEBUG - 2026-09-07 07:49:40 --> Signature bloc de M2490 à O2495
DEBUG - 2026-09-07 07:49:40 --> Ajout saut de page après ligne 2498
DEBUG - 2026-09-07 07:49:40 --> Insertion données page 50 et ligne 2512
DEBUG - 2026-09-07 07:49:40 --> Totaux page 50 => HT: 11766542 | TVA: 2265059 | TTC: 14031601
DEBUG - 2026-09-07 07:49:40 --> Insertion footer à partir de ligne 2544
DEBUG - 2026-09-07 07:49:40 --> Footer[0] ligne 2544 : Bon à savoir / Good to know
DEBUG - 2026-09-07 07:49:40 --> Footer[1] ligne 2545 (fond vert)
DEBUG - 2026-09-07 07:49:40 --> Footer[2] ligne 2546 (italic bleu)
DEBUG - 2026-09-07 07:49:40 --> Footer[3] ENERGIZING à M2547:O2547
DEBUG - 2026-09-07 07:49:40 --> Footer[4] Pagination ligne 2548 | Page 50/63
DEBUG - 2026-09-07 07:49:40 --> Signature bloc de M2541 à O2546
DEBUG - 2026-09-07 07:49:40 --> Ajout saut de page après ligne 2549
DEBUG - 2026-09-07 07:49:40 --> Insertion données page 51 et ligne 2563
DEBUG - 2026-09-07 07:49:40 --> Totaux page 51 => HT: 11363428 | TVA: 2187461 | TTC: 13550889
DEBUG - 2026-09-07 07:49:40 --> Insertion footer à partir de ligne 2595
DEBUG - 2026-09-07 07:49:40 --> Footer[0] ligne 2595 : Bon à savoir / Good to know
DEBUG - 2026-09-07 07:49:40 --> Footer[1] ligne 2596 (fond vert)
DEBUG - 2026-09-07 07:49:40 --> Footer[2] ligne 2597 (italic bleu)
DEBUG - 2026-09-07 07:49:40 --> Footer[3] ENERGIZING à M2598:O2598
DEBUG - 2026-09-07 07:49:40 --> Footer[4] Pagination ligne 2599 | Page 51/63
DEBUG - 2026-09-07 07:49:40 --> Signature bloc de M2592 à O2597
DEBUG - 2026-09-07 07:49:40 --> Ajout saut de page après ligne 2600
DEBUG - 2026-09-07 07:49:40 --> Insertion données page 52 et ligne 2614
DEBUG - 2026-09-07 07:49:40 --> Totaux page 52 => HT: 14542156 | TVA: 2799367 | TTC: 17341523
DEBUG - 2026-09-07 07:49:40 --> Insertion footer à partir de ligne 2646
DEBUG - 2026-09-07 07:49:40 --> Footer[0] ligne 2646 : Bon à savoir / Good to know
DEBUG - 2026-09-07 07:49:40 --> Footer[1] ligne 2647 (fond vert)
DEBUG - 2026-09-07 07:49:40 --> Footer[2] ligne 2648 (italic bleu)
DEBUG - 2026-09-07 07:49:40 --> Footer[3] ENERGIZING à M2649:O2649
DEBUG - 2026-09-07 07:49:40 --> Footer[4] Pagination ligne 2650 | Page 52/63
DEBUG - 2026-09-07 07:49:40 --> Signature bloc de M2643 à O2648
DEBUG - 2026-09-07 07:49:40 --> Ajout saut de page après ligne 2651
DEBUG - 2026-09-07 07:49:40 --> Insertion données page 53 et ligne 2665
DEBUG - 2026-09-07 07:49:40 --> Totaux page 53 => HT: 11641957 | TVA: 2241077 | TTC: 13883034
DEBUG - 2026-09-07 07:49:40 --> Insertion footer à partir de ligne 2697
DEBUG - 2026-09-07 07:49:40 --> Footer[0] ligne 2697 : Bon à savoir / Good to know
DEBUG - 2026-09-07 07:49:40 --> Footer[1] ligne 2698 (fond vert)
DEBUG - 2026-09-07 07:49:40 --> Footer[2] ligne 2699 (italic bleu)
DEBUG - 2026-09-07 07:49:40 --> Footer[3] ENERGIZING à M2700:O2700
DEBUG - 2026-09-07 07:49:40 --> Footer[4] Pagination ligne 2701 | Page 53/63
DEBUG - 2026-09-07 07:49:40 --> Signature bloc de M2694 à O2699
DEBUG - 2026-09-07 07:49:40 --> Ajout saut de page après ligne 2702
DEBUG - 2026-09-07 07:49:40 --> Insertion données page 54 et ligne 2716
DEBUG - 2026-09-07 07:49:40 --> Totaux page 54 => HT: 11162683 | TVA: 2148815 | TTC: 13311498
DEBUG - 2026-09-07 07:49:40 --> Insertion footer à partir de ligne 2748
DEBUG - 2026-09-07 07:49:40 --> Footer[0] ligne 2748 : Bon à savoir / Good to know
DEBUG - 2026-09-07 07:49:40 --> Footer[1] ligne 2749 (fond vert)
DEBUG - 2026-09-07 07:49:40 --> Footer[2] ligne 2750 (italic bleu)
DEBUG - 2026-09-07 07:49:40 --> Footer[3] ENERGIZING à M2751:O2751
DEBUG - 2026-09-07 07:49:40 --> Footer[4] Pagination ligne 2752 | Page 54/63
DEBUG - 2026-09-07 07:49:40 --> Signature bloc de M2745 à O2750
DEBUG - 2026-09-07 07:49:40 --> Ajout saut de page après ligne 2753
DEBUG - 2026-09-07 07:49:40 --> Insertion données page 55 et ligne 2767
DEBUG - 2026-09-07 07:49:40 --> Totaux page 55 => HT: 16865823 | TVA: 3246670 | TTC: 20112493
DEBUG - 2026-09-07 07:49:40 --> Insertion footer à partir de ligne 2799
DEBUG - 2026-09-07 07:49:40 --> Footer[0] ligne 2799 : Bon à savoir / Good to know
DEBUG - 2026-09-07 07:49:40 --> Footer[1] ligne 2800 (fond vert)
DEBUG - 2026-09-07 07:49:40 --> Footer[2] ligne 2801 (italic bleu)
DEBUG - 2026-09-07 07:49:40 --> Footer[3] ENERGIZING à M2802:O2802
DEBUG - 2026-09-07 07:49:40 --> Footer[4] Pagination ligne 2803 | Page 55/63
DEBUG - 2026-09-07 07:49:40 --> Signature bloc de M2796 à O2801
DEBUG - 2026-09-07 07:49:40 --> Ajout saut de page après ligne 2804
DEBUG - 2026-09-07 07:49:40 --> Insertion données page 56 et ligne 2818
DEBUG - 2026-09-07 07:49:40 --> Totaux page 56 => HT: 11243284 | TVA: 2164332 | TTC: 13407616
DEBUG - 2026-09-07 07:49:40 --> Insertion footer à partir de ligne 2850
DEBUG - 2026-09-07 07:49:40 --> Footer[0] ligne 2850 : Bon à savoir / Good to know
DEBUG - 2026-09-07 07:49:40 --> Footer[1] ligne 2851 (fond vert)
DEBUG - 2026-09-07 07:49:40 --> Footer[2] ligne 2852 (italic bleu)
DEBUG - 2026-09-07 07:49:40 --> Footer[3] ENERGIZING à M2853:O2853
DEBUG - 2026-09-07 07:49:40 --> Footer[4] Pagination ligne 2854 | Page 56/63
DEBUG - 2026-09-07 07:49:40 --> Signature bloc de M2847 à O2852
DEBUG - 2026-09-07 07:49:40 --> Ajout saut de page après ligne 2855
DEBUG - 2026-09-07 07:49:40 --> Insertion données page 57 et ligne 2869
DEBUG - 2026-09-07 07:49:40 --> Totaux page 57 => HT: 8049639 | TVA: 1549557 | TTC: 9599196
DEBUG - 2026-09-07 07:49:40 --> Insertion footer à partir de ligne 2901
DEBUG - 2026-09-07 07:49:40 --> Footer[0] ligne 2901 : Bon à savoir / Good to know
DEBUG - 2026-09-07 07:49:40 --> Footer[1] ligne 2902 (fond vert)
DEBUG - 2026-09-07 07:49:40 --> Footer[2] ligne 2903 (italic bleu)
DEBUG - 2026-09-07 07:49:40 --> Footer[3] ENERGIZING à M2904:O2904
DEBUG - 2026-09-07 07:49:40 --> Footer[4] Pagination ligne 2905 | Page 57/63
DEBUG - 2026-09-07 07:49:40 --> Signature bloc de M2898 à O2903
DEBUG - 2026-09-07 07:49:40 --> Ajout saut de page après ligne 2906
DEBUG - 2026-09-07 07:49:40 --> Insertion données page 58 et ligne 2920
DEBUG - 2026-09-07 07:49:40 --> Totaux page 58 => HT: 12521818 | TVA: 2410452 | TTC: 14932270
DEBUG - 2026-09-07 07:49:40 --> Insertion footer à partir de ligne 2952
DEBUG - 2026-09-07 07:49:40 --> Footer[0] ligne 2952 : Bon à savoir / Good to know
DEBUG - 2026-09-07 07:49:40 --> Footer[1] ligne 2953 (fond vert)
DEBUG - 2026-09-07 07:49:40 --> Footer[2] ligne 2954 (italic bleu)
DEBUG - 2026-09-07 07:49:40 --> Footer[3] ENERGIZING à M2955:O2955
DEBUG - 2026-09-07 07:49:40 --> Footer[4] Pagination ligne 2956 | Page 58/63
DEBUG - 2026-09-07 07:49:40 --> Signature bloc de M2949 à O2954
DEBUG - 2026-09-07 07:49:40 --> Ajout saut de page après ligne 2957
DEBUG - 2026-09-07 07:49:40 --> Insertion données page 59 et ligne 2971
DEBUG - 2026-09-07 07:49:40 --> Totaux page 59 => HT: 9591869 | TVA: 1846436 | TTC: 11438305
DEBUG - 2026-09-07 07:49:40 --> Insertion footer à partir de ligne 3003
DEBUG - 2026-09-07 07:49:40 --> Footer[0] ligne 3003 : Bon à savoir / Good to know
DEBUG - 2026-09-07 07:49:40 --> Footer[1] ligne 3004 (fond vert)
DEBUG - 2026-09-07 07:49:40 --> Footer[2] ligne 3005 (italic bleu)
DEBUG - 2026-09-07 07:49:40 --> Footer[3] ENERGIZING à M3006:O3006
DEBUG - 2026-09-07 07:49:40 --> Footer[4] Pagination ligne 3007 | Page 59/63
DEBUG - 2026-09-07 07:49:40 --> Signature bloc de M3000 à O3005
DEBUG - 2026-09-07 07:49:40 --> Ajout saut de page après ligne 3008
DEBUG - 2026-09-07 07:49:40 --> Insertion données page 60 et ligne 3022
DEBUG - 2026-09-07 07:49:40 --> Totaux page 60 => HT: 12439643 | TVA: 2394632 | TTC: 14834275
DEBUG - 2026-09-07 07:49:40 --> Insertion footer à partir de ligne 3054
DEBUG - 2026-09-07 07:49:40 --> Footer[0] ligne 3054 : Bon à savoir / Good to know
DEBUG - 2026-09-07 07:49:40 --> Footer[1] ligne 3055 (fond vert)
DEBUG - 2026-09-07 07:49:40 --> Footer[2] ligne 3056 (italic bleu)
DEBUG - 2026-09-07 07:49:40 --> Footer[3] ENERGIZING à M3057:O3057
DEBUG - 2026-09-07 07:49:40 --> Footer[4] Pagination ligne 3058 | Page 60/63
DEBUG - 2026-09-07 07:49:40 --> Signature bloc de M3051 à O3056
DEBUG - 2026-09-07 07:49:40 --> Ajout saut de page après ligne 3059
DEBUG - 2026-09-07 07:49:40 --> Insertion données page 61 et ligne 3073
DEBUG - 2026-09-07 07:49:40 --> Totaux page 61 => HT: 12700485 | TVA: 2444843 | TTC: 15145328
DEBUG - 2026-09-07 07:49:40 --> Insertion footer à partir de ligne 3105
DEBUG - 2026-09-07 07:49:40 --> Footer[0] ligne 3105 : Bon à savoir / Good to know
DEBUG - 2026-09-07 07:49:40 --> Footer[1] ligne 3106 (fond vert)
DEBUG - 2026-09-07 07:49:40 --> Footer[2] ligne 3107 (italic bleu)
DEBUG - 2026-09-07 07:49:40 --> Footer[3] ENERGIZING à M3108:O3108
DEBUG - 2026-09-07 07:49:40 --> Footer[4] Pagination ligne 3109 | Page 61/63
DEBUG - 2026-09-07 07:49:40 --> Signature bloc de M3102 à O3107
DEBUG - 2026-09-07 07:49:40 --> Ajout saut de page après ligne 3110
DEBUG - 2026-09-07 07:49:41 --> Insertion données page 62 et ligne 3124
DEBUG - 2026-09-07 07:49:41 --> Totaux page 62 => HT: 9452698 | TVA: 1819645 | TTC: 11272343
DEBUG - 2026-09-07 07:49:41 --> Insertion footer à partir de ligne 3156
DEBUG - 2026-09-07 07:49:41 --> Footer[0] ligne 3156 : Bon à savoir / Good to know
DEBUG - 2026-09-07 07:49:41 --> Footer[1] ligne 3157 (fond vert)
DEBUG - 2026-09-07 07:49:41 --> Footer[2] ligne 3158 (italic bleu)
DEBUG - 2026-09-07 07:49:41 --> Footer[3] ENERGIZING à M3159:O3159
DEBUG - 2026-09-07 07:49:41 --> Footer[4] Pagination ligne 3160 | Page 62/63
DEBUG - 2026-09-07 07:49:41 --> Signature bloc de M3153 à O3158
DEBUG - 2026-09-07 07:49:41 --> Ajout saut de page après ligne 3161
DEBUG - 2026-09-07 07:49:41 --> Insertion données page 63 et ligne 3175
DEBUG - 2026-09-07 07:49:41 --> Totaux page 63 => HT: 3679861 | TVA: 708372 | TTC: 4388233
DEBUG - 2026-09-07 07:49:41 --> ==============================
DEBUG - 2026-09-07 07:49:41 --> TOTAL GLOBAL
DEBUG - 2026-09-07 07:49:41 --> HT  = 706550265
DEBUG - 2026-09-07 07:49:41 --> TVA = 136008071
DEBUG - 2026-09-07 07:49:41 --> TTC = 842558336
DEBUG - 2026-09-07 07:49:41 --> DUE = 841350054
DEBUG - 2026-09-07 07:49:41 --> ==============================
DEBUG - 2026-09-07 07:49:41 --> Insertion footer à partir de ligne 3196
DEBUG - 2026-09-07 07:49:41 --> Footer[0] ligne 3196 : Bon à savoir / Good to know
DEBUG - 2026-09-07 07:49:41 --> Footer[1] ligne 3197 (fond vert)
DEBUG - 2026-09-07 07:49:41 --> Footer[2] ligne 3198 (italic bleu)
DEBUG - 2026-09-07 07:49:41 --> Footer[3] ENERGIZING à M3199:O3199
DEBUG - 2026-09-07 07:49:41 --> Footer[4] Pagination ligne 3200 | Page 63/63
DEBUG - 2026-09-07 07:49:41 --> Signature bloc de M3193 à O3198
DEBUG - 2026-09-07 07:49:41 --> Insertion données page 1 et ligne 13
DEBUG - 2026-09-07 07:49:41 --> Totaux page 1 => HT: 2936765 | TVA: 562635 | TTC: 3499400
DEBUG - 2026-09-07 07:49:41 --> Insertion footer à partir de ligne 45
DEBUG - 2026-09-07 07:49:41 --> Footer[0] ligne 45 : Bon à savoir / Good to know
DEBUG - 2026-09-07 07:49:41 --> Footer[1] ligne 46 (fond vert)
DEBUG - 2026-09-07 07:49:41 --> Footer[2] ligne 47 (italic bleu)
DEBUG - 2026-09-07 07:49:41 --> Footer[3] ENERGIZING à M48:O48
DEBUG - 2026-09-07 07:49:41 --> Footer[4] Pagination ligne 49 | Page 1/4
DEBUG - 2026-09-07 07:49:41 --> Signature bloc de M42 à O47
DEBUG - 2026-09-07 07:49:41 --> Ajout saut de page après ligne 50
DEBUG - 2026-09-07 07:49:41 --> Insertion données page 2 et ligne 64
DEBUG - 2026-09-07 07:49:41 --> Totaux page 2 => HT: 3148715 | TVA: 604438 | TTC: 3753153
DEBUG - 2026-09-07 07:49:41 --> Insertion footer à partir de ligne 96
DEBUG - 2026-09-07 07:49:41 --> Footer[0] ligne 96 : Bon à savoir / Good to know
DEBUG - 2026-09-07 07:49:41 --> Footer[1] ligne 97 (fond vert)
DEBUG - 2026-09-07 07:49:41 --> Footer[2] ligne 98 (italic bleu)
DEBUG - 2026-09-07 07:49:41 --> Footer[3] ENERGIZING à M99:O99
DEBUG - 2026-09-07 07:49:41 --> Footer[4] Pagination ligne 100 | Page 2/4
DEBUG - 2026-09-07 07:49:41 --> Signature bloc de M93 à O98
DEBUG - 2026-09-07 07:49:41 --> Ajout saut de page après ligne 101
DEBUG - 2026-09-07 07:49:41 --> Insertion données page 3 et ligne 115
DEBUG - 2026-09-07 07:49:41 --> Totaux page 3 => HT: 2129717 | TVA: 408553 | TTC: 2538270
DEBUG - 2026-09-07 07:49:41 --> Insertion footer à partir de ligne 147
DEBUG - 2026-09-07 07:49:41 --> Footer[0] ligne 147 : Bon à savoir / Good to know
DEBUG - 2026-09-07 07:49:41 --> Footer[1] ligne 148 (fond vert)
DEBUG - 2026-09-07 07:49:41 --> Footer[2] ligne 149 (italic bleu)
DEBUG - 2026-09-07 07:49:41 --> Footer[3] ENERGIZING à M150:O150
DEBUG - 2026-09-07 07:49:41 --> Footer[4] Pagination ligne 151 | Page 3/4
DEBUG - 2026-09-07 07:49:41 --> Signature bloc de M144 à O149
DEBUG - 2026-09-07 07:49:41 --> Ajout saut de page après ligne 152
DEBUG - 2026-09-07 07:49:41 --> Insertion données page 4 et ligne 166
DEBUG - 2026-09-07 07:49:41 --> Totaux page 4 => HT: 32384 | TVA: 6234 | TTC: 38618
DEBUG - 2026-09-07 07:49:41 --> ==============================
DEBUG - 2026-09-07 07:49:41 --> TOTAL GLOBAL
DEBUG - 2026-09-07 07:49:41 --> HT  = 8247581
DEBUG - 2026-09-07 07:49:41 --> TVA = 1581860
DEBUG - 2026-09-07 07:49:41 --> TTC = 9829441
DEBUG - 2026-09-07 07:49:41 --> DUE = 9829441
DEBUG - 2026-09-07 07:49:41 --> ==============================
DEBUG - 2026-09-07 07:49:41 --> Insertion footer à partir de ligne 174
DEBUG - 2026-09-07 07:49:41 --> Footer[0] ligne 174 : Bon à savoir / Good to know
DEBUG - 2026-09-07 07:49:41 --> Footer[1] ligne 175 (fond vert)
DEBUG - 2026-09-07 07:49:41 --> Footer[2] ligne 176 (italic bleu)
DEBUG - 2026-09-07 07:49:41 --> Footer[3] ENERGIZING à M177:O177
DEBUG - 2026-09-07 07:49:41 --> Footer[4] Pagination ligne 178 | Page 4/4
DEBUG - 2026-09-07 07:49:41 --> Signature bloc de M171 à O176
DEBUG - 2026-09-07 07:49:41 --> Insertion données page 1 et ligne 13
DEBUG - 2026-09-07 07:49:41 --> Totaux page 1 => HT: 23011417 | TVA: 4429695 | TTC: 27441112
DEBUG - 2026-09-07 07:49:41 --> Insertion footer à partir de ligne 45
DEBUG - 2026-09-07 07:49:41 --> Footer[0] ligne 45 : Bon à savoir / Good to know
DEBUG - 2026-09-07 07:49:41 --> Footer[1] ligne 46 (fond vert)
DEBUG - 2026-09-07 07:49:41 --> Footer[2] ligne 47 (italic bleu)
DEBUG - 2026-09-07 07:49:41 --> Footer[3] ENERGIZING à M48:O48
DEBUG - 2026-09-07 07:49:41 --> Footer[4] Pagination ligne 49 | Page 1/15
DEBUG - 2026-09-07 07:49:41 --> Signature bloc de M42 à O47
DEBUG - 2026-09-07 07:49:41 --> Ajout saut de page après ligne 50
DEBUG - 2026-09-07 07:49:41 --> Insertion données page 2 et ligne 64
DEBUG - 2026-09-07 07:49:41 --> Totaux page 2 => HT: 13515329 | TVA: 2601697 | TTC: 16117026
DEBUG - 2026-09-07 07:49:41 --> Insertion footer à partir de ligne 96
DEBUG - 2026-09-07 07:49:41 --> Footer[0] ligne 96 : Bon à savoir / Good to know
DEBUG - 2026-09-07 07:49:41 --> Footer[1] ligne 97 (fond vert)
DEBUG - 2026-09-07 07:49:41 --> Footer[2] ligne 98 (italic bleu)
DEBUG - 2026-09-07 07:49:41 --> Footer[3] ENERGIZING à M99:O99
DEBUG - 2026-09-07 07:49:41 --> Footer[4] Pagination ligne 100 | Page 2/15
DEBUG - 2026-09-07 07:49:41 --> Signature bloc de M93 à O98
DEBUG - 2026-09-07 07:49:41 --> Ajout saut de page après ligne 101
DEBUG - 2026-09-07 07:49:41 --> Insertion données page 3 et ligne 115
DEBUG - 2026-09-07 07:49:41 --> Totaux page 3 => HT: 14101929 | TVA: 2714460 | TTC: 16816389
DEBUG - 2026-09-07 07:49:41 --> Insertion footer à partir de ligne 147
DEBUG - 2026-09-07 07:49:41 --> Footer[0] ligne 147 : Bon à savoir / Good to know
DEBUG - 2026-09-07 07:49:41 --> Footer[1] ligne 148 (fond vert)
DEBUG - 2026-09-07 07:49:41 --> Footer[2] ligne 149 (italic bleu)
DEBUG - 2026-09-07 07:49:41 --> Footer[3] ENERGIZING à M150:O150
DEBUG - 2026-09-07 07:49:41 --> Footer[4] Pagination ligne 151 | Page 3/15
DEBUG - 2026-09-07 07:49:41 --> Signature bloc de M144 à O149
DEBUG - 2026-09-07 07:49:41 --> Ajout saut de page après ligne 152
DEBUG - 2026-09-07 07:49:41 --> Insertion données page 4 et ligne 166
DEBUG - 2026-09-07 07:49:41 --> Totaux page 4 => HT: 5118290 | TVA: 984923 | TTC: 6103213
DEBUG - 2026-09-07 07:49:41 --> Insertion footer à partir de ligne 198
DEBUG - 2026-09-07 07:49:41 --> Footer[0] ligne 198 : Bon à savoir / Good to know
DEBUG - 2026-09-07 07:49:41 --> Footer[1] ligne 199 (fond vert)
DEBUG - 2026-09-07 07:49:41 --> Footer[2] ligne 200 (italic bleu)
DEBUG - 2026-09-07 07:49:41 --> Footer[3] ENERGIZING à M201:O201
DEBUG - 2026-09-07 07:49:41 --> Footer[4] Pagination ligne 202 | Page 4/15
DEBUG - 2026-09-07 07:49:41 --> Signature bloc de M195 à O200
DEBUG - 2026-09-07 07:49:41 --> Ajout saut de page après ligne 203
DEBUG - 2026-09-07 07:49:41 --> Insertion données page 5 et ligne 217
DEBUG - 2026-09-07 07:49:41 --> Totaux page 5 => HT: 5640039 | TVA: 1085704 | TTC: 6725743
DEBUG - 2026-09-07 07:49:41 --> Insertion footer à partir de ligne 249
DEBUG - 2026-09-07 07:49:41 --> Footer[0] ligne 249 : Bon à savoir / Good to know
DEBUG - 2026-09-07 07:49:41 --> Footer[1] ligne 250 (fond vert)
DEBUG - 2026-09-07 07:49:41 --> Footer[2] ligne 251 (italic bleu)
DEBUG - 2026-09-07 07:49:41 --> Footer[3] ENERGIZING à M252:O252
DEBUG - 2026-09-07 07:49:41 --> Footer[4] Pagination ligne 253 | Page 5/15
DEBUG - 2026-09-07 07:49:41 --> Signature bloc de M246 à O251
DEBUG - 2026-09-07 07:49:41 --> Ajout saut de page après ligne 254
DEBUG - 2026-09-07 07:49:41 --> Insertion données page 6 et ligne 268
DEBUG - 2026-09-07 07:49:41 --> Totaux page 6 => HT: 9682912 | TVA: 1863960 | TTC: 11546872
DEBUG - 2026-09-07 07:49:41 --> Insertion footer à partir de ligne 300
DEBUG - 2026-09-07 07:49:41 --> Footer[0] ligne 300 : Bon à savoir / Good to know
DEBUG - 2026-09-07 07:49:41 --> Footer[1] ligne 301 (fond vert)
DEBUG - 2026-09-07 07:49:41 --> Footer[2] ligne 302 (italic bleu)
DEBUG - 2026-09-07 07:49:41 --> Footer[3] ENERGIZING à M303:O303
DEBUG - 2026-09-07 07:49:41 --> Footer[4] Pagination ligne 304 | Page 6/15
DEBUG - 2026-09-07 07:49:41 --> Signature bloc de M297 à O302
DEBUG - 2026-09-07 07:49:41 --> Ajout saut de page après ligne 305
DEBUG - 2026-09-07 07:49:41 --> Insertion données page 7 et ligne 319
DEBUG - 2026-09-07 07:49:41 --> Totaux page 7 => HT: 28459359 | TVA: 5478428 | TTC: 33937787
DEBUG - 2026-09-07 07:49:41 --> Insertion footer à partir de ligne 351
DEBUG - 2026-09-07 07:49:41 --> Footer[0] ligne 351 : Bon à savoir / Good to know
DEBUG - 2026-09-07 07:49:41 --> Footer[1] ligne 352 (fond vert)
DEBUG - 2026-09-07 07:49:41 --> Footer[2] ligne 353 (italic bleu)
DEBUG - 2026-09-07 07:49:41 --> Footer[3] ENERGIZING à M354:O354
DEBUG - 2026-09-07 07:49:41 --> Footer[4] Pagination ligne 355 | Page 7/15
DEBUG - 2026-09-07 07:49:41 --> Signature bloc de M348 à O353
DEBUG - 2026-09-07 07:49:41 --> Ajout saut de page après ligne 356
DEBUG - 2026-09-07 07:49:41 --> Insertion données page 8 et ligne 370
DEBUG - 2026-09-07 07:49:41 --> Totaux page 8 => HT: 5047976 | TVA: 971735 | TTC: 6019711
DEBUG - 2026-09-07 07:49:41 --> Insertion footer à partir de ligne 402
DEBUG - 2026-09-07 07:49:41 --> Footer[0] ligne 402 : Bon à savoir / Good to know
DEBUG - 2026-09-07 07:49:41 --> Footer[1] ligne 403 (fond vert)
DEBUG - 2026-09-07 07:49:41 --> Footer[2] ligne 404 (italic bleu)
DEBUG - 2026-09-07 07:49:41 --> Footer[3] ENERGIZING à M405:O405
DEBUG - 2026-09-07 07:49:41 --> Footer[4] Pagination ligne 406 | Page 8/15
DEBUG - 2026-09-07 07:49:41 --> Signature bloc de M399 à O404
DEBUG - 2026-09-07 07:49:41 --> Ajout saut de page après ligne 407
DEBUG - 2026-09-07 07:49:41 --> Insertion données page 9 et ligne 421
DEBUG - 2026-09-07 07:49:41 --> Totaux page 9 => HT: 5642951 | TVA: 1086266 | TTC: 6729217
DEBUG - 2026-09-07 07:49:41 --> Insertion footer à partir de ligne 453
DEBUG - 2026-09-07 07:49:41 --> Footer[0] ligne 453 : Bon à savoir / Good to know
DEBUG - 2026-09-07 07:49:41 --> Footer[1] ligne 454 (fond vert)
DEBUG - 2026-09-07 07:49:41 --> Footer[2] ligne 455 (italic bleu)
DEBUG - 2026-09-07 07:49:41 --> Footer[3] ENERGIZING à M456:O456
DEBUG - 2026-09-07 07:49:41 --> Footer[4] Pagination ligne 457 | Page 9/15
DEBUG - 2026-09-07 07:49:41 --> Signature bloc de M450 à O455
DEBUG - 2026-09-07 07:49:41 --> Ajout saut de page après ligne 458
DEBUG - 2026-09-07 07:49:41 --> Insertion données page 10 et ligne 472
DEBUG - 2026-09-07 07:49:41 --> Totaux page 10 => HT: 3366216 | TVA: 647998 | TTC: 4014214
DEBUG - 2026-09-07 07:49:41 --> Insertion footer à partir de ligne 504
DEBUG - 2026-09-07 07:49:41 --> Footer[0] ligne 504 : Bon à savoir / Good to know
DEBUG - 2026-09-07 07:49:41 --> Footer[1] ligne 505 (fond vert)
DEBUG - 2026-09-07 07:49:41 --> Footer[2] ligne 506 (italic bleu)
DEBUG - 2026-09-07 07:49:41 --> Footer[3] ENERGIZING à M507:O507
DEBUG - 2026-09-07 07:49:41 --> Footer[4] Pagination ligne 508 | Page 10/15
DEBUG - 2026-09-07 07:49:41 --> Signature bloc de M501 à O506
DEBUG - 2026-09-07 07:49:41 --> Ajout saut de page après ligne 509
DEBUG - 2026-09-07 07:49:41 --> Insertion données page 11 et ligne 523
DEBUG - 2026-09-07 07:49:41 --> Totaux page 11 => HT: 5095719 | TVA: 980925 | TTC: 6076644
DEBUG - 2026-09-07 07:49:41 --> Insertion footer à partir de ligne 555
DEBUG - 2026-09-07 07:49:41 --> Footer[0] ligne 555 : Bon à savoir / Good to know
DEBUG - 2026-09-07 07:49:41 --> Footer[1] ligne 556 (fond vert)
DEBUG - 2026-09-07 07:49:41 --> Footer[2] ligne 557 (italic bleu)
DEBUG - 2026-09-07 07:49:41 --> Footer[3] ENERGIZING à M558:O558
DEBUG - 2026-09-07 07:49:41 --> Footer[4] Pagination ligne 559 | Page 11/15
DEBUG - 2026-09-07 07:49:41 --> Signature bloc de M552 à O557
DEBUG - 2026-09-07 07:49:41 --> Ajout saut de page après ligne 560
DEBUG - 2026-09-07 07:49:41 --> Insertion données page 12 et ligne 574
DEBUG - 2026-09-07 07:49:41 --> Totaux page 12 => HT: 12245104 | TVA: 2357182 | TTC: 14602286
DEBUG - 2026-09-07 07:49:41 --> Insertion footer à partir de ligne 606
DEBUG - 2026-09-07 07:49:41 --> Footer[0] ligne 606 : Bon à savoir / Good to know
DEBUG - 2026-09-07 07:49:41 --> Footer[1] ligne 607 (fond vert)
DEBUG - 2026-09-07 07:49:41 --> Footer[2] ligne 608 (italic bleu)
DEBUG - 2026-09-07 07:49:41 --> Footer[3] ENERGIZING à M609:O609
DEBUG - 2026-09-07 07:49:41 --> Footer[4] Pagination ligne 610 | Page 12/15
DEBUG - 2026-09-07 07:49:41 --> Signature bloc de M603 à O608
DEBUG - 2026-09-07 07:49:41 --> Ajout saut de page après ligne 611
DEBUG - 2026-09-07 07:49:41 --> Insertion données page 13 et ligne 625
DEBUG - 2026-09-07 07:49:41 --> Totaux page 13 => HT: 5728638 | TVA: 1102763 | TTC: 6831401
DEBUG - 2026-09-07 07:49:41 --> Insertion footer à partir de ligne 657
DEBUG - 2026-09-07 07:49:41 --> Footer[0] ligne 657 : Bon à savoir / Good to know
DEBUG - 2026-09-07 07:49:41 --> Footer[1] ligne 658 (fond vert)
DEBUG - 2026-09-07 07:49:41 --> Footer[2] ligne 659 (italic bleu)
DEBUG - 2026-09-07 07:49:41 --> Footer[3] ENERGIZING à M660:O660
DEBUG - 2026-09-07 07:49:41 --> Footer[4] Pagination ligne 661 | Page 13/15
DEBUG - 2026-09-07 07:49:41 --> Signature bloc de M654 à O659
DEBUG - 2026-09-07 07:49:41 --> Ajout saut de page après ligne 662
DEBUG - 2026-09-07 07:49:41 --> Insertion données page 14 et ligne 676
DEBUG - 2026-09-07 07:49:41 --> Totaux page 14 => HT: 24033054 | TVA: 4626364 | TTC: 28659418
DEBUG - 2026-09-07 07:49:41 --> Insertion footer à partir de ligne 708
DEBUG - 2026-09-07 07:49:41 --> Footer[0] ligne 708 : Bon à savoir / Good to know
DEBUG - 2026-09-07 07:49:41 --> Footer[1] ligne 709 (fond vert)
DEBUG - 2026-09-07 07:49:41 --> Footer[2] ligne 710 (italic bleu)
DEBUG - 2026-09-07 07:49:41 --> Footer[3] ENERGIZING à M711:O711
DEBUG - 2026-09-07 07:49:41 --> Footer[4] Pagination ligne 712 | Page 14/15
DEBUG - 2026-09-07 07:49:41 --> Signature bloc de M705 à O710
DEBUG - 2026-09-07 07:49:41 --> Ajout saut de page après ligne 713
DEBUG - 2026-09-07 07:49:41 --> Insertion données page 15 et ligne 727
DEBUG - 2026-09-07 07:49:41 --> Totaux page 15 => HT: 10420708 | TVA: 2005986 | TTC: 12426694
DEBUG - 2026-09-07 07:49:41 --> ==============================
DEBUG - 2026-09-07 07:49:41 --> TOTAL GLOBAL
DEBUG - 2026-09-07 07:49:41 --> HT  = 171109641
DEBUG - 2026-09-07 07:49:41 --> TVA = 32938086
DEBUG - 2026-09-07 07:49:41 --> TTC = 204047727
DEBUG - 2026-09-07 07:49:41 --> DUE = 203852621
DEBUG - 2026-09-07 07:49:41 --> ==============================
DEBUG - 2026-09-07 07:49:41 --> Insertion footer à partir de ligne 757
DEBUG - 2026-09-07 07:49:41 --> Footer[0] ligne 757 : Bon à savoir / Good to know
DEBUG - 2026-09-07 07:49:41 --> Footer[1] ligne 758 (fond vert)
DEBUG - 2026-09-07 07:49:41 --> Footer[2] ligne 759 (italic bleu)
DEBUG - 2026-09-07 07:49:41 --> Footer[3] ENERGIZING à M760:O760
DEBUG - 2026-09-07 07:49:41 --> Footer[4] Pagination ligne 761 | Page 15/15
DEBUG - 2026-09-07 07:49:41 --> Signature bloc de M754 à O759
DEBUG - 2026-09-07 07:49:41 --> Insertion données page 1 et ligne 13
DEBUG - 2026-09-07 07:49:41 --> Totaux page 1 => HT: 4927651 | TVA: 948574 | TTC: 5876225
DEBUG - 2026-09-07 07:49:41 --> Insertion footer à partir de ligne 45
DEBUG - 2026-09-07 07:49:41 --> Footer[0] ligne 45 : Bon à savoir / Good to know
DEBUG - 2026-09-07 07:49:41 --> Footer[1] ligne 46 (fond vert)
DEBUG - 2026-09-07 07:49:41 --> Footer[2] ligne 47 (italic bleu)
DEBUG - 2026-09-07 07:49:41 --> Footer[3] ENERGIZING à M48:O48
DEBUG - 2026-09-07 07:49:41 --> Footer[4] Pagination ligne 49 | Page 1/7
DEBUG - 2026-09-07 07:49:41 --> Signature bloc de M42 à O47
DEBUG - 2026-09-07 07:49:41 --> Ajout saut de page après ligne 50
DEBUG - 2026-09-07 07:49:41 --> Insertion données page 2 et ligne 64
DEBUG - 2026-09-07 07:49:41 --> Totaux page 2 => HT: 7024726 | TVA: 1351800 | TTC: 8376526
DEBUG - 2026-09-07 07:49:41 --> Insertion footer à partir de ligne 96
DEBUG - 2026-09-07 07:49:41 --> Footer[0] ligne 96 : Bon à savoir / Good to know
DEBUG - 2026-09-07 07:49:41 --> Footer[1] ligne 97 (fond vert)
DEBUG - 2026-09-07 07:49:41 --> Footer[2] ligne 98 (italic bleu)
DEBUG - 2026-09-07 07:49:41 --> Footer[3] ENERGIZING à M99:O99
DEBUG - 2026-09-07 07:49:41 --> Footer[4] Pagination ligne 100 | Page 2/7
DEBUG - 2026-09-07 07:49:41 --> Signature bloc de M93 à O98
DEBUG - 2026-09-07 07:49:41 --> Ajout saut de page après ligne 101
DEBUG - 2026-09-07 07:49:41 --> Insertion données page 3 et ligne 115
DEBUG - 2026-09-07 07:49:42 --> Totaux page 3 => HT: 6856873 | TVA: 1319949 | TTC: 8176822
DEBUG - 2026-09-07 07:49:42 --> Insertion footer à partir de ligne 147
DEBUG - 2026-09-07 07:49:42 --> Footer[0] ligne 147 : Bon à savoir / Good to know
DEBUG - 2026-09-07 07:49:42 --> Footer[1] ligne 148 (fond vert)
DEBUG - 2026-09-07 07:49:42 --> Footer[2] ligne 149 (italic bleu)
DEBUG - 2026-09-07 07:49:42 --> Footer[3] ENERGIZING à M150:O150
DEBUG - 2026-09-07 07:49:42 --> Footer[4] Pagination ligne 151 | Page 3/7
DEBUG - 2026-09-07 07:49:42 --> Signature bloc de M144 à O149
DEBUG - 2026-09-07 07:49:42 --> Ajout saut de page après ligne 152
DEBUG - 2026-09-07 07:49:42 --> Insertion données page 4 et ligne 166
DEBUG - 2026-09-07 07:49:42 --> Totaux page 4 => HT: 7287259 | TVA: 1402028 | TTC: 8689287
DEBUG - 2026-09-07 07:49:42 --> Insertion footer à partir de ligne 198
DEBUG - 2026-09-07 07:49:42 --> Footer[0] ligne 198 : Bon à savoir / Good to know
DEBUG - 2026-09-07 07:49:42 --> Footer[1] ligne 199 (fond vert)
DEBUG - 2026-09-07 07:49:42 --> Footer[2] ligne 200 (italic bleu)
DEBUG - 2026-09-07 07:49:42 --> Footer[3] ENERGIZING à M201:O201
DEBUG - 2026-09-07 07:49:42 --> Footer[4] Pagination ligne 202 | Page 4/7
DEBUG - 2026-09-07 07:49:42 --> Signature bloc de M195 à O200
DEBUG - 2026-09-07 07:49:42 --> Ajout saut de page après ligne 203
DEBUG - 2026-09-07 07:49:42 --> Insertion données page 5 et ligne 217
DEBUG - 2026-09-07 07:49:42 --> Totaux page 5 => HT: 6923415 | TVA: 1332756 | TTC: 8256171
DEBUG - 2026-09-07 07:49:42 --> Insertion footer à partir de ligne 249
DEBUG - 2026-09-07 07:49:42 --> Footer[0] ligne 249 : Bon à savoir / Good to know
DEBUG - 2026-09-07 07:49:42 --> Footer[1] ligne 250 (fond vert)
DEBUG - 2026-09-07 07:49:42 --> Footer[2] ligne 251 (italic bleu)
DEBUG - 2026-09-07 07:49:42 --> Footer[3] ENERGIZING à M252:O252
DEBUG - 2026-09-07 07:49:42 --> Footer[4] Pagination ligne 253 | Page 5/7
DEBUG - 2026-09-07 07:49:42 --> Signature bloc de M246 à O251
DEBUG - 2026-09-07 07:49:42 --> Ajout saut de page après ligne 254
DEBUG - 2026-09-07 07:49:42 --> Insertion données page 6 et ligne 268
DEBUG - 2026-09-07 07:49:42 --> Totaux page 6 => HT: 7511949 | TVA: 1446050 | TTC: 8957999
DEBUG - 2026-09-07 07:49:42 --> Insertion footer à partir de ligne 300
DEBUG - 2026-09-07 07:49:42 --> Footer[0] ligne 300 : Bon à savoir / Good to know
DEBUG - 2026-09-07 07:49:42 --> Footer[1] ligne 301 (fond vert)
DEBUG - 2026-09-07 07:49:42 --> Footer[2] ligne 302 (italic bleu)
DEBUG - 2026-09-07 07:49:42 --> Footer[3] ENERGIZING à M303:O303
DEBUG - 2026-09-07 07:49:42 --> Footer[4] Pagination ligne 304 | Page 6/7
DEBUG - 2026-09-07 07:49:42 --> Signature bloc de M297 à O302
DEBUG - 2026-09-07 07:49:42 --> Ajout saut de page après ligne 305
DEBUG - 2026-09-07 07:49:42 --> Insertion données page 7 et ligne 319
DEBUG - 2026-09-07 07:49:42 --> Totaux page 7 => HT: 1795044 | TVA: 345545 | TTC: 2140589
DEBUG - 2026-09-07 07:49:42 --> ==============================
DEBUG - 2026-09-07 07:49:42 --> TOTAL GLOBAL
DEBUG - 2026-09-07 07:49:42 --> HT  = 42326917
DEBUG - 2026-09-07 07:49:42 --> TVA = 8146702
DEBUG - 2026-09-07 07:49:42 --> TTC = 50473619
DEBUG - 2026-09-07 07:49:42 --> DUE = 50472617
DEBUG - 2026-09-07 07:49:42 --> ==============================
DEBUG - 2026-09-07 07:49:42 --> Insertion footer à partir de ligne 333
DEBUG - 2026-09-07 07:49:42 --> Footer[0] ligne 333 : Bon à savoir / Good to know
DEBUG - 2026-09-07 07:49:42 --> Footer[1] ligne 334 (fond vert)
DEBUG - 2026-09-07 07:49:42 --> Footer[2] ligne 335 (italic bleu)
DEBUG - 2026-09-07 07:49:42 --> Footer[3] ENERGIZING à M336:O336
DEBUG - 2026-09-07 07:49:42 --> Footer[4] Pagination ligne 337 | Page 7/7
DEBUG - 2026-09-07 07:49:42 --> Signature bloc de M330 à O335
DEBUG - 2026-09-07 07:49:42 --> Insertion données page 1 et ligne 13
DEBUG - 2026-09-07 07:49:42 --> Totaux page 1 => HT: 349918 | TVA: 66311 | TTC: 416229
DEBUG - 2026-09-07 07:49:42 --> Insertion footer à partir de ligne 45
DEBUG - 2026-09-07 07:49:42 --> Footer[0] ligne 45 : Bon à savoir / Good to know
DEBUG - 2026-09-07 07:49:42 --> Footer[1] ligne 46 (fond vert)
DEBUG - 2026-09-07 07:49:42 --> Footer[2] ligne 47 (italic bleu)
DEBUG - 2026-09-07 07:49:42 --> Footer[3] ENERGIZING à M48:O48
DEBUG - 2026-09-07 07:49:42 --> Footer[4] Pagination ligne 49 | Page 1/7
DEBUG - 2026-09-07 07:49:42 --> Signature bloc de M42 à O47
DEBUG - 2026-09-07 07:49:42 --> Ajout saut de page après ligne 50
DEBUG - 2026-09-07 07:49:42 --> Insertion données page 2 et ligne 64
DEBUG - 2026-09-07 07:49:42 --> Totaux page 2 => HT: 1370955 | TVA: 263909 | TTC: 1634864
DEBUG - 2026-09-07 07:49:42 --> Insertion footer à partir de ligne 96
DEBUG - 2026-09-07 07:49:42 --> Footer[0] ligne 96 : Bon à savoir / Good to know
DEBUG - 2026-09-07 07:49:42 --> Footer[1] ligne 97 (fond vert)
DEBUG - 2026-09-07 07:49:42 --> Footer[2] ligne 98 (italic bleu)
DEBUG - 2026-09-07 07:49:42 --> Footer[3] ENERGIZING à M99:O99
DEBUG - 2026-09-07 07:49:42 --> Footer[4] Pagination ligne 100 | Page 2/7
DEBUG - 2026-09-07 07:49:42 --> Signature bloc de M93 à O98
DEBUG - 2026-09-07 07:49:42 --> Ajout saut de page après ligne 101
DEBUG - 2026-09-07 07:49:42 --> Insertion données page 3 et ligne 115
DEBUG - 2026-09-07 07:49:42 --> Totaux page 3 => HT: 362109 | TVA: 69457 | TTC: 431566
DEBUG - 2026-09-07 07:49:42 --> Insertion footer à partir de ligne 147
DEBUG - 2026-09-07 07:49:42 --> Footer[0] ligne 147 : Bon à savoir / Good to know
DEBUG - 2026-09-07 07:49:42 --> Footer[1] ligne 148 (fond vert)
DEBUG - 2026-09-07 07:49:42 --> Footer[2] ligne 149 (italic bleu)
DEBUG - 2026-09-07 07:49:42 --> Footer[3] ENERGIZING à M150:O150
DEBUG - 2026-09-07 07:49:42 --> Footer[4] Pagination ligne 151 | Page 3/7
DEBUG - 2026-09-07 07:49:42 --> Signature bloc de M144 à O149
DEBUG - 2026-09-07 07:49:42 --> Ajout saut de page après ligne 152
DEBUG - 2026-09-07 07:49:42 --> Insertion données page 4 et ligne 166
DEBUG - 2026-09-07 07:49:42 --> Totaux page 4 => HT: 2171561 | TVA: 418023 | TTC: 2589584
DEBUG - 2026-09-07 07:49:42 --> Insertion footer à partir de ligne 198
DEBUG - 2026-09-07 07:49:42 --> Footer[0] ligne 198 : Bon à savoir / Good to know
DEBUG - 2026-09-07 07:49:42 --> Footer[1] ligne 199 (fond vert)
DEBUG - 2026-09-07 07:49:42 --> Footer[2] ligne 200 (italic bleu)
DEBUG - 2026-09-07 07:49:42 --> Footer[3] ENERGIZING à M201:O201
DEBUG - 2026-09-07 07:49:42 --> Footer[4] Pagination ligne 202 | Page 4/7
DEBUG - 2026-09-07 07:49:42 --> Signature bloc de M195 à O200
DEBUG - 2026-09-07 07:49:42 --> Ajout saut de page après ligne 203
DEBUG - 2026-09-07 07:49:42 --> Insertion données page 5 et ligne 217
DEBUG - 2026-09-07 07:49:42 --> Totaux page 5 => HT: 639253 | TVA: 123058 | TTC: 762311
DEBUG - 2026-09-07 07:49:42 --> Insertion footer à partir de ligne 249
DEBUG - 2026-09-07 07:49:42 --> Footer[0] ligne 249 : Bon à savoir / Good to know
DEBUG - 2026-09-07 07:49:42 --> Footer[1] ligne 250 (fond vert)
DEBUG - 2026-09-07 07:49:42 --> Footer[2] ligne 251 (italic bleu)
DEBUG - 2026-09-07 07:49:42 --> Footer[3] ENERGIZING à M252:O252
DEBUG - 2026-09-07 07:49:42 --> Footer[4] Pagination ligne 253 | Page 5/7
DEBUG - 2026-09-07 07:49:42 --> Signature bloc de M246 à O251
DEBUG - 2026-09-07 07:49:42 --> Ajout saut de page après ligne 254
DEBUG - 2026-09-07 07:49:42 --> Insertion données page 6 et ligne 268
DEBUG - 2026-09-07 07:49:42 --> Totaux page 6 => HT: 325555 | TVA: 61726 | TTC: 387281
DEBUG - 2026-09-07 07:49:42 --> Insertion footer à partir de ligne 300
DEBUG - 2026-09-07 07:49:42 --> Footer[0] ligne 300 : Bon à savoir / Good to know
DEBUG - 2026-09-07 07:49:42 --> Footer[1] ligne 301 (fond vert)
DEBUG - 2026-09-07 07:49:42 --> Footer[2] ligne 302 (italic bleu)
DEBUG - 2026-09-07 07:49:42 --> Footer[3] ENERGIZING à M303:O303
DEBUG - 2026-09-07 07:49:42 --> Footer[4] Pagination ligne 304 | Page 6/7
DEBUG - 2026-09-07 07:49:42 --> Signature bloc de M297 à O302
DEBUG - 2026-09-07 07:49:42 --> Ajout saut de page après ligne 305
DEBUG - 2026-09-07 07:49:42 --> Insertion données page 7 et ligne 319
DEBUG - 2026-09-07 07:49:42 --> Totaux page 7 => HT: 574124 | TVA: 110518 | TTC: 684642
DEBUG - 2026-09-07 07:49:42 --> ==============================
DEBUG - 2026-09-07 07:49:42 --> TOTAL GLOBAL
DEBUG - 2026-09-07 07:49:42 --> HT  = 5793475
DEBUG - 2026-09-07 07:49:42 --> TVA = 1113002
DEBUG - 2026-09-07 07:49:42 --> TTC = 6906477
DEBUG - 2026-09-07 07:49:42 --> DUE = 6895718
DEBUG - 2026-09-07 07:49:42 --> ==============================
DEBUG - 2026-09-07 07:49:42 --> Insertion footer à partir de ligne 353
DEBUG - 2026-09-07 07:49:42 --> Footer[0] ligne 353 : Bon à savoir / Good to know
DEBUG - 2026-09-07 07:49:42 --> Footer[1] ligne 354 (fond vert)
DEBUG - 2026-09-07 07:49:42 --> Footer[2] ligne 355 (italic bleu)
DEBUG - 2026-09-07 07:49:42 --> Footer[3] ENERGIZING à M356:O356
DEBUG - 2026-09-07 07:49:42 --> Footer[4] Pagination ligne 357 | Page 7/7
DEBUG - 2026-09-07 07:49:42 --> Signature bloc de M350 à O355
DEBUG - 2026-09-07 07:49:42 --> Insertion données page 1 et ligne 13
DEBUG - 2026-09-07 07:49:42 --> Totaux page 1 => HT: 13176655 | TVA: 2536507 | TTC: 15713162
DEBUG - 2026-09-07 07:49:42 --> ==============================
DEBUG - 2026-09-07 07:49:42 --> TOTAL GLOBAL
DEBUG - 2026-09-07 07:49:42 --> HT  = 13176655
DEBUG - 2026-09-07 07:49:42 --> TVA = 2536507
DEBUG - 2026-09-07 07:49:42 --> TTC = 15713162
DEBUG - 2026-09-07 07:49:42 --> DUE = 15713162
DEBUG - 2026-09-07 07:49:42 --> ==============================
DEBUG - 2026-09-07 07:49:42 --> Insertion footer à partir de ligne 39
DEBUG - 2026-09-07 07:49:42 --> Footer[0] ligne 39 : Bon à savoir / Good to know
DEBUG - 2026-09-07 07:49:42 --> Footer[1] ligne 40 (fond vert)
DEBUG - 2026-09-07 07:49:42 --> Footer[2] ligne 41 (italic bleu)
DEBUG - 2026-09-07 07:49:42 --> Footer[3] ENERGIZING à M42:O42
DEBUG - 2026-09-07 07:49:42 --> Footer[4] Pagination ligne 43 | Page 1/1
DEBUG - 2026-09-07 07:49:42 --> Signature bloc de M36 à O41
DEBUG - 2026-09-07 07:49:42 --> Insertion données page 1 et ligne 13
DEBUG - 2026-09-07 07:49:42 --> Totaux page 1 => HT: 2298659 | TVA: 442492 | TTC: 2741151
DEBUG - 2026-09-07 07:49:42 --> ==============================
DEBUG - 2026-09-07 07:49:42 --> TOTAL GLOBAL
DEBUG - 2026-09-07 07:49:42 --> HT  = 2298659
DEBUG - 2026-09-07 07:49:42 --> TVA = 442492
DEBUG - 2026-09-07 07:49:42 --> TTC = 2741151
DEBUG - 2026-09-07 07:49:42 --> DUE = 2741151
DEBUG - 2026-09-07 07:49:42 --> ==============================
DEBUG - 2026-09-07 07:49:42 --> Insertion footer à partir de ligne 36
DEBUG - 2026-09-07 07:49:42 --> Footer[0] ligne 36 : Bon à savoir / Good to know
DEBUG - 2026-09-07 07:49:42 --> Footer[1] ligne 37 (fond vert)
DEBUG - 2026-09-07 07:49:42 --> Footer[2] ligne 38 (italic bleu)
DEBUG - 2026-09-07 07:49:42 --> Footer[3] ENERGIZING à M39:O39
DEBUG - 2026-09-07 07:49:42 --> Footer[4] Pagination ligne 40 | Page 1/1
DEBUG - 2026-09-07 07:49:42 --> Signature bloc de M33 à O38
DEBUG - 2026-09-07 07:49:42 --> Insertion données page 1 et ligne 13
DEBUG - 2026-09-07 07:49:42 --> Totaux page 1 => HT: 5405647 | TVA: 1040584 | TTC: 6446231
DEBUG - 2026-09-07 07:49:42 --> Insertion footer à partir de ligne 45
DEBUG - 2026-09-07 07:49:42 --> Footer[0] ligne 45 : Bon à savoir / Good to know
DEBUG - 2026-09-07 07:49:42 --> Footer[1] ligne 46 (fond vert)
DEBUG - 2026-09-07 07:49:42 --> Footer[2] ligne 47 (italic bleu)
DEBUG - 2026-09-07 07:49:42 --> Footer[3] ENERGIZING à M48:O48
DEBUG - 2026-09-07 07:49:42 --> Footer[4] Pagination ligne 49 | Page 1/4
DEBUG - 2026-09-07 07:49:42 --> Signature bloc de M42 à O47
DEBUG - 2026-09-07 07:49:42 --> Ajout saut de page après ligne 50
DEBUG - 2026-09-07 07:49:42 --> Insertion données page 2 et ligne 64
DEBUG - 2026-09-07 07:49:42 --> Totaux page 2 => HT: 4266841 | TVA: 821366 | TTC: 5088207
DEBUG - 2026-09-07 07:49:42 --> Insertion footer à partir de ligne 96
DEBUG - 2026-09-07 07:49:42 --> Footer[0] ligne 96 : Bon à savoir / Good to know
DEBUG - 2026-09-07 07:49:42 --> Footer[1] ligne 97 (fond vert)
DEBUG - 2026-09-07 07:49:42 --> Footer[2] ligne 98 (italic bleu)
DEBUG - 2026-09-07 07:49:42 --> Footer[3] ENERGIZING à M99:O99
DEBUG - 2026-09-07 07:49:42 --> Footer[4] Pagination ligne 100 | Page 2/4
DEBUG - 2026-09-07 07:49:42 --> Signature bloc de M93 à O98
DEBUG - 2026-09-07 07:49:42 --> Ajout saut de page après ligne 101
DEBUG - 2026-09-07 07:49:42 --> Insertion données page 3 et ligne 115
DEBUG - 2026-09-07 07:49:42 --> Totaux page 3 => HT: 5020306 | TVA: 966407 | TTC: 5986713
DEBUG - 2026-09-07 07:49:42 --> Insertion footer à partir de ligne 147
DEBUG - 2026-09-07 07:49:42 --> Footer[0] ligne 147 : Bon à savoir / Good to know
DEBUG - 2026-09-07 07:49:42 --> Footer[1] ligne 148 (fond vert)
DEBUG - 2026-09-07 07:49:42 --> Footer[2] ligne 149 (italic bleu)
DEBUG - 2026-09-07 07:49:42 --> Footer[3] ENERGIZING à M150:O150
DEBUG - 2026-09-07 07:49:42 --> Footer[4] Pagination ligne 151 | Page 3/4
DEBUG - 2026-09-07 07:49:42 --> Signature bloc de M144 à O149
DEBUG - 2026-09-07 07:49:42 --> Ajout saut de page après ligne 152
DEBUG - 2026-09-07 07:49:42 --> Insertion données page 4 et ligne 166
DEBUG - 2026-09-07 07:49:42 --> Totaux page 4 => HT: 1308632 | TVA: 251911 | TTC: 1560543
DEBUG - 2026-09-07 07:49:42 --> ==============================
DEBUG - 2026-09-07 07:49:42 --> TOTAL GLOBAL
DEBUG - 2026-09-07 07:49:42 --> HT  = 16001426
DEBUG - 2026-09-07 07:49:42 --> TVA = 3080268
DEBUG - 2026-09-07 07:49:42 --> TTC = 19081694
DEBUG - 2026-09-07 07:49:42 --> DUE = 19069406
DEBUG - 2026-09-07 07:49:42 --> ==============================
DEBUG - 2026-09-07 07:49:42 --> Insertion footer à partir de ligne 182
DEBUG - 2026-09-07 07:49:42 --> Footer[0] ligne 182 : Bon à savoir / Good to know
DEBUG - 2026-09-07 07:49:42 --> Footer[1] ligne 183 (fond vert)
DEBUG - 2026-09-07 07:49:42 --> Footer[2] ligne 184 (italic bleu)
DEBUG - 2026-09-07 07:49:42 --> Footer[3] ENERGIZING à M185:O185
DEBUG - 2026-09-07 07:49:42 --> Footer[4] Pagination ligne 186 | Page 4/4
DEBUG - 2026-09-07 07:49:42 --> Signature bloc de M179 à O184
DEBUG - 2026-09-07 07:49:42 --> Insertion données page 1 et ligne 13
DEBUG - 2026-09-07 07:49:42 --> Totaux page 1 => HT: 32828681 | TVA: 6319516 | TTC: 39148197
DEBUG - 2026-09-07 07:49:42 --> Insertion footer à partir de ligne 45
DEBUG - 2026-09-07 07:49:42 --> Footer[0] ligne 45 : Bon à savoir / Good to know
DEBUG - 2026-09-07 07:49:42 --> Footer[1] ligne 46 (fond vert)
DEBUG - 2026-09-07 07:49:42 --> Footer[2] ligne 47 (italic bleu)
DEBUG - 2026-09-07 07:49:42 --> Footer[3] ENERGIZING à M48:O48
DEBUG - 2026-09-07 07:49:42 --> Footer[4] Pagination ligne 49 | Page 1/2
DEBUG - 2026-09-07 07:49:42 --> Signature bloc de M42 à O47
DEBUG - 2026-09-07 07:49:42 --> Ajout saut de page après ligne 50
DEBUG - 2026-09-07 07:49:42 --> Insertion données page 2 et ligne 64
DEBUG - 2026-09-07 07:49:42 --> Totaux page 2 => HT: 118168385 | TVA: 22747410 | TTC: 140915795
DEBUG - 2026-09-07 07:49:42 --> ==============================
DEBUG - 2026-09-07 07:49:42 --> TOTAL GLOBAL
DEBUG - 2026-09-07 07:49:42 --> HT  = 150997066
DEBUG - 2026-09-07 07:49:42 --> TVA = 29066926
DEBUG - 2026-09-07 07:49:42 --> TTC = 180063992
DEBUG - 2026-09-07 07:49:42 --> DUE = 179962662
DEBUG - 2026-09-07 07:49:42 --> ==============================
DEBUG - 2026-09-07 07:49:42 --> Insertion footer à partir de ligne 97
DEBUG - 2026-09-07 07:49:42 --> Footer[0] ligne 97 : Bon à savoir / Good to know
DEBUG - 2026-09-07 07:49:42 --> Footer[1] ligne 98 (fond vert)
DEBUG - 2026-09-07 07:49:42 --> Footer[2] ligne 99 (italic bleu)
DEBUG - 2026-09-07 07:49:42 --> Footer[3] ENERGIZING à M100:O100
DEBUG - 2026-09-07 07:49:42 --> Footer[4] Pagination ligne 101 | Page 2/2
DEBUG - 2026-09-07 07:49:42 --> Signature bloc de M94 à O99
DEBUG - 2026-09-07 07:49:42 --> Insertion données page 1 et ligne 13
DEBUG - 2026-09-07 07:49:43 --> Totaux page 1 => HT: 19307131 | TVA: 0 | TTC: 19307131
DEBUG - 2026-09-07 07:49:43 --> ==============================
DEBUG - 2026-09-07 07:49:43 --> TOTAL GLOBAL
DEBUG - 2026-09-07 07:49:43 --> HT  = 19307131
DEBUG - 2026-09-07 07:49:43 --> TVA = 0
DEBUG - 2026-09-07 07:49:43 --> TTC = 19307131
DEBUG - 2026-09-07 07:49:43 --> DUE = 19307131
DEBUG - 2026-09-07 07:49:43 --> ==============================
DEBUG - 2026-09-07 07:49:43 --> Insertion footer à partir de ligne 29
DEBUG - 2026-09-07 07:49:43 --> Footer[0] ligne 29 : Bon à savoir / Good to know
DEBUG - 2026-09-07 07:49:43 --> Footer[1] ligne 30 (fond vert)
DEBUG - 2026-09-07 07:49:43 --> Footer[2] ligne 31 (italic bleu)
DEBUG - 2026-09-07 07:49:43 --> Footer[3] ENERGIZING à M32:O32
DEBUG - 2026-09-07 07:49:43 --> Footer[4] Pagination ligne 33 | Page 1/1
DEBUG - 2026-09-07 07:49:43 --> Signature bloc de M26 à O31
DEBUG - 2026-09-07 07:49:43 --> Insertion données page 1 et ligne 13
DEBUG - 2026-09-07 07:49:43 --> Totaux page 1 => HT: 3710134 | TVA: 714200 | TTC: 4424334
DEBUG - 2026-09-07 07:49:43 --> Insertion footer à partir de ligne 45
DEBUG - 2026-09-07 07:49:43 --> Footer[0] ligne 45 : Bon à savoir / Good to know
DEBUG - 2026-09-07 07:49:43 --> Footer[1] ligne 46 (fond vert)
DEBUG - 2026-09-07 07:49:43 --> Footer[2] ligne 47 (italic bleu)
DEBUG - 2026-09-07 07:49:43 --> Footer[3] ENERGIZING à M48:O48
DEBUG - 2026-09-07 07:49:43 --> Footer[4] Pagination ligne 49 | Page 1/2
DEBUG - 2026-09-07 07:49:43 --> Signature bloc de M42 à O47
DEBUG - 2026-09-07 07:49:43 --> Ajout saut de page après ligne 50
DEBUG - 2026-09-07 07:49:43 --> Insertion données page 2 et ligne 64
DEBUG - 2026-09-07 07:49:43 --> Totaux page 2 => HT: 4170215 | TVA: 802767 | TTC: 4972982
DEBUG - 2026-09-07 07:49:43 --> ==============================
DEBUG - 2026-09-07 07:49:43 --> TOTAL GLOBAL
DEBUG - 2026-09-07 07:49:43 --> HT  = 7880349
DEBUG - 2026-09-07 07:49:43 --> TVA = 1516967
DEBUG - 2026-09-07 07:49:43 --> TTC = 9397316
DEBUG - 2026-09-07 07:49:43 --> DUE = 9040258
DEBUG - 2026-09-07 07:49:43 --> ==============================
DEBUG - 2026-09-07 07:49:43 --> Insertion footer à partir de ligne 85
DEBUG - 2026-09-07 07:49:43 --> Footer[0] ligne 85 : Bon à savoir / Good to know
DEBUG - 2026-09-07 07:49:43 --> Footer[1] ligne 86 (fond vert)
DEBUG - 2026-09-07 07:49:43 --> Footer[2] ligne 87 (italic bleu)
DEBUG - 2026-09-07 07:49:43 --> Footer[3] ENERGIZING à M88:O88
DEBUG - 2026-09-07 07:49:43 --> Footer[4] Pagination ligne 89 | Page 2/2
DEBUG - 2026-09-07 07:49:43 --> Signature bloc de M82 à O87
DEBUG - 2026-09-07 07:49:43 --> Insertion données page 1 et ligne 13
DEBUG - 2026-09-07 07:49:43 --> Totaux page 1 => HT: 8754576 | TVA: 1685254 | TTC: 10439830
DEBUG - 2026-09-07 07:49:43 --> Insertion footer à partir de ligne 45
DEBUG - 2026-09-07 07:49:43 --> Footer[0] ligne 45 : Bon à savoir / Good to know
DEBUG - 2026-09-07 07:49:43 --> Footer[1] ligne 46 (fond vert)
DEBUG - 2026-09-07 07:49:43 --> Footer[2] ligne 47 (italic bleu)
DEBUG - 2026-09-07 07:49:43 --> Footer[3] ENERGIZING à M48:O48
DEBUG - 2026-09-07 07:49:43 --> Footer[4] Pagination ligne 49 | Page 1/17
DEBUG - 2026-09-07 07:49:43 --> Signature bloc de M42 à O47
DEBUG - 2026-09-07 07:49:43 --> Ajout saut de page après ligne 50
DEBUG - 2026-09-07 07:49:43 --> Insertion données page 2 et ligne 64
DEBUG - 2026-09-07 07:49:43 --> Totaux page 2 => HT: 7385444 | TVA: 1421689 | TTC: 8807133
DEBUG - 2026-09-07 07:49:43 --> Insertion footer à partir de ligne 96
DEBUG - 2026-09-07 07:49:43 --> Footer[0] ligne 96 : Bon à savoir / Good to know
DEBUG - 2026-09-07 07:49:43 --> Footer[1] ligne 97 (fond vert)
DEBUG - 2026-09-07 07:49:43 --> Footer[2] ligne 98 (italic bleu)
DEBUG - 2026-09-07 07:49:43 --> Footer[3] ENERGIZING à M99:O99
DEBUG - 2026-09-07 07:49:43 --> Footer[4] Pagination ligne 100 | Page 2/17
DEBUG - 2026-09-07 07:49:43 --> Signature bloc de M93 à O98
DEBUG - 2026-09-07 07:49:43 --> Ajout saut de page après ligne 101
DEBUG - 2026-09-07 07:49:43 --> Insertion données page 3 et ligne 115
DEBUG - 2026-09-07 07:49:43 --> Totaux page 3 => HT: 8774397 | TVA: 1689073 | TTC: 10463470
DEBUG - 2026-09-07 07:49:43 --> Insertion footer à partir de ligne 147
DEBUG - 2026-09-07 07:49:43 --> Footer[0] ligne 147 : Bon à savoir / Good to know
DEBUG - 2026-09-07 07:49:43 --> Footer[1] ligne 148 (fond vert)
DEBUG - 2026-09-07 07:49:43 --> Footer[2] ligne 149 (italic bleu)
DEBUG - 2026-09-07 07:49:43 --> Footer[3] ENERGIZING à M150:O150
DEBUG - 2026-09-07 07:49:43 --> Footer[4] Pagination ligne 151 | Page 3/17
DEBUG - 2026-09-07 07:49:43 --> Signature bloc de M144 à O149
DEBUG - 2026-09-07 07:49:43 --> Ajout saut de page après ligne 152
DEBUG - 2026-09-07 07:49:43 --> Insertion données page 4 et ligne 166
DEBUG - 2026-09-07 07:49:43 --> Totaux page 4 => HT: 7146720 | TVA: 1375744 | TTC: 8522464
DEBUG - 2026-09-07 07:49:43 --> Insertion footer à partir de ligne 198
DEBUG - 2026-09-07 07:49:43 --> Footer[0] ligne 198 : Bon à savoir / Good to know
DEBUG - 2026-09-07 07:49:43 --> Footer[1] ligne 199 (fond vert)
DEBUG - 2026-09-07 07:49:43 --> Footer[2] ligne 200 (italic bleu)
DEBUG - 2026-09-07 07:49:43 --> Footer[3] ENERGIZING à M201:O201
DEBUG - 2026-09-07 07:49:43 --> Footer[4] Pagination ligne 202 | Page 4/17
DEBUG - 2026-09-07 07:49:43 --> Signature bloc de M195 à O200
DEBUG - 2026-09-07 07:49:43 --> Ajout saut de page après ligne 203
DEBUG - 2026-09-07 07:49:43 --> Insertion données page 5 et ligne 217
DEBUG - 2026-09-07 07:49:43 --> Totaux page 5 => HT: 7925388 | TVA: 1525640 | TTC: 9451028
DEBUG - 2026-09-07 07:49:43 --> Insertion footer à partir de ligne 249
DEBUG - 2026-09-07 07:49:43 --> Footer[0] ligne 249 : Bon à savoir / Good to know
DEBUG - 2026-09-07 07:49:43 --> Footer[1] ligne 250 (fond vert)
DEBUG - 2026-09-07 07:49:43 --> Footer[2] ligne 251 (italic bleu)
DEBUG - 2026-09-07 07:49:43 --> Footer[3] ENERGIZING à M252:O252
DEBUG - 2026-09-07 07:49:43 --> Footer[4] Pagination ligne 253 | Page 5/17
DEBUG - 2026-09-07 07:49:43 --> Signature bloc de M246 à O251
DEBUG - 2026-09-07 07:49:43 --> Ajout saut de page après ligne 254
DEBUG - 2026-09-07 07:49:43 --> Insertion données page 6 et ligne 268
DEBUG - 2026-09-07 07:49:43 --> Totaux page 6 => HT: 7648140 | TVA: 1472266 | TTC: 9120406
DEBUG - 2026-09-07 07:49:43 --> Insertion footer à partir de ligne 300
DEBUG - 2026-09-07 07:49:43 --> Footer[0] ligne 300 : Bon à savoir / Good to know
DEBUG - 2026-09-07 07:49:43 --> Footer[1] ligne 301 (fond vert)
DEBUG - 2026-09-07 07:49:43 --> Footer[2] ligne 302 (italic bleu)
DEBUG - 2026-09-07 07:49:43 --> Footer[3] ENERGIZING à M303:O303
DEBUG - 2026-09-07 07:49:43 --> Footer[4] Pagination ligne 304 | Page 6/17
DEBUG - 2026-09-07 07:49:43 --> Signature bloc de M297 à O302
DEBUG - 2026-09-07 07:49:43 --> Ajout saut de page après ligne 305
DEBUG - 2026-09-07 07:49:43 --> Insertion données page 7 et ligne 319
DEBUG - 2026-09-07 07:49:43 --> Totaux page 7 => HT: 6574784 | TVA: 1265648 | TTC: 7840432
DEBUG - 2026-09-07 07:49:43 --> Insertion footer à partir de ligne 351
DEBUG - 2026-09-07 07:49:43 --> Footer[0] ligne 351 : Bon à savoir / Good to know
DEBUG - 2026-09-07 07:49:43 --> Footer[1] ligne 352 (fond vert)
DEBUG - 2026-09-07 07:49:43 --> Footer[2] ligne 353 (italic bleu)
DEBUG - 2026-09-07 07:49:43 --> Footer[3] ENERGIZING à M354:O354
DEBUG - 2026-09-07 07:49:43 --> Footer[4] Pagination ligne 355 | Page 7/17
DEBUG - 2026-09-07 07:49:43 --> Signature bloc de M348 à O353
DEBUG - 2026-09-07 07:49:43 --> Ajout saut de page après ligne 356
DEBUG - 2026-09-07 07:49:43 --> Insertion données page 8 et ligne 370
DEBUG - 2026-09-07 07:49:43 --> Totaux page 8 => HT: 6772167 | TVA: 1303641 | TTC: 8075808
DEBUG - 2026-09-07 07:49:43 --> Insertion footer à partir de ligne 402
DEBUG - 2026-09-07 07:49:43 --> Footer[0] ligne 402 : Bon à savoir / Good to know
DEBUG - 2026-09-07 07:49:43 --> Footer[1] ligne 403 (fond vert)
DEBUG - 2026-09-07 07:49:43 --> Footer[2] ligne 404 (italic bleu)
DEBUG - 2026-09-07 07:49:43 --> Footer[3] ENERGIZING à M405:O405
DEBUG - 2026-09-07 07:49:43 --> Footer[4] Pagination ligne 406 | Page 8/17
DEBUG - 2026-09-07 07:49:43 --> Signature bloc de M399 à O404
DEBUG - 2026-09-07 07:49:43 --> Ajout saut de page après ligne 407
DEBUG - 2026-09-07 07:49:43 --> Insertion données page 9 et ligne 421
DEBUG - 2026-09-07 07:49:43 --> Totaux page 9 => HT: 7937678 | TVA: 1525387 | TTC: 9463065
DEBUG - 2026-09-07 07:49:43 --> Insertion footer à partir de ligne 453
DEBUG - 2026-09-07 07:49:43 --> Footer[0] ligne 453 : Bon à savoir / Good to know
DEBUG - 2026-09-07 07:49:43 --> Footer[1] ligne 454 (fond vert)
DEBUG - 2026-09-07 07:49:43 --> Footer[2] ligne 455 (italic bleu)
DEBUG - 2026-09-07 07:49:43 --> Footer[3] ENERGIZING à M456:O456
DEBUG - 2026-09-07 07:49:43 --> Footer[4] Pagination ligne 457 | Page 9/17
DEBUG - 2026-09-07 07:49:43 --> Signature bloc de M450 à O455
DEBUG - 2026-09-07 07:49:43 --> Ajout saut de page après ligne 458
DEBUG - 2026-09-07 07:49:43 --> Insertion données page 10 et ligne 472
DEBUG - 2026-09-07 07:49:43 --> Totaux page 10 => HT: 5484818 | TVA: 1055829 | TTC: 6540647
DEBUG - 2026-09-07 07:49:43 --> Insertion footer à partir de ligne 504
DEBUG - 2026-09-07 07:49:43 --> Footer[0] ligne 504 : Bon à savoir / Good to know
DEBUG - 2026-09-07 07:49:43 --> Footer[1] ligne 505 (fond vert)
DEBUG - 2026-09-07 07:49:43 --> Footer[2] ligne 506 (italic bleu)
DEBUG - 2026-09-07 07:49:43 --> Footer[3] ENERGIZING à M507:O507
DEBUG - 2026-09-07 07:49:43 --> Footer[4] Pagination ligne 508 | Page 10/17
DEBUG - 2026-09-07 07:49:43 --> Signature bloc de M501 à O506
DEBUG - 2026-09-07 07:49:43 --> Ajout saut de page après ligne 509
DEBUG - 2026-09-07 07:49:43 --> Insertion données page 11 et ligne 523
DEBUG - 2026-09-07 07:49:43 --> Totaux page 11 => HT: 8574791 | TVA: 1650647 | TTC: 10225438
DEBUG - 2026-09-07 07:49:43 --> Insertion footer à partir de ligne 555
DEBUG - 2026-09-07 07:49:43 --> Footer[0] ligne 555 : Bon à savoir / Good to know
DEBUG - 2026-09-07 07:49:43 --> Footer[1] ligne 556 (fond vert)
DEBUG - 2026-09-07 07:49:43 --> Footer[2] ligne 557 (italic bleu)
DEBUG - 2026-09-07 07:49:43 --> Footer[3] ENERGIZING à M558:O558
DEBUG - 2026-09-07 07:49:43 --> Footer[4] Pagination ligne 559 | Page 11/17
DEBUG - 2026-09-07 07:49:43 --> Signature bloc de M552 à O557
DEBUG - 2026-09-07 07:49:43 --> Ajout saut de page après ligne 560
DEBUG - 2026-09-07 07:49:43 --> Insertion données page 12 et ligne 574
DEBUG - 2026-09-07 07:49:43 --> Totaux page 12 => HT: 7524899 | TVA: 1448546 | TTC: 8973445
DEBUG - 2026-09-07 07:49:43 --> Insertion footer à partir de ligne 606
DEBUG - 2026-09-07 07:49:43 --> Footer[0] ligne 606 : Bon à savoir / Good to know
DEBUG - 2026-09-07 07:49:43 --> Footer[1] ligne 607 (fond vert)
DEBUG - 2026-09-07 07:49:43 --> Footer[2] ligne 608 (italic bleu)
DEBUG - 2026-09-07 07:49:43 --> Footer[3] ENERGIZING à M609:O609
DEBUG - 2026-09-07 07:49:43 --> Footer[4] Pagination ligne 610 | Page 12/17
DEBUG - 2026-09-07 07:49:43 --> Signature bloc de M603 à O608
DEBUG - 2026-09-07 07:49:43 --> Ajout saut de page après ligne 611
DEBUG - 2026-09-07 07:49:43 --> Insertion données page 13 et ligne 625
DEBUG - 2026-09-07 07:49:43 --> Totaux page 13 => HT: 8191614 | TVA: 1576887 | TTC: 9768501
DEBUG - 2026-09-07 07:49:43 --> Insertion footer à partir de ligne 657
DEBUG - 2026-09-07 07:49:43 --> Footer[0] ligne 657 : Bon à savoir / Good to know
DEBUG - 2026-09-07 07:49:43 --> Footer[1] ligne 658 (fond vert)
DEBUG - 2026-09-07 07:49:43 --> Footer[2] ligne 659 (italic bleu)
DEBUG - 2026-09-07 07:49:43 --> Footer[3] ENERGIZING à M660:O660
DEBUG - 2026-09-07 07:49:43 --> Footer[4] Pagination ligne 661 | Page 13/17
DEBUG - 2026-09-07 07:49:43 --> Signature bloc de M654 à O659
DEBUG - 2026-09-07 07:49:43 --> Ajout saut de page après ligne 662
DEBUG - 2026-09-07 07:49:43 --> Insertion données page 14 et ligne 676
DEBUG - 2026-09-07 07:49:43 --> Totaux page 14 => HT: 6475798 | TVA: 1246594 | TTC: 7722392
DEBUG - 2026-09-07 07:49:43 --> Insertion footer à partir de ligne 708
DEBUG - 2026-09-07 07:49:43 --> Footer[0] ligne 708 : Bon à savoir / Good to know
DEBUG - 2026-09-07 07:49:43 --> Footer[1] ligne 709 (fond vert)
DEBUG - 2026-09-07 07:49:43 --> Footer[2] ligne 710 (italic bleu)
DEBUG - 2026-09-07 07:49:43 --> Footer[3] ENERGIZING à M711:O711
DEBUG - 2026-09-07 07:49:43 --> Footer[4] Pagination ligne 712 | Page 14/17
DEBUG - 2026-09-07 07:49:43 --> Signature bloc de M705 à O710
DEBUG - 2026-09-07 07:49:43 --> Ajout saut de page après ligne 713
DEBUG - 2026-09-07 07:49:43 --> Insertion données page 15 et ligne 727
DEBUG - 2026-09-07 07:49:43 --> Totaux page 15 => HT: 7374170 | TVA: 1417659 | TTC: 8791829
DEBUG - 2026-09-07 07:49:43 --> Insertion footer à partir de ligne 759
DEBUG - 2026-09-07 07:49:43 --> Footer[0] ligne 759 : Bon à savoir / Good to know
DEBUG - 2026-09-07 07:49:43 --> Footer[1] ligne 760 (fond vert)
DEBUG - 2026-09-07 07:49:43 --> Footer[2] ligne 761 (italic bleu)
DEBUG - 2026-09-07 07:49:43 --> Footer[3] ENERGIZING à M762:O762
DEBUG - 2026-09-07 07:49:43 --> Footer[4] Pagination ligne 763 | Page 15/17
DEBUG - 2026-09-07 07:49:43 --> Signature bloc de M756 à O761
DEBUG - 2026-09-07 07:49:43 --> Ajout saut de page après ligne 764
DEBUG - 2026-09-07 07:49:43 --> Insertion données page 16 et ligne 778
DEBUG - 2026-09-07 07:49:43 --> Totaux page 16 => HT: 6548597 | TVA: 1260606 | TTC: 7809203
DEBUG - 2026-09-07 07:49:43 --> Insertion footer à partir de ligne 810
DEBUG - 2026-09-07 07:49:43 --> Footer[0] ligne 810 : Bon à savoir / Good to know
DEBUG - 2026-09-07 07:49:43 --> Footer[1] ligne 811 (fond vert)
DEBUG - 2026-09-07 07:49:43 --> Footer[2] ligne 812 (italic bleu)
DEBUG - 2026-09-07 07:49:43 --> Footer[3] ENERGIZING à M813:O813
DEBUG - 2026-09-07 07:49:43 --> Footer[4] Pagination ligne 814 | Page 16/17
DEBUG - 2026-09-07 07:49:43 --> Signature bloc de M807 à O812
DEBUG - 2026-09-07 07:49:43 --> Ajout saut de page après ligne 815
DEBUG - 2026-09-07 07:49:43 --> Insertion données page 17 et ligne 829
DEBUG - 2026-09-07 07:49:43 --> Totaux page 17 => HT: 1032134 | TVA: 198686 | TTC: 1230820
DEBUG - 2026-09-07 07:49:43 --> ==============================
DEBUG - 2026-09-07 07:49:43 --> TOTAL GLOBAL
DEBUG - 2026-09-07 07:49:43 --> HT  = 120126115
DEBUG - 2026-09-07 07:49:43 --> TVA = 23119796
DEBUG - 2026-09-07 07:49:43 --> TTC = 143245911
DEBUG - 2026-09-07 07:49:43 --> DUE = 140662697
DEBUG - 2026-09-07 07:49:43 --> ==============================
DEBUG - 2026-09-07 07:49:43 --> Insertion footer à partir de ligne 838
DEBUG - 2026-09-07 07:49:43 --> Footer[0] ligne 838 : Bon à savoir / Good to know
DEBUG - 2026-09-07 07:49:43 --> Footer[1] ligne 839 (fond vert)
DEBUG - 2026-09-07 07:49:43 --> Footer[2] ligne 840 (italic bleu)
DEBUG - 2026-09-07 07:49:43 --> Footer[3] ENERGIZING à M841:O841
DEBUG - 2026-09-07 07:49:43 --> Footer[4] Pagination ligne 842 | Page 17/17
DEBUG - 2026-09-07 07:49:43 --> Signature bloc de M835 à O840
DEBUG - 2026-09-07 07:49:43 --> Insertion données page 1 et ligne 13
DEBUG - 2026-09-07 07:49:43 --> Totaux page 1 => HT: 5888278 | TVA: 1131397 | TTC: 7019675
DEBUG - 2026-09-07 07:49:43 --> Insertion footer à partir de ligne 45
DEBUG - 2026-09-07 07:49:43 --> Footer[0] ligne 45 : Bon à savoir / Good to know
DEBUG - 2026-09-07 07:49:43 --> Footer[1] ligne 46 (fond vert)
DEBUG - 2026-09-07 07:49:43 --> Footer[2] ligne 47 (italic bleu)
DEBUG - 2026-09-07 07:49:43 --> Footer[3] ENERGIZING à M48:O48
DEBUG - 2026-09-07 07:49:43 --> Footer[4] Pagination ligne 49 | Page 1/2
DEBUG - 2026-09-07 07:49:43 --> Signature bloc de M42 à O47
DEBUG - 2026-09-07 07:49:43 --> Ajout saut de page après ligne 50
DEBUG - 2026-09-07 07:49:43 --> Insertion données page 2 et ligne 64
DEBUG - 2026-09-07 07:49:43 --> Totaux page 2 => HT: 1648056 | TVA: 317251 | TTC: 1965307
DEBUG - 2026-09-07 07:49:43 --> ==============================
DEBUG - 2026-09-07 07:49:43 --> TOTAL GLOBAL
DEBUG - 2026-09-07 07:49:43 --> HT  = 7536334
DEBUG - 2026-09-07 07:49:43 --> TVA = 1448648
DEBUG - 2026-09-07 07:49:43 --> TTC = 8984982
DEBUG - 2026-09-07 07:49:43 --> DUE = 8865154
DEBUG - 2026-09-07 07:49:43 --> ==============================
DEBUG - 2026-09-07 07:49:43 --> Insertion footer à partir de ligne 79
DEBUG - 2026-09-07 07:49:43 --> Footer[0] ligne 79 : Bon à savoir / Good to know
DEBUG - 2026-09-07 07:49:43 --> Footer[1] ligne 80 (fond vert)
DEBUG - 2026-09-07 07:49:43 --> Footer[2] ligne 81 (italic bleu)
DEBUG - 2026-09-07 07:49:43 --> Footer[3] ENERGIZING à M82:O82
DEBUG - 2026-09-07 07:49:43 --> Footer[4] Pagination ligne 83 | Page 2/2
DEBUG - 2026-09-07 07:49:43 --> Signature bloc de M76 à O81
DEBUG - 2026-09-07 07:49:43 --> Insertion données page 1 et ligne 13
DEBUG - 2026-09-07 07:49:43 --> Totaux page 1 => HT: 150212 | TVA: 28915 | TTC: 179127
DEBUG - 2026-09-07 07:49:44 --> ==============================
DEBUG - 2026-09-07 07:49:44 --> TOTAL GLOBAL
DEBUG - 2026-09-07 07:49:44 --> HT  = 150212
DEBUG - 2026-09-07 07:49:44 --> TVA = 28915
DEBUG - 2026-09-07 07:49:44 --> TTC = 179127
DEBUG - 2026-09-07 07:49:44 --> DUE = 178426
DEBUG - 2026-09-07 07:49:44 --> ==============================
DEBUG - 2026-09-07 07:49:44 --> Insertion footer à partir de ligne 23
DEBUG - 2026-09-07 07:49:44 --> Footer[0] ligne 23 : Bon à savoir / Good to know
DEBUG - 2026-09-07 07:49:44 --> Footer[1] ligne 24 (fond vert)
DEBUG - 2026-09-07 07:49:44 --> Footer[2] ligne 25 (italic bleu)
DEBUG - 2026-09-07 07:49:44 --> Footer[3] ENERGIZING à M26:O26
DEBUG - 2026-09-07 07:49:44 --> Footer[4] Pagination ligne 27 | Page 1/1
DEBUG - 2026-09-07 07:49:44 --> Signature bloc de M20 à O25
DEBUG - 2026-09-07 07:49:44 --> Insertion données page 1 et ligne 13
DEBUG - 2026-09-07 07:49:44 --> Totaux page 1 => HT: 11654996 | TVA: 2243578 | TTC: 13898574
DEBUG - 2026-09-07 07:49:44 --> Insertion footer à partir de ligne 45
DEBUG - 2026-09-07 07:49:44 --> Footer[0] ligne 45 : Bon à savoir / Good to know
DEBUG - 2026-09-07 07:49:44 --> Footer[1] ligne 46 (fond vert)
DEBUG - 2026-09-07 07:49:44 --> Footer[2] ligne 47 (italic bleu)
DEBUG - 2026-09-07 07:49:44 --> Footer[3] ENERGIZING à M48:O48
DEBUG - 2026-09-07 07:49:44 --> Footer[4] Pagination ligne 49 | Page 1/9
DEBUG - 2026-09-07 07:49:44 --> Signature bloc de M42 à O47
DEBUG - 2026-09-07 07:49:44 --> Ajout saut de page après ligne 50
DEBUG - 2026-09-07 07:49:44 --> Insertion données page 2 et ligne 64
DEBUG - 2026-09-07 07:49:44 --> Totaux page 2 => HT: 12802924 | TVA: 2464563 | TTC: 15267487
DEBUG - 2026-09-07 07:49:44 --> Insertion footer à partir de ligne 96
DEBUG - 2026-09-07 07:49:44 --> Footer[0] ligne 96 : Bon à savoir / Good to know
DEBUG - 2026-09-07 07:49:44 --> Footer[1] ligne 97 (fond vert)
DEBUG - 2026-09-07 07:49:44 --> Footer[2] ligne 98 (italic bleu)
DEBUG - 2026-09-07 07:49:44 --> Footer[3] ENERGIZING à M99:O99
DEBUG - 2026-09-07 07:49:44 --> Footer[4] Pagination ligne 100 | Page 2/9
DEBUG - 2026-09-07 07:49:44 --> Signature bloc de M93 à O98
DEBUG - 2026-09-07 07:49:44 --> Ajout saut de page après ligne 101
DEBUG - 2026-09-07 07:49:44 --> Insertion données page 3 et ligne 115
DEBUG - 2026-09-07 07:49:44 --> Totaux page 3 => HT: 9909478 | TVA: 1907574 | TTC: 11817052
DEBUG - 2026-09-07 07:49:44 --> Insertion footer à partir de ligne 147
DEBUG - 2026-09-07 07:49:44 --> Footer[0] ligne 147 : Bon à savoir / Good to know
DEBUG - 2026-09-07 07:49:44 --> Footer[1] ligne 148 (fond vert)
DEBUG - 2026-09-07 07:49:44 --> Footer[2] ligne 149 (italic bleu)
DEBUG - 2026-09-07 07:49:44 --> Footer[3] ENERGIZING à M150:O150
DEBUG - 2026-09-07 07:49:44 --> Footer[4] Pagination ligne 151 | Page 3/9
DEBUG - 2026-09-07 07:49:44 --> Signature bloc de M144 à O149
DEBUG - 2026-09-07 07:49:44 --> Ajout saut de page après ligne 152
DEBUG - 2026-09-07 07:49:44 --> Insertion données page 4 et ligne 166
DEBUG - 2026-09-07 07:49:44 --> Totaux page 4 => HT: 17357482 | TVA: 3341317 | TTC: 20698799
DEBUG - 2026-09-07 07:49:44 --> Insertion footer à partir de ligne 198
DEBUG - 2026-09-07 07:49:44 --> Footer[0] ligne 198 : Bon à savoir / Good to know
DEBUG - 2026-09-07 07:49:44 --> Footer[1] ligne 199 (fond vert)
DEBUG - 2026-09-07 07:49:44 --> Footer[2] ligne 200 (italic bleu)
DEBUG - 2026-09-07 07:49:44 --> Footer[3] ENERGIZING à M201:O201
DEBUG - 2026-09-07 07:49:44 --> Footer[4] Pagination ligne 202 | Page 4/9
DEBUG - 2026-09-07 07:49:44 --> Signature bloc de M195 à O200
DEBUG - 2026-09-07 07:49:44 --> Ajout saut de page après ligne 203
DEBUG - 2026-09-07 07:49:44 --> Insertion données page 5 et ligne 217
DEBUG - 2026-09-07 07:49:44 --> Totaux page 5 => HT: 7548138 | TVA: 1453020 | TTC: 9001158
DEBUG - 2026-09-07 07:49:44 --> Insertion footer à partir de ligne 249
DEBUG - 2026-09-07 07:49:44 --> Footer[0] ligne 249 : Bon à savoir / Good to know
DEBUG - 2026-09-07 07:49:44 --> Footer[1] ligne 250 (fond vert)
DEBUG - 2026-09-07 07:49:44 --> Footer[2] ligne 251 (italic bleu)
DEBUG - 2026-09-07 07:49:44 --> Footer[3] ENERGIZING à M252:O252
DEBUG - 2026-09-07 07:49:44 --> Footer[4] Pagination ligne 253 | Page 5/9
DEBUG - 2026-09-07 07:49:44 --> Signature bloc de M246 à O251
DEBUG - 2026-09-07 07:49:44 --> Ajout saut de page après ligne 254
DEBUG - 2026-09-07 07:49:44 --> Insertion données page 6 et ligne 268
DEBUG - 2026-09-07 07:49:44 --> Totaux page 6 => HT: 8516264 | TVA: 1639380 | TTC: 10155644
DEBUG - 2026-09-07 07:49:44 --> Insertion footer à partir de ligne 300
DEBUG - 2026-09-07 07:49:44 --> Footer[0] ligne 300 : Bon à savoir / Good to know
DEBUG - 2026-09-07 07:49:44 --> Footer[1] ligne 301 (fond vert)
DEBUG - 2026-09-07 07:49:44 --> Footer[2] ligne 302 (italic bleu)
DEBUG - 2026-09-07 07:49:44 --> Footer[3] ENERGIZING à M303:O303
DEBUG - 2026-09-07 07:49:44 --> Footer[4] Pagination ligne 304 | Page 6/9
DEBUG - 2026-09-07 07:49:44 --> Signature bloc de M297 à O302
DEBUG - 2026-09-07 07:49:44 --> Ajout saut de page après ligne 305
DEBUG - 2026-09-07 07:49:44 --> Insertion données page 7 et ligne 319
DEBUG - 2026-09-07 07:49:44 --> Totaux page 7 => HT: 120682965 | TVA: 23231472 | TTC: 143914437
DEBUG - 2026-09-07 07:49:44 --> Insertion footer à partir de ligne 351
DEBUG - 2026-09-07 07:49:44 --> Footer[0] ligne 351 : Bon à savoir / Good to know
DEBUG - 2026-09-07 07:49:44 --> Footer[1] ligne 352 (fond vert)
DEBUG - 2026-09-07 07:49:44 --> Footer[2] ligne 353 (italic bleu)
DEBUG - 2026-09-07 07:49:44 --> Footer[3] ENERGIZING à M354:O354
DEBUG - 2026-09-07 07:49:44 --> Footer[4] Pagination ligne 355 | Page 7/9
DEBUG - 2026-09-07 07:49:44 --> Signature bloc de M348 à O353
DEBUG - 2026-09-07 07:49:44 --> Ajout saut de page après ligne 356
DEBUG - 2026-09-07 07:49:44 --> Insertion données page 8 et ligne 370
DEBUG - 2026-09-07 07:49:44 --> Totaux page 8 => HT: 7416715 | TVA: 1427719 | TTC: 8844434
DEBUG - 2026-09-07 07:49:44 --> Insertion footer à partir de ligne 402
DEBUG - 2026-09-07 07:49:44 --> Footer[0] ligne 402 : Bon à savoir / Good to know
DEBUG - 2026-09-07 07:49:44 --> Footer[1] ligne 403 (fond vert)
DEBUG - 2026-09-07 07:49:44 --> Footer[2] ligne 404 (italic bleu)
DEBUG - 2026-09-07 07:49:44 --> Footer[3] ENERGIZING à M405:O405
DEBUG - 2026-09-07 07:49:44 --> Footer[4] Pagination ligne 406 | Page 8/9
DEBUG - 2026-09-07 07:49:44 --> Signature bloc de M399 à O404
DEBUG - 2026-09-07 07:49:44 --> Ajout saut de page après ligne 407
DEBUG - 2026-09-07 07:49:44 --> Insertion données page 9 et ligne 421
DEBUG - 2026-09-07 07:49:44 --> Totaux page 9 => HT: 0 | TVA: 0 | TTC: 0
DEBUG - 2026-09-07 07:49:44 --> ==============================
DEBUG - 2026-09-07 07:49:44 --> TOTAL GLOBAL
DEBUG - 2026-09-07 07:49:44 --> HT  = 195888962
DEBUG - 2026-09-07 07:49:44 --> TVA = 37708623
DEBUG - 2026-09-07 07:49:44 --> TTC = 233597585
DEBUG - 2026-09-07 07:49:44 --> DUE = 233597284
DEBUG - 2026-09-07 07:49:44 --> ==============================
DEBUG - 2026-09-07 07:49:44 --> Insertion footer à partir de ligne 429
DEBUG - 2026-09-07 07:49:44 --> Footer[0] ligne 429 : Bon à savoir / Good to know
DEBUG - 2026-09-07 07:49:44 --> Footer[1] ligne 430 (fond vert)
DEBUG - 2026-09-07 07:49:44 --> Footer[2] ligne 431 (italic bleu)
DEBUG - 2026-09-07 07:49:44 --> Footer[3] ENERGIZING à M432:O432
DEBUG - 2026-09-07 07:49:44 --> Footer[4] Pagination ligne 433 | Page 9/9
DEBUG - 2026-09-07 07:49:44 --> Signature bloc de M426 à O431
DEBUG - 2026-09-07 07:49:44 --> Insertion données page 1 et ligne 13
DEBUG - 2026-09-07 07:49:44 --> Totaux page 1 => HT: 1498103 | TVA: 288386 | TTC: 1786489
DEBUG - 2026-09-07 07:49:44 --> ==============================
DEBUG - 2026-09-07 07:49:44 --> TOTAL GLOBAL
DEBUG - 2026-09-07 07:49:44 --> HT  = 1498103
DEBUG - 2026-09-07 07:49:44 --> TVA = 288386
DEBUG - 2026-09-07 07:49:44 --> TTC = 1786489
DEBUG - 2026-09-07 07:49:44 --> DUE = 1786489
DEBUG - 2026-09-07 07:49:44 --> ==============================
DEBUG - 2026-09-07 07:49:44 --> Insertion footer à partir de ligne 24
DEBUG - 2026-09-07 07:49:44 --> Footer[0] ligne 24 : Bon à savoir / Good to know
DEBUG - 2026-09-07 07:49:44 --> Footer[1] ligne 25 (fond vert)
DEBUG - 2026-09-07 07:49:44 --> Footer[2] ligne 26 (italic bleu)
DEBUG - 2026-09-07 07:49:44 --> Footer[3] ENERGIZING à M27:O27
DEBUG - 2026-09-07 07:49:44 --> Footer[4] Pagination ligne 28 | Page 1/1
DEBUG - 2026-09-07 07:49:44 --> Signature bloc de M21 à O26
DEBUG - 2026-09-07 07:49:44 --> Insertion données page 1 et ligne 13
DEBUG - 2026-09-07 07:49:44 --> Totaux page 1 => HT: 998868 | TVA: 192281 | TTC: 1191149
DEBUG - 2026-09-07 07:49:44 --> ==============================
DEBUG - 2026-09-07 07:49:44 --> TOTAL GLOBAL
DEBUG - 2026-09-07 07:49:44 --> HT  = 998868
DEBUG - 2026-09-07 07:49:44 --> TVA = 192281
DEBUG - 2026-09-07 07:49:44 --> TTC = 1191149
DEBUG - 2026-09-07 07:49:44 --> DUE = 1191149
DEBUG - 2026-09-07 07:49:44 --> ==============================
DEBUG - 2026-09-07 07:49:44 --> Insertion footer à partir de ligne 31
DEBUG - 2026-09-07 07:49:44 --> Footer[0] ligne 31 : Bon à savoir / Good to know
DEBUG - 2026-09-07 07:49:44 --> Footer[1] ligne 32 (fond vert)
DEBUG - 2026-09-07 07:49:44 --> Footer[2] ligne 33 (italic bleu)
DEBUG - 2026-09-07 07:49:44 --> Footer[3] ENERGIZING à M34:O34
DEBUG - 2026-09-07 07:49:44 --> Footer[4] Pagination ligne 35 | Page 1/1
DEBUG - 2026-09-07 07:49:44 --> Signature bloc de M28 à O33
DEBUG - 2026-09-07 07:49:44 --> Insertion données page 1 et ligne 13
DEBUG - 2026-09-07 07:49:44 --> Totaux page 1 => HT: 1567558 | TVA: 295103 | TTC: 1862661
DEBUG - 2026-09-07 07:49:44 --> ==============================
DEBUG - 2026-09-07 07:49:44 --> TOTAL GLOBAL
DEBUG - 2026-09-07 07:49:44 --> HT  = 1567558
DEBUG - 2026-09-07 07:49:44 --> TVA = 295103
DEBUG - 2026-09-07 07:49:44 --> TTC = 1862661
DEBUG - 2026-09-07 07:49:44 --> DUE = 1862661
DEBUG - 2026-09-07 07:49:44 --> ==============================
DEBUG - 2026-09-07 07:49:44 --> Insertion footer à partir de ligne 40
DEBUG - 2026-09-07 07:49:44 --> Footer[0] ligne 40 : Bon à savoir / Good to know
DEBUG - 2026-09-07 07:49:44 --> Footer[1] ligne 41 (fond vert)
DEBUG - 2026-09-07 07:49:44 --> Footer[2] ligne 42 (italic bleu)
DEBUG - 2026-09-07 07:49:44 --> Footer[3] ENERGIZING à M43:O43
DEBUG - 2026-09-07 07:49:44 --> Footer[4] Pagination ligne 44 | Page 1/1
DEBUG - 2026-09-07 07:49:44 --> Signature bloc de M37 à O42
DEBUG - 2026-09-07 07:49:44 --> Insertion données page 1 et ligne 13
DEBUG - 2026-09-07 07:49:44 --> Totaux page 1 => HT: 4519359 | TVA: 869976 | TTC: 5389335
DEBUG - 2026-09-07 07:49:44 --> Insertion footer à partir de ligne 45
DEBUG - 2026-09-07 07:49:44 --> Footer[0] ligne 45 : Bon à savoir / Good to know
DEBUG - 2026-09-07 07:49:44 --> Footer[1] ligne 46 (fond vert)
DEBUG - 2026-09-07 07:49:44 --> Footer[2] ligne 47 (italic bleu)
DEBUG - 2026-09-07 07:49:44 --> Footer[3] ENERGIZING à M48:O48
DEBUG - 2026-09-07 07:49:44 --> Footer[4] Pagination ligne 49 | Page 1/4
DEBUG - 2026-09-07 07:49:44 --> Signature bloc de M42 à O47
DEBUG - 2026-09-07 07:49:44 --> Ajout saut de page après ligne 50
DEBUG - 2026-09-07 07:49:44 --> Insertion données page 2 et ligne 64
DEBUG - 2026-09-07 07:49:44 --> Totaux page 2 => HT: 6183398 | TVA: 1190303 | TTC: 7373701
DEBUG - 2026-09-07 07:49:44 --> Insertion footer à partir de ligne 96
DEBUG - 2026-09-07 07:49:44 --> Footer[0] ligne 96 : Bon à savoir / Good to know
DEBUG - 2026-09-07 07:49:44 --> Footer[1] ligne 97 (fond vert)
DEBUG - 2026-09-07 07:49:44 --> Footer[2] ligne 98 (italic bleu)
DEBUG - 2026-09-07 07:49:44 --> Footer[3] ENERGIZING à M99:O99
DEBUG - 2026-09-07 07:49:44 --> Footer[4] Pagination ligne 100 | Page 2/4
DEBUG - 2026-09-07 07:49:44 --> Signature bloc de M93 à O98
DEBUG - 2026-09-07 07:49:44 --> Ajout saut de page après ligne 101
DEBUG - 2026-09-07 07:49:44 --> Insertion données page 3 et ligne 115
DEBUG - 2026-09-07 07:49:44 --> Totaux page 3 => HT: 4968527 | TVA: 956295 | TTC: 5924822
DEBUG - 2026-09-07 07:49:44 --> Insertion footer à partir de ligne 147
DEBUG - 2026-09-07 07:49:44 --> Footer[0] ligne 147 : Bon à savoir / Good to know
DEBUG - 2026-09-07 07:49:44 --> Footer[1] ligne 148 (fond vert)
DEBUG - 2026-09-07 07:49:44 --> Footer[2] ligne 149 (italic bleu)
DEBUG - 2026-09-07 07:49:44 --> Footer[3] ENERGIZING à M150:O150
DEBUG - 2026-09-07 07:49:44 --> Footer[4] Pagination ligne 151 | Page 3/4
DEBUG - 2026-09-07 07:49:44 --> Signature bloc de M144 à O149
DEBUG - 2026-09-07 07:49:44 --> Ajout saut de page après ligne 152
DEBUG - 2026-09-07 07:49:44 --> Insertion données page 4 et ligne 166
DEBUG - 2026-09-07 07:49:44 --> Totaux page 4 => HT: 1602703 | TVA: 308520 | TTC: 1911223
DEBUG - 2026-09-07 07:49:44 --> ==============================
DEBUG - 2026-09-07 07:49:44 --> TOTAL GLOBAL
DEBUG - 2026-09-07 07:49:44 --> HT  = 17273987
DEBUG - 2026-09-07 07:49:44 --> TVA = 3325094
DEBUG - 2026-09-07 07:49:44 --> TTC = 20599081
DEBUG - 2026-09-07 07:49:44 --> DUE = 20590484
DEBUG - 2026-09-07 07:49:44 --> ==============================
DEBUG - 2026-09-07 07:49:44 --> Insertion footer à partir de ligne 179
DEBUG - 2026-09-07 07:49:44 --> Footer[0] ligne 179 : Bon à savoir / Good to know
DEBUG - 2026-09-07 07:49:44 --> Footer[1] ligne 180 (fond vert)
DEBUG - 2026-09-07 07:49:44 --> Footer[2] ligne 181 (italic bleu)
DEBUG - 2026-09-07 07:49:44 --> Footer[3] ENERGIZING à M182:O182
DEBUG - 2026-09-07 07:49:44 --> Footer[4] Pagination ligne 183 | Page 4/4
DEBUG - 2026-09-07 07:49:44 --> Signature bloc de M176 à O181
DEBUG - 2026-09-07 07:49:44 --> Insertion données page 1 et ligne 13
DEBUG - 2026-09-07 07:49:44 --> Totaux page 1 => HT: 8214657 | TVA: 1581324 | TTC: 9795981
DEBUG - 2026-09-07 07:49:44 --> Insertion footer à partir de ligne 45
DEBUG - 2026-09-07 07:49:44 --> Footer[0] ligne 45 : Bon à savoir / Good to know
DEBUG - 2026-09-07 07:49:44 --> Footer[1] ligne 46 (fond vert)
DEBUG - 2026-09-07 07:49:44 --> Footer[2] ligne 47 (italic bleu)
DEBUG - 2026-09-07 07:49:44 --> Footer[3] ENERGIZING à M48:O48
DEBUG - 2026-09-07 07:49:44 --> Footer[4] Pagination ligne 49 | Page 1/2
DEBUG - 2026-09-07 07:49:44 --> Signature bloc de M42 à O47
DEBUG - 2026-09-07 07:49:44 --> Ajout saut de page après ligne 50
DEBUG - 2026-09-07 07:49:44 --> Insertion données page 2 et ligne 64
DEBUG - 2026-09-07 07:49:44 --> Totaux page 2 => HT: 249195 | TVA: 47970 | TTC: 297165
DEBUG - 2026-09-07 07:49:44 --> ==============================
DEBUG - 2026-09-07 07:49:44 --> TOTAL GLOBAL
DEBUG - 2026-09-07 07:49:44 --> HT  = 8463852
DEBUG - 2026-09-07 07:49:44 --> TVA = 1629294
DEBUG - 2026-09-07 07:49:44 --> TTC = 10093146
DEBUG - 2026-09-07 07:49:44 --> DUE = 10093146
DEBUG - 2026-09-07 07:49:44 --> ==============================
DEBUG - 2026-09-07 07:49:44 --> Insertion footer à partir de ligne 72
DEBUG - 2026-09-07 07:49:44 --> Footer[0] ligne 72 : Bon à savoir / Good to know
DEBUG - 2026-09-07 07:49:44 --> Footer[1] ligne 73 (fond vert)
DEBUG - 2026-09-07 07:49:44 --> Footer[2] ligne 74 (italic bleu)
DEBUG - 2026-09-07 07:49:44 --> Footer[3] ENERGIZING à M75:O75
DEBUG - 2026-09-07 07:49:44 --> Footer[4] Pagination ligne 76 | Page 2/2
DEBUG - 2026-09-07 07:49:44 --> Signature bloc de M69 à O74
DEBUG - 2026-09-07 07:49:45 --> Insertion données page 1 et ligne 13
DEBUG - 2026-09-07 07:49:45 --> Totaux page 1 => HT: 565041 | TVA: 108771 | TTC: 673812
DEBUG - 2026-09-07 07:49:45 --> Insertion footer à partir de ligne 45
DEBUG - 2026-09-07 07:49:45 --> Footer[0] ligne 45 : Bon à savoir / Good to know
DEBUG - 2026-09-07 07:49:45 --> Footer[1] ligne 46 (fond vert)
DEBUG - 2026-09-07 07:49:45 --> Footer[2] ligne 47 (italic bleu)
DEBUG - 2026-09-07 07:49:45 --> Footer[3] ENERGIZING à M48:O48
DEBUG - 2026-09-07 07:49:45 --> Footer[4] Pagination ligne 49 | Page 1/9
DEBUG - 2026-09-07 07:49:45 --> Signature bloc de M42 à O47
DEBUG - 2026-09-07 07:49:45 --> Ajout saut de page après ligne 50
DEBUG - 2026-09-07 07:49:45 --> Insertion données page 2 et ligne 64
DEBUG - 2026-09-07 07:49:45 --> Totaux page 2 => HT: 1074875 | TVA: 205893 | TTC: 1280768
DEBUG - 2026-09-07 07:49:45 --> Insertion footer à partir de ligne 96
DEBUG - 2026-09-07 07:49:45 --> Footer[0] ligne 96 : Bon à savoir / Good to know
DEBUG - 2026-09-07 07:49:45 --> Footer[1] ligne 97 (fond vert)
DEBUG - 2026-09-07 07:49:45 --> Footer[2] ligne 98 (italic bleu)
DEBUG - 2026-09-07 07:49:45 --> Footer[3] ENERGIZING à M99:O99
DEBUG - 2026-09-07 07:49:45 --> Footer[4] Pagination ligne 100 | Page 2/9
DEBUG - 2026-09-07 07:49:45 --> Signature bloc de M93 à O98
DEBUG - 2026-09-07 07:49:45 --> Ajout saut de page après ligne 101
DEBUG - 2026-09-07 07:49:45 --> Insertion données page 3 et ligne 115
DEBUG - 2026-09-07 07:49:45 --> Totaux page 3 => HT: 535258 | TVA: 101257 | TTC: 636515
DEBUG - 2026-09-07 07:49:45 --> Insertion footer à partir de ligne 147
DEBUG - 2026-09-07 07:49:45 --> Footer[0] ligne 147 : Bon à savoir / Good to know
DEBUG - 2026-09-07 07:49:45 --> Footer[1] ligne 148 (fond vert)
DEBUG - 2026-09-07 07:49:45 --> Footer[2] ligne 149 (italic bleu)
DEBUG - 2026-09-07 07:49:45 --> Footer[3] ENERGIZING à M150:O150
DEBUG - 2026-09-07 07:49:45 --> Footer[4] Pagination ligne 151 | Page 3/9
DEBUG - 2026-09-07 07:49:45 --> Signature bloc de M144 à O149
DEBUG - 2026-09-07 07:49:45 --> Ajout saut de page après ligne 152
DEBUG - 2026-09-07 07:49:45 --> Insertion données page 4 et ligne 166
DEBUG - 2026-09-07 07:49:45 --> Totaux page 4 => HT: 465251 | TVA: 89560 | TTC: 554811
DEBUG - 2026-09-07 07:49:45 --> Insertion footer à partir de ligne 198
DEBUG - 2026-09-07 07:49:45 --> Footer[0] ligne 198 : Bon à savoir / Good to know
DEBUG - 2026-09-07 07:49:45 --> Footer[1] ligne 199 (fond vert)
DEBUG - 2026-09-07 07:49:45 --> Footer[2] ligne 200 (italic bleu)
DEBUG - 2026-09-07 07:49:45 --> Footer[3] ENERGIZING à M201:O201
DEBUG - 2026-09-07 07:49:45 --> Footer[4] Pagination ligne 202 | Page 4/9
DEBUG - 2026-09-07 07:49:45 --> Signature bloc de M195 à O200
DEBUG - 2026-09-07 07:49:45 --> Ajout saut de page après ligne 203
DEBUG - 2026-09-07 07:49:45 --> Insertion données page 5 et ligne 217
DEBUG - 2026-09-07 07:49:45 --> Totaux page 5 => HT: 900432 | TVA: 173333 | TTC: 1073765
DEBUG - 2026-09-07 07:49:45 --> Insertion footer à partir de ligne 249
DEBUG - 2026-09-07 07:49:45 --> Footer[0] ligne 249 : Bon à savoir / Good to know
DEBUG - 2026-09-07 07:49:45 --> Footer[1] ligne 250 (fond vert)
DEBUG - 2026-09-07 07:49:45 --> Footer[2] ligne 251 (italic bleu)
DEBUG - 2026-09-07 07:49:45 --> Footer[3] ENERGIZING à M252:O252
DEBUG - 2026-09-07 07:49:45 --> Footer[4] Pagination ligne 253 | Page 5/9
DEBUG - 2026-09-07 07:49:45 --> Signature bloc de M246 à O251
DEBUG - 2026-09-07 07:49:45 --> Ajout saut de page après ligne 254
DEBUG - 2026-09-07 07:49:45 --> Insertion données page 6 et ligne 268
DEBUG - 2026-09-07 07:49:45 --> Totaux page 6 => HT: 473766 | TVA: 91199 | TTC: 564965
DEBUG - 2026-09-07 07:49:45 --> Insertion footer à partir de ligne 300
DEBUG - 2026-09-07 07:49:45 --> Footer[0] ligne 300 : Bon à savoir / Good to know
DEBUG - 2026-09-07 07:49:45 --> Footer[1] ligne 301 (fond vert)
DEBUG - 2026-09-07 07:49:45 --> Footer[2] ligne 302 (italic bleu)
DEBUG - 2026-09-07 07:49:45 --> Footer[3] ENERGIZING à M303:O303
DEBUG - 2026-09-07 07:49:45 --> Footer[4] Pagination ligne 304 | Page 6/9
DEBUG - 2026-09-07 07:49:45 --> Signature bloc de M297 à O302
DEBUG - 2026-09-07 07:49:45 --> Ajout saut de page après ligne 305
DEBUG - 2026-09-07 07:49:45 --> Insertion données page 7 et ligne 319
DEBUG - 2026-09-07 07:49:45 --> Totaux page 7 => HT: 445887 | TVA: 85094 | TTC: 530981
DEBUG - 2026-09-07 07:49:45 --> Insertion footer à partir de ligne 351
DEBUG - 2026-09-07 07:49:45 --> Footer[0] ligne 351 : Bon à savoir / Good to know
DEBUG - 2026-09-07 07:49:45 --> Footer[1] ligne 352 (fond vert)
DEBUG - 2026-09-07 07:49:45 --> Footer[2] ligne 353 (italic bleu)
DEBUG - 2026-09-07 07:49:45 --> Footer[3] ENERGIZING à M354:O354
DEBUG - 2026-09-07 07:49:45 --> Footer[4] Pagination ligne 355 | Page 7/9
DEBUG - 2026-09-07 07:49:45 --> Signature bloc de M348 à O353
DEBUG - 2026-09-07 07:49:45 --> Ajout saut de page après ligne 356
DEBUG - 2026-09-07 07:49:45 --> Insertion données page 8 et ligne 370
DEBUG - 2026-09-07 07:49:45 --> Totaux page 8 => HT: 790340 | TVA: 151409 | TTC: 941749
DEBUG - 2026-09-07 07:49:45 --> Insertion footer à partir de ligne 402
DEBUG - 2026-09-07 07:49:45 --> Footer[0] ligne 402 : Bon à savoir / Good to know
DEBUG - 2026-09-07 07:49:45 --> Footer[1] ligne 403 (fond vert)
DEBUG - 2026-09-07 07:49:45 --> Footer[2] ligne 404 (italic bleu)
DEBUG - 2026-09-07 07:49:45 --> Footer[3] ENERGIZING à M405:O405
DEBUG - 2026-09-07 07:49:45 --> Footer[4] Pagination ligne 406 | Page 8/9
DEBUG - 2026-09-07 07:49:45 --> Signature bloc de M399 à O404
DEBUG - 2026-09-07 07:49:45 --> Ajout saut de page après ligne 407
DEBUG - 2026-09-07 07:49:45 --> Insertion données page 9 et ligne 421
DEBUG - 2026-09-07 07:49:45 --> Totaux page 9 => HT: 100601 | TVA: 19366 | TTC: 119967
DEBUG - 2026-09-07 07:49:45 --> ==============================
DEBUG - 2026-09-07 07:49:45 --> TOTAL GLOBAL
DEBUG - 2026-09-07 07:49:45 --> HT  = 5351451
DEBUG - 2026-09-07 07:49:45 --> TVA = 1025882
DEBUG - 2026-09-07 07:49:45 --> TTC = 6377333
DEBUG - 2026-09-07 07:49:45 --> DUE = 5771794
DEBUG - 2026-09-07 07:49:45 --> ==============================
DEBUG - 2026-09-07 07:49:45 --> Insertion footer à partir de ligne 429
DEBUG - 2026-09-07 07:49:45 --> Footer[0] ligne 429 : Bon à savoir / Good to know
DEBUG - 2026-09-07 07:49:45 --> Footer[1] ligne 430 (fond vert)
DEBUG - 2026-09-07 07:49:45 --> Footer[2] ligne 431 (italic bleu)
DEBUG - 2026-09-07 07:49:45 --> Footer[3] ENERGIZING à M432:O432
DEBUG - 2026-09-07 07:49:45 --> Footer[4] Pagination ligne 433 | Page 9/9
DEBUG - 2026-09-07 07:49:45 --> Signature bloc de M426 à O431
DEBUG - 2026-09-07 07:49:45 --> Insertion données page 1 et ligne 13
DEBUG - 2026-09-07 07:49:45 --> Totaux page 1 => HT: 3133026 | TVA: 602992 | TTC: 3736018
DEBUG - 2026-09-07 07:49:45 --> Insertion footer à partir de ligne 45
DEBUG - 2026-09-07 07:49:45 --> Footer[0] ligne 45 : Bon à savoir / Good to know
DEBUG - 2026-09-07 07:49:45 --> Footer[1] ligne 46 (fond vert)
DEBUG - 2026-09-07 07:49:45 --> Footer[2] ligne 47 (italic bleu)
DEBUG - 2026-09-07 07:49:45 --> Footer[3] ENERGIZING à M48:O48
DEBUG - 2026-09-07 07:49:45 --> Footer[4] Pagination ligne 49 | Page 1/2
DEBUG - 2026-09-07 07:49:45 --> Signature bloc de M42 à O47
DEBUG - 2026-09-07 07:49:45 --> Ajout saut de page après ligne 50
DEBUG - 2026-09-07 07:49:45 --> Insertion données page 2 et ligne 64
DEBUG - 2026-09-07 07:49:45 --> Totaux page 2 => HT: 6109572 | TVA: 1176093 | TTC: 7285665
DEBUG - 2026-09-07 07:49:45 --> ==============================
DEBUG - 2026-09-07 07:49:45 --> TOTAL GLOBAL
DEBUG - 2026-09-07 07:49:45 --> HT  = 9242598
DEBUG - 2026-09-07 07:49:45 --> TVA = 1779085
DEBUG - 2026-09-07 07:49:45 --> TTC = 11021683
DEBUG - 2026-09-07 07:49:45 --> DUE = 10672210
DEBUG - 2026-09-07 07:49:45 --> ==============================
DEBUG - 2026-09-07 07:49:45 --> Insertion footer à partir de ligne 93
DEBUG - 2026-09-07 07:49:45 --> Footer[0] ligne 93 : Bon à savoir / Good to know
DEBUG - 2026-09-07 07:49:45 --> Footer[1] ligne 94 (fond vert)
DEBUG - 2026-09-07 07:49:45 --> Footer[2] ligne 95 (italic bleu)
DEBUG - 2026-09-07 07:49:45 --> Footer[3] ENERGIZING à M96:O96
DEBUG - 2026-09-07 07:49:45 --> Footer[4] Pagination ligne 97 | Page 2/2
DEBUG - 2026-09-07 07:49:45 --> Signature bloc de M90 à O95
DEBUG - 2026-09-07 07:49:45 --> Insertion données page 1 et ligne 13
DEBUG - 2026-09-07 07:49:45 --> Totaux page 1 => HT: 12565299 | TVA: 2418821 | TTC: 14984120
DEBUG - 2026-09-07 07:49:45 --> ==============================
DEBUG - 2026-09-07 07:49:45 --> TOTAL GLOBAL
DEBUG - 2026-09-07 07:49:45 --> HT  = 12565299
DEBUG - 2026-09-07 07:49:45 --> TVA = 2418821
DEBUG - 2026-09-07 07:49:45 --> TTC = 14984120
DEBUG - 2026-09-07 07:49:45 --> DUE = 14984120
DEBUG - 2026-09-07 07:49:45 --> ==============================
DEBUG - 2026-09-07 07:49:45 --> Insertion footer à partir de ligne 43
DEBUG - 2026-09-07 07:49:45 --> Footer[0] ligne 43 : Bon à savoir / Good to know
DEBUG - 2026-09-07 07:49:45 --> Footer[1] ligne 44 (fond vert)
DEBUG - 2026-09-07 07:49:45 --> Footer[2] ligne 45 (italic bleu)
DEBUG - 2026-09-07 07:49:45 --> Footer[3] ENERGIZING à M46:O46
DEBUG - 2026-09-07 07:49:45 --> Footer[4] Pagination ligne 47 | Page 1/1
DEBUG - 2026-09-07 07:49:45 --> Signature bloc de M40 à O45
DEBUG - 2026-09-07 07:49:45 --> Insertion données page 1 et ligne 13
DEBUG - 2026-09-07 07:49:45 --> Totaux page 1 => HT: 17644713 | TVA: 3396608 | TTC: 21041321
DEBUG - 2026-09-07 07:49:45 --> Insertion footer à partir de ligne 45
DEBUG - 2026-09-07 07:49:45 --> Footer[0] ligne 45 : Bon à savoir / Good to know
DEBUG - 2026-09-07 07:49:45 --> Footer[1] ligne 46 (fond vert)
DEBUG - 2026-09-07 07:49:45 --> Footer[2] ligne 47 (italic bleu)
DEBUG - 2026-09-07 07:49:45 --> Footer[3] ENERGIZING à M48:O48
DEBUG - 2026-09-07 07:49:45 --> Footer[4] Pagination ligne 49 | Page 1/3
DEBUG - 2026-09-07 07:49:45 --> Signature bloc de M42 à O47
DEBUG - 2026-09-07 07:49:45 --> Ajout saut de page après ligne 50
DEBUG - 2026-09-07 07:49:45 --> Insertion données page 2 et ligne 64
DEBUG - 2026-09-07 07:49:45 --> Totaux page 2 => HT: 6769670 | TVA: 1303164 | TTC: 8072834
DEBUG - 2026-09-07 07:49:45 --> Insertion footer à partir de ligne 96
DEBUG - 2026-09-07 07:49:45 --> Footer[0] ligne 96 : Bon à savoir / Good to know
DEBUG - 2026-09-07 07:49:45 --> Footer[1] ligne 97 (fond vert)
DEBUG - 2026-09-07 07:49:45 --> Footer[2] ligne 98 (italic bleu)
DEBUG - 2026-09-07 07:49:45 --> Footer[3] ENERGIZING à M99:O99
DEBUG - 2026-09-07 07:49:45 --> Footer[4] Pagination ligne 100 | Page 2/3
DEBUG - 2026-09-07 07:49:45 --> Signature bloc de M93 à O98
DEBUG - 2026-09-07 07:49:45 --> Ajout saut de page après ligne 101
DEBUG - 2026-09-07 07:49:45 --> Insertion données page 3 et ligne 115
DEBUG - 2026-09-07 07:49:45 --> Totaux page 3 => HT: 2253375 | TVA: 433775 | TTC: 2687150
DEBUG - 2026-09-07 07:49:45 --> ==============================
DEBUG - 2026-09-07 07:49:45 --> TOTAL GLOBAL
DEBUG - 2026-09-07 07:49:45 --> HT  = 26667758
DEBUG - 2026-09-07 07:49:45 --> TVA = 5133547
DEBUG - 2026-09-07 07:49:45 --> TTC = 31801305
DEBUG - 2026-09-07 07:49:45 --> DUE = 31798696
DEBUG - 2026-09-07 07:49:45 --> ==============================
DEBUG - 2026-09-07 07:49:45 --> Insertion footer à partir de ligne 129
DEBUG - 2026-09-07 07:49:45 --> Footer[0] ligne 129 : Bon à savoir / Good to know
DEBUG - 2026-09-07 07:49:45 --> Footer[1] ligne 130 (fond vert)
DEBUG - 2026-09-07 07:49:45 --> Footer[2] ligne 131 (italic bleu)
DEBUG - 2026-09-07 07:49:45 --> Footer[3] ENERGIZING à M132:O132
DEBUG - 2026-09-07 07:49:45 --> Footer[4] Pagination ligne 133 | Page 3/3
DEBUG - 2026-09-07 07:49:45 --> Signature bloc de M126 à O131
DEBUG - 2026-09-07 07:49:45 --> Insertion données page 1 et ligne 13
DEBUG - 2026-09-07 07:49:45 --> Totaux page 1 => HT: 1524396 | TVA: 0 | TTC: 1524396
DEBUG - 2026-09-07 07:49:45 --> Insertion footer à partir de ligne 45
DEBUG - 2026-09-07 07:49:45 --> Footer[0] ligne 45 : Bon à savoir / Good to know
DEBUG - 2026-09-07 07:49:45 --> Footer[1] ligne 46 (fond vert)
DEBUG - 2026-09-07 07:49:45 --> Footer[2] ligne 47 (italic bleu)
DEBUG - 2026-09-07 07:49:45 --> Footer[3] ENERGIZING à M48:O48
DEBUG - 2026-09-07 07:49:45 --> Footer[4] Pagination ligne 49 | Page 1/2
DEBUG - 2026-09-07 07:49:45 --> Signature bloc de M42 à O47
DEBUG - 2026-09-07 07:49:45 --> Ajout saut de page après ligne 50
DEBUG - 2026-09-07 07:49:45 --> Insertion données page 2 et ligne 64
DEBUG - 2026-09-07 07:49:45 --> Totaux page 2 => HT: 2458059 | TVA: 7205 | TTC: 2465264
DEBUG - 2026-09-07 07:49:45 --> ==============================
DEBUG - 2026-09-07 07:49:45 --> TOTAL GLOBAL
DEBUG - 2026-09-07 07:49:45 --> HT  = 3982455
DEBUG - 2026-09-07 07:49:45 --> TVA = 7205
DEBUG - 2026-09-07 07:49:45 --> TTC = 3989660
DEBUG - 2026-09-07 07:49:45 --> DUE = 3951380
DEBUG - 2026-09-07 07:49:45 --> ==============================
DEBUG - 2026-09-07 07:49:45 --> Insertion footer à partir de ligne 94
DEBUG - 2026-09-07 07:49:45 --> Footer[0] ligne 94 : Bon à savoir / Good to know
DEBUG - 2026-09-07 07:49:45 --> Footer[1] ligne 95 (fond vert)
DEBUG - 2026-09-07 07:49:45 --> Footer[2] ligne 96 (italic bleu)
DEBUG - 2026-09-07 07:49:45 --> Footer[3] ENERGIZING à M97:O97
DEBUG - 2026-09-07 07:49:45 --> Footer[4] Pagination ligne 98 | Page 2/2
DEBUG - 2026-09-07 07:49:45 --> Signature bloc de M91 à O96
DEBUG - 2026-09-07 07:49:45 --> Insertion données page 1 et ligne 13
DEBUG - 2026-09-07 07:49:45 --> Totaux page 1 => HT: 168 | TVA: 32 | TTC: 200
DEBUG - 2026-09-07 07:49:45 --> Insertion footer à partir de ligne 45
DEBUG - 2026-09-07 07:49:45 --> Footer[0] ligne 45 : Bon à savoir / Good to know
DEBUG - 2026-09-07 07:49:45 --> Footer[1] ligne 46 (fond vert)
DEBUG - 2026-09-07 07:49:45 --> Footer[2] ligne 47 (italic bleu)
DEBUG - 2026-09-07 07:49:45 --> Footer[3] ENERGIZING à M48:O48
DEBUG - 2026-09-07 07:49:45 --> Footer[4] Pagination ligne 49 | Page 1/17
DEBUG - 2026-09-07 07:49:45 --> Signature bloc de M42 à O47
DEBUG - 2026-09-07 07:49:45 --> Ajout saut de page après ligne 50
DEBUG - 2026-09-07 07:49:45 --> Insertion données page 2 et ligne 64
DEBUG - 2026-09-07 07:49:46 --> Totaux page 2 => HT: 13156 | TVA: 2533 | TTC: 15689
DEBUG - 2026-09-07 07:49:46 --> Insertion footer à partir de ligne 96
DEBUG - 2026-09-07 07:49:46 --> Footer[0] ligne 96 : Bon à savoir / Good to know
DEBUG - 2026-09-07 07:49:46 --> Footer[1] ligne 97 (fond vert)
DEBUG - 2026-09-07 07:49:46 --> Footer[2] ligne 98 (italic bleu)
DEBUG - 2026-09-07 07:49:46 --> Footer[3] ENERGIZING à M99:O99
DEBUG - 2026-09-07 07:49:46 --> Footer[4] Pagination ligne 100 | Page 2/17
DEBUG - 2026-09-07 07:49:46 --> Signature bloc de M93 à O98
DEBUG - 2026-09-07 07:49:46 --> Ajout saut de page après ligne 101
DEBUG - 2026-09-07 07:49:46 --> Insertion données page 3 et ligne 115
DEBUG - 2026-09-07 07:49:46 --> Totaux page 3 => HT: 0 | TVA: 0 | TTC: 0
DEBUG - 2026-09-07 07:49:46 --> Insertion footer à partir de ligne 147
DEBUG - 2026-09-07 07:49:46 --> Footer[0] ligne 147 : Bon à savoir / Good to know
DEBUG - 2026-09-07 07:49:46 --> Footer[1] ligne 148 (fond vert)
DEBUG - 2026-09-07 07:49:46 --> Footer[2] ligne 149 (italic bleu)
DEBUG - 2026-09-07 07:49:46 --> Footer[3] ENERGIZING à M150:O150
DEBUG - 2026-09-07 07:49:46 --> Footer[4] Pagination ligne 151 | Page 3/17
DEBUG - 2026-09-07 07:49:46 --> Signature bloc de M144 à O149
DEBUG - 2026-09-07 07:49:46 --> Ajout saut de page après ligne 152
DEBUG - 2026-09-07 07:49:46 --> Insertion données page 4 et ligne 166
DEBUG - 2026-09-07 07:49:46 --> Totaux page 4 => HT: 4200 | TVA: 808 | TTC: 5008
DEBUG - 2026-09-07 07:49:46 --> Insertion footer à partir de ligne 198
DEBUG - 2026-09-07 07:49:46 --> Footer[0] ligne 198 : Bon à savoir / Good to know
DEBUG - 2026-09-07 07:49:46 --> Footer[1] ligne 199 (fond vert)
DEBUG - 2026-09-07 07:49:46 --> Footer[2] ligne 200 (italic bleu)
DEBUG - 2026-09-07 07:49:46 --> Footer[3] ENERGIZING à M201:O201
DEBUG - 2026-09-07 07:49:46 --> Footer[4] Pagination ligne 202 | Page 4/17
DEBUG - 2026-09-07 07:49:46 --> Signature bloc de M195 à O200
DEBUG - 2026-09-07 07:49:46 --> Ajout saut de page après ligne 203
DEBUG - 2026-09-07 07:49:46 --> Insertion données page 5 et ligne 217
DEBUG - 2026-09-07 07:49:46 --> Totaux page 5 => HT: 0 | TVA: 0 | TTC: 0
DEBUG - 2026-09-07 07:49:46 --> Insertion footer à partir de ligne 249
DEBUG - 2026-09-07 07:49:46 --> Footer[0] ligne 249 : Bon à savoir / Good to know
DEBUG - 2026-09-07 07:49:46 --> Footer[1] ligne 250 (fond vert)
DEBUG - 2026-09-07 07:49:46 --> Footer[2] ligne 251 (italic bleu)
DEBUG - 2026-09-07 07:49:46 --> Footer[3] ENERGIZING à M252:O252
DEBUG - 2026-09-07 07:49:46 --> Footer[4] Pagination ligne 253 | Page 5/17
DEBUG - 2026-09-07 07:49:46 --> Signature bloc de M246 à O251
DEBUG - 2026-09-07 07:49:46 --> Ajout saut de page après ligne 254
DEBUG - 2026-09-07 07:49:46 --> Insertion données page 6 et ligne 268
DEBUG - 2026-09-07 07:49:46 --> Totaux page 6 => HT: 0 | TVA: 0 | TTC: 0
DEBUG - 2026-09-07 07:49:46 --> Insertion footer à partir de ligne 300
DEBUG - 2026-09-07 07:49:46 --> Footer[0] ligne 300 : Bon à savoir / Good to know
DEBUG - 2026-09-07 07:49:46 --> Footer[1] ligne 301 (fond vert)
DEBUG - 2026-09-07 07:49:46 --> Footer[2] ligne 302 (italic bleu)
DEBUG - 2026-09-07 07:49:46 --> Footer[3] ENERGIZING à M303:O303
DEBUG - 2026-09-07 07:49:46 --> Footer[4] Pagination ligne 304 | Page 6/17
DEBUG - 2026-09-07 07:49:46 --> Signature bloc de M297 à O302
DEBUG - 2026-09-07 07:49:46 --> Ajout saut de page après ligne 305
DEBUG - 2026-09-07 07:49:46 --> Insertion données page 7 et ligne 319
DEBUG - 2026-09-07 07:49:46 --> Totaux page 7 => HT: 1596 | TVA: 307 | TTC: 1903
DEBUG - 2026-09-07 07:49:46 --> Insertion footer à partir de ligne 351
DEBUG - 2026-09-07 07:49:46 --> Footer[0] ligne 351 : Bon à savoir / Good to know
DEBUG - 2026-09-07 07:49:46 --> Footer[1] ligne 352 (fond vert)
DEBUG - 2026-09-07 07:49:46 --> Footer[2] ligne 353 (italic bleu)
DEBUG - 2026-09-07 07:49:46 --> Footer[3] ENERGIZING à M354:O354
DEBUG - 2026-09-07 07:49:46 --> Footer[4] Pagination ligne 355 | Page 7/17
DEBUG - 2026-09-07 07:49:46 --> Signature bloc de M348 à O353
DEBUG - 2026-09-07 07:49:46 --> Ajout saut de page après ligne 356
DEBUG - 2026-09-07 07:49:46 --> Insertion données page 8 et ligne 370
DEBUG - 2026-09-07 07:49:46 --> Totaux page 8 => HT: 651123 | TVA: 125341 | TTC: 776464
DEBUG - 2026-09-07 07:49:46 --> Insertion footer à partir de ligne 402
DEBUG - 2026-09-07 07:49:46 --> Footer[0] ligne 402 : Bon à savoir / Good to know
DEBUG - 2026-09-07 07:49:46 --> Footer[1] ligne 403 (fond vert)
DEBUG - 2026-09-07 07:49:46 --> Footer[2] ligne 404 (italic bleu)
DEBUG - 2026-09-07 07:49:46 --> Footer[3] ENERGIZING à M405:O405
DEBUG - 2026-09-07 07:49:46 --> Footer[4] Pagination ligne 406 | Page 8/17
DEBUG - 2026-09-07 07:49:46 --> Signature bloc de M399 à O404
DEBUG - 2026-09-07 07:49:46 --> Ajout saut de page après ligne 407
DEBUG - 2026-09-07 07:49:46 --> Insertion données page 9 et ligne 421
DEBUG - 2026-09-07 07:49:46 --> Totaux page 9 => HT: 84 | TVA: 16 | TTC: 100
DEBUG - 2026-09-07 07:49:46 --> Insertion footer à partir de ligne 453
DEBUG - 2026-09-07 07:49:46 --> Footer[0] ligne 453 : Bon à savoir / Good to know
DEBUG - 2026-09-07 07:49:46 --> Footer[1] ligne 454 (fond vert)
DEBUG - 2026-09-07 07:49:46 --> Footer[2] ligne 455 (italic bleu)
DEBUG - 2026-09-07 07:49:46 --> Footer[3] ENERGIZING à M456:O456
DEBUG - 2026-09-07 07:49:46 --> Footer[4] Pagination ligne 457 | Page 9/17
DEBUG - 2026-09-07 07:49:46 --> Signature bloc de M450 à O455
DEBUG - 2026-09-07 07:49:46 --> Ajout saut de page après ligne 458
DEBUG - 2026-09-07 07:49:46 --> Insertion données page 10 et ligne 472
DEBUG - 2026-09-07 07:49:46 --> Totaux page 10 => HT: 168 | TVA: 32 | TTC: 200
DEBUG - 2026-09-07 07:49:46 --> Insertion footer à partir de ligne 504
DEBUG - 2026-09-07 07:49:46 --> Footer[0] ligne 504 : Bon à savoir / Good to know
DEBUG - 2026-09-07 07:49:46 --> Footer[1] ligne 505 (fond vert)
DEBUG - 2026-09-07 07:49:46 --> Footer[2] ligne 506 (italic bleu)
DEBUG - 2026-09-07 07:49:46 --> Footer[3] ENERGIZING à M507:O507
DEBUG - 2026-09-07 07:49:46 --> Footer[4] Pagination ligne 508 | Page 10/17
DEBUG - 2026-09-07 07:49:46 --> Signature bloc de M501 à O506
DEBUG - 2026-09-07 07:49:46 --> Ajout saut de page après ligne 509
DEBUG - 2026-09-07 07:49:46 --> Insertion données page 11 et ligne 523
DEBUG - 2026-09-07 07:49:46 --> Totaux page 11 => HT: 840 | TVA: 162 | TTC: 1002
DEBUG - 2026-09-07 07:49:46 --> Insertion footer à partir de ligne 555
DEBUG - 2026-09-07 07:49:46 --> Footer[0] ligne 555 : Bon à savoir / Good to know
DEBUG - 2026-09-07 07:49:46 --> Footer[1] ligne 556 (fond vert)
DEBUG - 2026-09-07 07:49:46 --> Footer[2] ligne 557 (italic bleu)
DEBUG - 2026-09-07 07:49:46 --> Footer[3] ENERGIZING à M558:O558
DEBUG - 2026-09-07 07:49:46 --> Footer[4] Pagination ligne 559 | Page 11/17
DEBUG - 2026-09-07 07:49:46 --> Signature bloc de M552 à O557
DEBUG - 2026-09-07 07:49:46 --> Ajout saut de page après ligne 560
DEBUG - 2026-09-07 07:49:46 --> Insertion données page 12 et ligne 574
DEBUG - 2026-09-07 07:49:46 --> Totaux page 12 => HT: 1029 | TVA: 198 | TTC: 1227
DEBUG - 2026-09-07 07:49:46 --> Insertion footer à partir de ligne 606
DEBUG - 2026-09-07 07:49:46 --> Footer[0] ligne 606 : Bon à savoir / Good to know
DEBUG - 2026-09-07 07:49:46 --> Footer[1] ligne 607 (fond vert)
DEBUG - 2026-09-07 07:49:46 --> Footer[2] ligne 608 (italic bleu)
DEBUG - 2026-09-07 07:49:46 --> Footer[3] ENERGIZING à M609:O609
DEBUG - 2026-09-07 07:49:46 --> Footer[4] Pagination ligne 610 | Page 12/17
DEBUG - 2026-09-07 07:49:46 --> Signature bloc de M603 à O608
DEBUG - 2026-09-07 07:49:46 --> Ajout saut de page après ligne 611
DEBUG - 2026-09-07 07:49:46 --> Insertion données page 13 et ligne 625
DEBUG - 2026-09-07 07:49:46 --> Totaux page 13 => HT: 0 | TVA: 0 | TTC: 0
DEBUG - 2026-09-07 07:49:46 --> Insertion footer à partir de ligne 657
DEBUG - 2026-09-07 07:49:46 --> Footer[0] ligne 657 : Bon à savoir / Good to know
DEBUG - 2026-09-07 07:49:46 --> Footer[1] ligne 658 (fond vert)
DEBUG - 2026-09-07 07:49:46 --> Footer[2] ligne 659 (italic bleu)
DEBUG - 2026-09-07 07:49:46 --> Footer[3] ENERGIZING à M660:O660
DEBUG - 2026-09-07 07:49:46 --> Footer[4] Pagination ligne 661 | Page 13/17
DEBUG - 2026-09-07 07:49:46 --> Signature bloc de M654 à O659
DEBUG - 2026-09-07 07:49:46 --> Ajout saut de page après ligne 662
DEBUG - 2026-09-07 07:49:46 --> Insertion données page 14 et ligne 676
DEBUG - 2026-09-07 07:49:46 --> Totaux page 14 => HT: 1596417 | TVA: 307310 | TTC: 1903727
DEBUG - 2026-09-07 07:49:46 --> Insertion footer à partir de ligne 708
DEBUG - 2026-09-07 07:49:46 --> Footer[0] ligne 708 : Bon à savoir / Good to know
DEBUG - 2026-09-07 07:49:46 --> Footer[1] ligne 709 (fond vert)
DEBUG - 2026-09-07 07:49:46 --> Footer[2] ligne 710 (italic bleu)
DEBUG - 2026-09-07 07:49:46 --> Footer[3] ENERGIZING à M711:O711
DEBUG - 2026-09-07 07:49:46 --> Footer[4] Pagination ligne 712 | Page 14/17
DEBUG - 2026-09-07 07:49:46 --> Signature bloc de M705 à O710
DEBUG - 2026-09-07 07:49:46 --> Ajout saut de page après ligne 713
DEBUG - 2026-09-07 07:49:46 --> Insertion données page 15 et ligne 727
DEBUG - 2026-09-07 07:49:46 --> Totaux page 15 => HT: 19036 | TVA: 3664 | TTC: 22700
DEBUG - 2026-09-07 07:49:46 --> Insertion footer à partir de ligne 759
DEBUG - 2026-09-07 07:49:46 --> Footer[0] ligne 759 : Bon à savoir / Good to know
DEBUG - 2026-09-07 07:49:46 --> Footer[1] ligne 760 (fond vert)
DEBUG - 2026-09-07 07:49:46 --> Footer[2] ligne 761 (italic bleu)
DEBUG - 2026-09-07 07:49:46 --> Footer[3] ENERGIZING à M762:O762
DEBUG - 2026-09-07 07:49:46 --> Footer[4] Pagination ligne 763 | Page 15/17
DEBUG - 2026-09-07 07:49:46 --> Signature bloc de M756 à O761
DEBUG - 2026-09-07 07:49:46 --> Ajout saut de page après ligne 764
DEBUG - 2026-09-07 07:49:46 --> Insertion données page 16 et ligne 778
DEBUG - 2026-09-07 07:49:46 --> Totaux page 16 => HT: 2520 | TVA: 485 | TTC: 3005
DEBUG - 2026-09-07 07:49:46 --> Insertion footer à partir de ligne 810
DEBUG - 2026-09-07 07:49:46 --> Footer[0] ligne 810 : Bon à savoir / Good to know
DEBUG - 2026-09-07 07:49:46 --> Footer[1] ligne 811 (fond vert)
DEBUG - 2026-09-07 07:49:46 --> Footer[2] ligne 812 (italic bleu)
DEBUG - 2026-09-07 07:49:46 --> Footer[3] ENERGIZING à M813:O813
DEBUG - 2026-09-07 07:49:46 --> Footer[4] Pagination ligne 814 | Page 16/17
DEBUG - 2026-09-07 07:49:46 --> Signature bloc de M807 à O812
DEBUG - 2026-09-07 07:49:46 --> Ajout saut de page après ligne 815
DEBUG - 2026-09-07 07:49:46 --> Insertion données page 17 et ligne 829
DEBUG - 2026-09-07 07:49:46 --> Totaux page 17 => HT: 0 | TVA: 0 | TTC: 0
DEBUG - 2026-09-07 07:49:46 --> ==============================
DEBUG - 2026-09-07 07:49:46 --> TOTAL GLOBAL
DEBUG - 2026-09-07 07:49:46 --> HT  = 2290337
DEBUG - 2026-09-07 07:49:46 --> TVA = 440888
DEBUG - 2026-09-07 07:49:46 --> TTC = 2731225
DEBUG - 2026-09-07 07:49:46 --> DUE = 2728821
DEBUG - 2026-09-07 07:49:46 --> ==============================
DEBUG - 2026-09-07 07:49:46 --> Insertion footer à partir de ligne 843
DEBUG - 2026-09-07 07:49:46 --> Footer[0] ligne 843 : Bon à savoir / Good to know
DEBUG - 2026-09-07 07:49:46 --> Footer[1] ligne 844 (fond vert)
DEBUG - 2026-09-07 07:49:46 --> Footer[2] ligne 845 (italic bleu)
DEBUG - 2026-09-07 07:49:46 --> Footer[3] ENERGIZING à M846:O846
DEBUG - 2026-09-07 07:49:46 --> Footer[4] Pagination ligne 847 | Page 17/17
DEBUG - 2026-09-07 07:49:46 --> Signature bloc de M840 à O845
DEBUG - 2026-09-07 07:49:46 --> Insertion données page 1 et ligne 13
DEBUG - 2026-09-07 07:49:46 --> Totaux page 1 => HT: 1609965 | TVA: 307399 | TTC: 1917364
DEBUG - 2026-09-07 07:49:46 --> ==============================
DEBUG - 2026-09-07 07:49:46 --> TOTAL GLOBAL
DEBUG - 2026-09-07 07:49:46 --> HT  = 1609965
DEBUG - 2026-09-07 07:49:46 --> TVA = 307399
DEBUG - 2026-09-07 07:49:46 --> TTC = 1917364
DEBUG - 2026-09-07 07:49:46 --> DUE = 1602706
DEBUG - 2026-09-07 07:49:46 --> ==============================
DEBUG - 2026-09-07 07:49:46 --> Insertion footer à partir de ligne 31
DEBUG - 2026-09-07 07:49:46 --> Footer[0] ligne 31 : Bon à savoir / Good to know
DEBUG - 2026-09-07 07:49:46 --> Footer[1] ligne 32 (fond vert)
DEBUG - 2026-09-07 07:49:46 --> Footer[2] ligne 33 (italic bleu)
DEBUG - 2026-09-07 07:49:46 --> Footer[3] ENERGIZING à M34:O34
DEBUG - 2026-09-07 07:49:46 --> Footer[4] Pagination ligne 35 | Page 1/1
DEBUG - 2026-09-07 07:49:46 --> Signature bloc de M28 à O33
DEBUG - 2026-09-07 07:49:46 --> Insertion données page 1 et ligne 13
DEBUG - 2026-09-07 07:49:46 --> Totaux page 1 => HT: 56638307 | TVA: 10902871 | TTC: 67541178
DEBUG - 2026-09-07 07:49:46 --> ==============================
DEBUG - 2026-09-07 07:49:46 --> TOTAL GLOBAL
DEBUG - 2026-09-07 07:49:46 --> HT  = 56638307
DEBUG - 2026-09-07 07:49:46 --> TVA = 10902871
DEBUG - 2026-09-07 07:49:46 --> TTC = 67541178
DEBUG - 2026-09-07 07:49:46 --> DUE = 67541178
DEBUG - 2026-09-07 07:49:46 --> ==============================
DEBUG - 2026-09-07 07:49:46 --> Insertion footer à partir de ligne 38
DEBUG - 2026-09-07 07:49:46 --> Footer[0] ligne 38 : Bon à savoir / Good to know
DEBUG - 2026-09-07 07:49:46 --> Footer[1] ligne 39 (fond vert)
DEBUG - 2026-09-07 07:49:46 --> Footer[2] ligne 40 (italic bleu)
DEBUG - 2026-09-07 07:49:46 --> Footer[3] ENERGIZING à M41:O41
DEBUG - 2026-09-07 07:49:46 --> Footer[4] Pagination ligne 42 | Page 1/1
DEBUG - 2026-09-07 07:49:46 --> Signature bloc de M35 à O40
DEBUG - 2026-09-07 07:49:46 --> Insertion données page 1 et ligne 13
DEBUG - 2026-09-07 07:49:46 --> Totaux page 1 => HT: 3270386 | TVA: 629550 | TTC: 3899936
DEBUG - 2026-09-07 07:49:46 --> ==============================
DEBUG - 2026-09-07 07:49:46 --> TOTAL GLOBAL
DEBUG - 2026-09-07 07:49:46 --> HT  = 3270386
DEBUG - 2026-09-07 07:49:46 --> TVA = 629550
DEBUG - 2026-09-07 07:49:46 --> TTC = 3899936
DEBUG - 2026-09-07 07:49:46 --> DUE = 3899936
DEBUG - 2026-09-07 07:49:46 --> ==============================
DEBUG - 2026-09-07 07:49:46 --> Insertion footer à partir de ligne 24
DEBUG - 2026-09-07 07:49:46 --> Footer[0] ligne 24 : Bon à savoir / Good to know
DEBUG - 2026-09-07 07:49:46 --> Footer[1] ligne 25 (fond vert)
DEBUG - 2026-09-07 07:49:46 --> Footer[2] ligne 26 (italic bleu)
DEBUG - 2026-09-07 07:49:46 --> Footer[3] ENERGIZING à M27:O27
DEBUG - 2026-09-07 07:49:46 --> Footer[4] Pagination ligne 28 | Page 1/1
DEBUG - 2026-09-07 07:49:46 --> Signature bloc de M21 à O26
DEBUG - 2026-09-07 07:49:46 --> Insertion données page 1 et ligne 13
DEBUG - 2026-09-07 07:49:47 --> Totaux page 1 => HT: 1282521 | TVA: 239918 | TTC: 1522439
DEBUG - 2026-09-07 07:49:47 --> ==============================
DEBUG - 2026-09-07 07:49:47 --> TOTAL GLOBAL
DEBUG - 2026-09-07 07:49:47 --> HT  = 1282521
DEBUG - 2026-09-07 07:49:47 --> TVA = 239918
DEBUG - 2026-09-07 07:49:47 --> TTC = 1522439
DEBUG - 2026-09-07 07:49:47 --> DUE = 1496290
DEBUG - 2026-09-07 07:49:47 --> ==============================
DEBUG - 2026-09-07 07:49:47 --> Insertion footer à partir de ligne 46
DEBUG - 2026-09-07 07:49:47 --> Footer[0] ligne 46 : Bon à savoir / Good to know
DEBUG - 2026-09-07 07:49:47 --> Footer[1] ligne 47 (fond vert)
DEBUG - 2026-09-07 07:49:47 --> Footer[2] ligne 48 (italic bleu)
DEBUG - 2026-09-07 07:49:47 --> Footer[3] ENERGIZING à M49:O49
DEBUG - 2026-09-07 07:49:47 --> Footer[4] Pagination ligne 50 | Page 1/1
DEBUG - 2026-09-07 07:49:47 --> Signature bloc de M43 à O48
DEBUG - 2026-09-07 07:49:47 --> Insertion données page 1 et ligne 13
DEBUG - 2026-09-07 07:49:47 --> Totaux page 1 => HT: 10500056 | TVA: 2019498 | TTC: 12519554
DEBUG - 2026-09-07 07:49:47 --> Insertion footer à partir de ligne 45
DEBUG - 2026-09-07 07:49:47 --> Footer[0] ligne 45 : Bon à savoir / Good to know
DEBUG - 2026-09-07 07:49:47 --> Footer[1] ligne 46 (fond vert)
DEBUG - 2026-09-07 07:49:47 --> Footer[2] ligne 47 (italic bleu)
DEBUG - 2026-09-07 07:49:47 --> Footer[3] ENERGIZING à M48:O48
DEBUG - 2026-09-07 07:49:47 --> Footer[4] Pagination ligne 49 | Page 1/3
DEBUG - 2026-09-07 07:49:47 --> Signature bloc de M42 à O47
DEBUG - 2026-09-07 07:49:47 --> Ajout saut de page après ligne 50
DEBUG - 2026-09-07 07:49:47 --> Insertion données page 2 et ligne 64
DEBUG - 2026-09-07 07:49:47 --> Totaux page 2 => HT: 9711451 | TVA: 1868936 | TTC: 11580387
DEBUG - 2026-09-07 07:49:47 --> Insertion footer à partir de ligne 96
DEBUG - 2026-09-07 07:49:47 --> Footer[0] ligne 96 : Bon à savoir / Good to know
DEBUG - 2026-09-07 07:49:47 --> Footer[1] ligne 97 (fond vert)
DEBUG - 2026-09-07 07:49:47 --> Footer[2] ligne 98 (italic bleu)
DEBUG - 2026-09-07 07:49:47 --> Footer[3] ENERGIZING à M99:O99
DEBUG - 2026-09-07 07:49:47 --> Footer[4] Pagination ligne 100 | Page 2/3
DEBUG - 2026-09-07 07:49:47 --> Signature bloc de M93 à O98
DEBUG - 2026-09-07 07:49:47 --> Ajout saut de page après ligne 101
DEBUG - 2026-09-07 07:49:47 --> Insertion données page 3 et ligne 115
DEBUG - 2026-09-07 07:49:47 --> Totaux page 3 => HT: 24894994 | TVA: 4792287 | TTC: 29687281
DEBUG - 2026-09-07 07:49:47 --> ==============================
DEBUG - 2026-09-07 07:49:47 --> TOTAL GLOBAL
DEBUG - 2026-09-07 07:49:47 --> HT  = 45106501
DEBUG - 2026-09-07 07:49:47 --> TVA = 8680721
DEBUG - 2026-09-07 07:49:47 --> TTC = 53787222
DEBUG - 2026-09-07 07:49:47 --> DUE = 53786921
DEBUG - 2026-09-07 07:49:47 --> ==============================
DEBUG - 2026-09-07 07:49:47 --> Insertion footer à partir de ligne 140
DEBUG - 2026-09-07 07:49:47 --> Footer[0] ligne 140 : Bon à savoir / Good to know
DEBUG - 2026-09-07 07:49:47 --> Footer[1] ligne 141 (fond vert)
DEBUG - 2026-09-07 07:49:47 --> Footer[2] ligne 142 (italic bleu)
DEBUG - 2026-09-07 07:49:47 --> Footer[3] ENERGIZING à M143:O143
DEBUG - 2026-09-07 07:49:47 --> Footer[4] Pagination ligne 144 | Page 3/3
DEBUG - 2026-09-07 07:49:47 --> Signature bloc de M137 à O142
DEBUG - 2026-09-07 07:49:47 --> Insertion données page 1 et ligne 13
DEBUG - 2026-09-07 07:49:47 --> Totaux page 1 => HT: 15829426 | TVA: 3047163 | TTC: 18876589
DEBUG - 2026-09-07 07:49:47 --> Insertion footer à partir de ligne 45
DEBUG - 2026-09-07 07:49:47 --> Footer[0] ligne 45 : Bon à savoir / Good to know
DEBUG - 2026-09-07 07:49:47 --> Footer[1] ligne 46 (fond vert)
DEBUG - 2026-09-07 07:49:47 --> Footer[2] ligne 47 (italic bleu)
DEBUG - 2026-09-07 07:49:47 --> Footer[3] ENERGIZING à M48:O48
DEBUG - 2026-09-07 07:49:47 --> Footer[4] Pagination ligne 49 | Page 1/2
DEBUG - 2026-09-07 07:49:47 --> Signature bloc de M42 à O47
DEBUG - 2026-09-07 07:49:47 --> Ajout saut de page après ligne 50
DEBUG - 2026-09-07 07:49:47 --> Insertion données page 2 et ligne 64
DEBUG - 2026-09-07 07:49:47 --> Totaux page 2 => HT: 581454 | TVA: 111930 | TTC: 693384
DEBUG - 2026-09-07 07:49:47 --> ==============================
DEBUG - 2026-09-07 07:49:47 --> TOTAL GLOBAL
DEBUG - 2026-09-07 07:49:47 --> HT  = 16410880
DEBUG - 2026-09-07 07:49:47 --> TVA = 3159093
DEBUG - 2026-09-07 07:49:47 --> TTC = 19569973
DEBUG - 2026-09-07 07:49:47 --> DUE = 19569973
DEBUG - 2026-09-07 07:49:47 --> ==============================
DEBUG - 2026-09-07 07:49:47 --> Insertion footer à partir de ligne 72
DEBUG - 2026-09-07 07:49:47 --> Footer[0] ligne 72 : Bon à savoir / Good to know
DEBUG - 2026-09-07 07:49:47 --> Footer[1] ligne 73 (fond vert)
DEBUG - 2026-09-07 07:49:47 --> Footer[2] ligne 74 (italic bleu)
DEBUG - 2026-09-07 07:49:47 --> Footer[3] ENERGIZING à M75:O75
DEBUG - 2026-09-07 07:49:47 --> Footer[4] Pagination ligne 76 | Page 2/2
DEBUG - 2026-09-07 07:49:47 --> Signature bloc de M69 à O74
DEBUG - 2026-09-07 07:49:47 --> Insertion données page 1 et ligne 13
DEBUG - 2026-09-07 07:49:47 --> Totaux page 1 => HT: 19495767 | TVA: 3752935 | TTC: 23248702
DEBUG - 2026-09-07 07:49:47 --> Insertion footer à partir de ligne 45
DEBUG - 2026-09-07 07:49:47 --> Footer[0] ligne 45 : Bon à savoir / Good to know
DEBUG - 2026-09-07 07:49:47 --> Footer[1] ligne 46 (fond vert)
DEBUG - 2026-09-07 07:49:47 --> Footer[2] ligne 47 (italic bleu)
DEBUG - 2026-09-07 07:49:47 --> Footer[3] ENERGIZING à M48:O48
DEBUG - 2026-09-07 07:49:47 --> Footer[4] Pagination ligne 49 | Page 1/3
DEBUG - 2026-09-07 07:49:47 --> Signature bloc de M42 à O47
DEBUG - 2026-09-07 07:49:47 --> Ajout saut de page après ligne 50
DEBUG - 2026-09-07 07:49:47 --> Insertion données page 2 et ligne 64
DEBUG - 2026-09-07 07:49:47 --> Totaux page 2 => HT: 21753977 | TVA: 4186735 | TTC: 25940712
DEBUG - 2026-09-07 07:49:47 --> Insertion footer à partir de ligne 96
DEBUG - 2026-09-07 07:49:47 --> Footer[0] ligne 96 : Bon à savoir / Good to know
DEBUG - 2026-09-07 07:49:47 --> Footer[1] ligne 97 (fond vert)
DEBUG - 2026-09-07 07:49:47 --> Footer[2] ligne 98 (italic bleu)
DEBUG - 2026-09-07 07:49:47 --> Footer[3] ENERGIZING à M99:O99
DEBUG - 2026-09-07 07:49:47 --> Footer[4] Pagination ligne 100 | Page 2/3
DEBUG - 2026-09-07 07:49:47 --> Signature bloc de M93 à O98
DEBUG - 2026-09-07 07:49:47 --> Ajout saut de page après ligne 101
DEBUG - 2026-09-07 07:49:47 --> Insertion données page 3 et ligne 115
DEBUG - 2026-09-07 07:49:47 --> Totaux page 3 => HT: 1455167 | TVA: 280120 | TTC: 1735287
DEBUG - 2026-09-07 07:49:47 --> ==============================
DEBUG - 2026-09-07 07:49:47 --> TOTAL GLOBAL
DEBUG - 2026-09-07 07:49:47 --> HT  = 42704911
DEBUG - 2026-09-07 07:49:47 --> TVA = 8219790
DEBUG - 2026-09-07 07:49:47 --> TTC = 50924701
DEBUG - 2026-09-07 07:49:47 --> DUE = 49298531
DEBUG - 2026-09-07 07:49:47 --> ==============================
DEBUG - 2026-09-07 07:49:47 --> Insertion footer à partir de ligne 128
DEBUG - 2026-09-07 07:49:47 --> Footer[0] ligne 128 : Bon à savoir / Good to know
DEBUG - 2026-09-07 07:49:47 --> Footer[1] ligne 129 (fond vert)
DEBUG - 2026-09-07 07:49:47 --> Footer[2] ligne 130 (italic bleu)
DEBUG - 2026-09-07 07:49:47 --> Footer[3] ENERGIZING à M131:O131
DEBUG - 2026-09-07 07:49:47 --> Footer[4] Pagination ligne 132 | Page 3/3
DEBUG - 2026-09-07 07:49:47 --> Signature bloc de M125 à O130
DEBUG - 2026-09-07 07:49:47 --> Insertion données page 1 et ligne 13
DEBUG - 2026-09-07 07:49:47 --> Totaux page 1 => HT: 9979068 | TVA: 1920971 | TTC: 11900039
DEBUG - 2026-09-07 07:49:47 --> Insertion footer à partir de ligne 45
DEBUG - 2026-09-07 07:49:47 --> Footer[0] ligne 45 : Bon à savoir / Good to know
DEBUG - 2026-09-07 07:49:47 --> Footer[1] ligne 46 (fond vert)
DEBUG - 2026-09-07 07:49:47 --> Footer[2] ligne 47 (italic bleu)
DEBUG - 2026-09-07 07:49:47 --> Footer[3] ENERGIZING à M48:O48
DEBUG - 2026-09-07 07:49:47 --> Footer[4] Pagination ligne 49 | Page 1/2
DEBUG - 2026-09-07 07:49:47 --> Signature bloc de M42 à O47
DEBUG - 2026-09-07 07:49:47 --> Ajout saut de page après ligne 50
DEBUG - 2026-09-07 07:49:47 --> Insertion données page 2 et ligne 64
DEBUG - 2026-09-07 07:49:47 --> Totaux page 2 => HT: 1432037 | TVA: 275668 | TTC: 1707705
DEBUG - 2026-09-07 07:49:47 --> ==============================
DEBUG - 2026-09-07 07:49:47 --> TOTAL GLOBAL
DEBUG - 2026-09-07 07:49:47 --> HT  = 11411105
DEBUG - 2026-09-07 07:49:47 --> TVA = 2196639
DEBUG - 2026-09-07 07:49:47 --> TTC = 13607744
DEBUG - 2026-09-07 07:49:47 --> DUE = 13607744
DEBUG - 2026-09-07 07:49:47 --> ==============================
DEBUG - 2026-09-07 07:49:47 --> Insertion footer à partir de ligne 74
DEBUG - 2026-09-07 07:49:47 --> Footer[0] ligne 74 : Bon à savoir / Good to know
DEBUG - 2026-09-07 07:49:47 --> Footer[1] ligne 75 (fond vert)
DEBUG - 2026-09-07 07:49:47 --> Footer[2] ligne 76 (italic bleu)
DEBUG - 2026-09-07 07:49:47 --> Footer[3] ENERGIZING à M77:O77
DEBUG - 2026-09-07 07:49:47 --> Footer[4] Pagination ligne 78 | Page 2/2
DEBUG - 2026-09-07 07:49:47 --> Signature bloc de M71 à O76
DEBUG - 2026-09-07 07:49:47 --> Insertion données page 1 et ligne 13
DEBUG - 2026-09-07 07:49:47 --> Totaux page 1 => HT: 6848023 | TVA: 1318244 | TTC: 8166267
DEBUG - 2026-09-07 07:49:47 --> Insertion footer à partir de ligne 45
DEBUG - 2026-09-07 07:49:47 --> Footer[0] ligne 45 : Bon à savoir / Good to know
DEBUG - 2026-09-07 07:49:47 --> Footer[1] ligne 46 (fond vert)
DEBUG - 2026-09-07 07:49:47 --> Footer[2] ligne 47 (italic bleu)
DEBUG - 2026-09-07 07:49:47 --> Footer[3] ENERGIZING à M48:O48
DEBUG - 2026-09-07 07:49:47 --> Footer[4] Pagination ligne 49 | Page 1/4
DEBUG - 2026-09-07 07:49:47 --> Signature bloc de M42 à O47
DEBUG - 2026-09-07 07:49:47 --> Ajout saut de page après ligne 50
DEBUG - 2026-09-07 07:49:47 --> Insertion données page 2 et ligne 64
DEBUG - 2026-09-07 07:49:47 --> Totaux page 2 => HT: 16034705 | TVA: 3086680 | TTC: 19121385
DEBUG - 2026-09-07 07:49:47 --> Insertion footer à partir de ligne 96
DEBUG - 2026-09-07 07:49:47 --> Footer[0] ligne 96 : Bon à savoir / Good to know
DEBUG - 2026-09-07 07:49:47 --> Footer[1] ligne 97 (fond vert)
DEBUG - 2026-09-07 07:49:47 --> Footer[2] ligne 98 (italic bleu)
DEBUG - 2026-09-07 07:49:47 --> Footer[3] ENERGIZING à M99:O99
DEBUG - 2026-09-07 07:49:47 --> Footer[4] Pagination ligne 100 | Page 2/4
DEBUG - 2026-09-07 07:49:47 --> Signature bloc de M93 à O98
DEBUG - 2026-09-07 07:49:47 --> Ajout saut de page après ligne 101
DEBUG - 2026-09-07 07:49:47 --> Insertion données page 3 et ligne 115
DEBUG - 2026-09-07 07:49:47 --> Totaux page 3 => HT: 12180592 | TVA: 2344765 | TTC: 14525357
DEBUG - 2026-09-07 07:49:47 --> Insertion footer à partir de ligne 147
DEBUG - 2026-09-07 07:49:47 --> Footer[0] ligne 147 : Bon à savoir / Good to know
DEBUG - 2026-09-07 07:49:47 --> Footer[1] ligne 148 (fond vert)
DEBUG - 2026-09-07 07:49:47 --> Footer[2] ligne 149 (italic bleu)
DEBUG - 2026-09-07 07:49:47 --> Footer[3] ENERGIZING à M150:O150
DEBUG - 2026-09-07 07:49:47 --> Footer[4] Pagination ligne 151 | Page 3/4
DEBUG - 2026-09-07 07:49:47 --> Signature bloc de M144 à O149
DEBUG - 2026-09-07 07:49:47 --> Ajout saut de page après ligne 152
DEBUG - 2026-09-07 07:49:47 --> Insertion données page 4 et ligne 166
DEBUG - 2026-09-07 07:49:47 --> Totaux page 4 => HT: 3126984 | TVA: 601945 | TTC: 3728929
DEBUG - 2026-09-07 07:49:47 --> ==============================
DEBUG - 2026-09-07 07:49:47 --> TOTAL GLOBAL
DEBUG - 2026-09-07 07:49:47 --> HT  = 38190304
DEBUG - 2026-09-07 07:49:47 --> TVA = 7351634
DEBUG - 2026-09-07 07:49:47 --> TTC = 45541938
DEBUG - 2026-09-07 07:49:47 --> DUE = 45351450
DEBUG - 2026-09-07 07:49:47 --> ==============================
DEBUG - 2026-09-07 07:49:47 --> Insertion footer à partir de ligne 187
DEBUG - 2026-09-07 07:49:47 --> Footer[0] ligne 187 : Bon à savoir / Good to know
DEBUG - 2026-09-07 07:49:47 --> Footer[1] ligne 188 (fond vert)
DEBUG - 2026-09-07 07:49:47 --> Footer[2] ligne 189 (italic bleu)
DEBUG - 2026-09-07 07:49:47 --> Footer[3] ENERGIZING à M190:O190
DEBUG - 2026-09-07 07:49:47 --> Footer[4] Pagination ligne 191 | Page 4/4
DEBUG - 2026-09-07 07:49:47 --> Signature bloc de M184 à O189
DEBUG - 2026-09-07 07:49:47 --> Insertion données page 1 et ligne 13
DEBUG - 2026-09-07 07:49:47 --> Totaux page 1 => HT: 10821229 | TVA: 2083087 | TTC: 12904316
DEBUG - 2026-09-07 07:49:47 --> Insertion footer à partir de ligne 45
DEBUG - 2026-09-07 07:49:47 --> Footer[0] ligne 45 : Bon à savoir / Good to know
DEBUG - 2026-09-07 07:49:47 --> Footer[1] ligne 46 (fond vert)
DEBUG - 2026-09-07 07:49:47 --> Footer[2] ligne 47 (italic bleu)
DEBUG - 2026-09-07 07:49:47 --> Footer[3] ENERGIZING à M48:O48
DEBUG - 2026-09-07 07:49:47 --> Footer[4] Pagination ligne 49 | Page 1/2
DEBUG - 2026-09-07 07:49:47 --> Signature bloc de M42 à O47
DEBUG - 2026-09-07 07:49:47 --> Ajout saut de page après ligne 50
DEBUG - 2026-09-07 07:49:47 --> Insertion données page 2 et ligne 64
DEBUG - 2026-09-07 07:49:47 --> Totaux page 2 => HT: 30486287 | TVA: 5868608 | TTC: 36354895
DEBUG - 2026-09-07 07:49:47 --> ==============================
DEBUG - 2026-09-07 07:49:47 --> TOTAL GLOBAL
DEBUG - 2026-09-07 07:49:47 --> HT  = 41307516
DEBUG - 2026-09-07 07:49:47 --> TVA = 7951695
DEBUG - 2026-09-07 07:49:47 --> TTC = 49259211
DEBUG - 2026-09-07 07:49:47 --> DUE = 49214337
DEBUG - 2026-09-07 07:49:47 --> ==============================
DEBUG - 2026-09-07 07:49:47 --> Insertion footer à partir de ligne 88
DEBUG - 2026-09-07 07:49:47 --> Footer[0] ligne 88 : Bon à savoir / Good to know
DEBUG - 2026-09-07 07:49:47 --> Footer[1] ligne 89 (fond vert)
DEBUG - 2026-09-07 07:49:47 --> Footer[2] ligne 90 (italic bleu)
DEBUG - 2026-09-07 07:49:47 --> Footer[3] ENERGIZING à M91:O91
DEBUG - 2026-09-07 07:49:47 --> Footer[4] Pagination ligne 92 | Page 2/2
DEBUG - 2026-09-07 07:49:48 --> Signature bloc de M85 à O90
DEBUG - 2026-09-07 07:49:48 --> Insertion données page 1 et ligne 13
DEBUG - 2026-09-07 07:49:48 --> Totaux page 1 => HT: 3614171 | TVA: 695727 | TTC: 4309898
DEBUG - 2026-09-07 07:49:48 --> ==============================
DEBUG - 2026-09-07 07:49:48 --> TOTAL GLOBAL
DEBUG - 2026-09-07 07:49:48 --> HT  = 3614171
DEBUG - 2026-09-07 07:49:48 --> TVA = 695727
DEBUG - 2026-09-07 07:49:48 --> TTC = 4309898
DEBUG - 2026-09-07 07:49:48 --> DUE = 4309898
DEBUG - 2026-09-07 07:49:48 --> ==============================
DEBUG - 2026-09-07 07:49:48 --> Insertion footer à partir de ligne 40
DEBUG - 2026-09-07 07:49:48 --> Footer[0] ligne 40 : Bon à savoir / Good to know
DEBUG - 2026-09-07 07:49:48 --> Footer[1] ligne 41 (fond vert)
DEBUG - 2026-09-07 07:49:48 --> Footer[2] ligne 42 (italic bleu)
DEBUG - 2026-09-07 07:49:48 --> Footer[3] ENERGIZING à M43:O43
DEBUG - 2026-09-07 07:49:48 --> Footer[4] Pagination ligne 44 | Page 1/1
DEBUG - 2026-09-07 07:49:48 --> Signature bloc de M37 à O42
DEBUG - 2026-09-07 07:49:48 --> Insertion données page 1 et ligne 13
DEBUG - 2026-09-07 07:49:48 --> Totaux page 1 => HT: 22742230 | TVA: 4374136 | TTC: 27116366
DEBUG - 2026-09-07 07:49:48 --> Insertion footer à partir de ligne 45
DEBUG - 2026-09-07 07:49:48 --> Footer[0] ligne 45 : Bon à savoir / Good to know
DEBUG - 2026-09-07 07:49:48 --> Footer[1] ligne 46 (fond vert)
DEBUG - 2026-09-07 07:49:48 --> Footer[2] ligne 47 (italic bleu)
DEBUG - 2026-09-07 07:49:48 --> Footer[3] ENERGIZING à M48:O48
DEBUG - 2026-09-07 07:49:48 --> Footer[4] Pagination ligne 49 | Page 1/3
DEBUG - 2026-09-07 07:49:48 --> Signature bloc de M42 à O47
DEBUG - 2026-09-07 07:49:48 --> Ajout saut de page après ligne 50
DEBUG - 2026-09-07 07:49:48 --> Insertion données page 2 et ligne 64
DEBUG - 2026-09-07 07:49:48 --> Totaux page 2 => HT: 13250311 | TVA: 2550684 | TTC: 15800995
DEBUG - 2026-09-07 07:49:48 --> Insertion footer à partir de ligne 96
DEBUG - 2026-09-07 07:49:48 --> Footer[0] ligne 96 : Bon à savoir / Good to know
DEBUG - 2026-09-07 07:49:48 --> Footer[1] ligne 97 (fond vert)
DEBUG - 2026-09-07 07:49:48 --> Footer[2] ligne 98 (italic bleu)
DEBUG - 2026-09-07 07:49:48 --> Footer[3] ENERGIZING à M99:O99
DEBUG - 2026-09-07 07:49:48 --> Footer[4] Pagination ligne 100 | Page 2/3
DEBUG - 2026-09-07 07:49:48 --> Signature bloc de M93 à O98
DEBUG - 2026-09-07 07:49:48 --> Ajout saut de page après ligne 101
DEBUG - 2026-09-07 07:49:48 --> Insertion données page 3 et ligne 115
DEBUG - 2026-09-07 07:49:48 --> Totaux page 3 => HT: 2074556 | TVA: 399352 | TTC: 2473908
DEBUG - 2026-09-07 07:49:48 --> ==============================
DEBUG - 2026-09-07 07:49:48 --> TOTAL GLOBAL
DEBUG - 2026-09-07 07:49:48 --> HT  = 38067097
DEBUG - 2026-09-07 07:49:48 --> TVA = 7324172
DEBUG - 2026-09-07 07:49:48 --> TTC = 45391269
DEBUG - 2026-09-07 07:49:48 --> DUE = 45261265
DEBUG - 2026-09-07 07:49:48 --> ==============================
DEBUG - 2026-09-07 07:49:48 --> Insertion footer à partir de ligne 137
DEBUG - 2026-09-07 07:49:48 --> Footer[0] ligne 137 : Bon à savoir / Good to know
DEBUG - 2026-09-07 07:49:48 --> Footer[1] ligne 138 (fond vert)
DEBUG - 2026-09-07 07:49:48 --> Footer[2] ligne 139 (italic bleu)
DEBUG - 2026-09-07 07:49:48 --> Footer[3] ENERGIZING à M140:O140
DEBUG - 2026-09-07 07:49:48 --> Footer[4] Pagination ligne 141 | Page 3/3
DEBUG - 2026-09-07 07:49:48 --> Signature bloc de M134 à O139
DEBUG - 2026-09-07 07:49:48 --> Insertion données page 1 et ligne 13
DEBUG - 2026-09-07 07:49:48 --> Totaux page 1 => HT: 1291147 | TVA: 248545 | TTC: 1539692
DEBUG - 2026-09-07 07:49:48 --> ==============================
DEBUG - 2026-09-07 07:49:48 --> TOTAL GLOBAL
DEBUG - 2026-09-07 07:49:48 --> HT  = 1291147
DEBUG - 2026-09-07 07:49:48 --> TVA = 248545
DEBUG - 2026-09-07 07:49:48 --> TTC = 1539692
DEBUG - 2026-09-07 07:49:48 --> DUE = 1539692
DEBUG - 2026-09-07 07:49:48 --> ==============================
DEBUG - 2026-09-07 07:49:48 --> Insertion footer à partir de ligne 27
DEBUG - 2026-09-07 07:49:48 --> Footer[0] ligne 27 : Bon à savoir / Good to know
DEBUG - 2026-09-07 07:49:48 --> Footer[1] ligne 28 (fond vert)
DEBUG - 2026-09-07 07:49:48 --> Footer[2] ligne 29 (italic bleu)
DEBUG - 2026-09-07 07:49:48 --> Footer[3] ENERGIZING à M30:O30
DEBUG - 2026-09-07 07:49:48 --> Footer[4] Pagination ligne 31 | Page 1/1
DEBUG - 2026-09-07 07:49:48 --> Signature bloc de M24 à O29
DEBUG - 2026-09-07 07:49:48 --> Insertion données page 1 et ligne 13
DEBUG - 2026-09-07 07:49:48 --> Totaux page 1 => HT: 791169 | TVA: 0 | TTC: 791169
DEBUG - 2026-09-07 07:49:48 --> ==============================
DEBUG - 2026-09-07 07:49:48 --> TOTAL GLOBAL
DEBUG - 2026-09-07 07:49:48 --> HT  = 791169
DEBUG - 2026-09-07 07:49:48 --> TVA = 0
DEBUG - 2026-09-07 07:49:48 --> TTC = 791169
DEBUG - 2026-09-07 07:49:48 --> DUE = 791169
DEBUG - 2026-09-07 07:49:48 --> ==============================
DEBUG - 2026-09-07 07:49:48 --> Insertion footer à partir de ligne 24
DEBUG - 2026-09-07 07:49:48 --> Footer[0] ligne 24 : Bon à savoir / Good to know
DEBUG - 2026-09-07 07:49:48 --> Footer[1] ligne 25 (fond vert)
DEBUG - 2026-09-07 07:49:48 --> Footer[2] ligne 26 (italic bleu)
DEBUG - 2026-09-07 07:49:48 --> Footer[3] ENERGIZING à M27:O27
DEBUG - 2026-09-07 07:49:48 --> Footer[4] Pagination ligne 28 | Page 1/1
DEBUG - 2026-09-07 07:49:48 --> Signature bloc de M21 à O26
DEBUG - 2026-09-07 07:49:48 --> Insertion données page 1 et ligne 13
DEBUG - 2026-09-07 07:49:48 --> Totaux page 1 => HT: 826745 | TVA: 32 | TTC: 826777
DEBUG - 2026-09-07 07:49:48 --> ==============================
DEBUG - 2026-09-07 07:49:48 --> TOTAL GLOBAL
DEBUG - 2026-09-07 07:49:48 --> HT  = 826745
DEBUG - 2026-09-07 07:49:48 --> TVA = 32
DEBUG - 2026-09-07 07:49:48 --> TTC = 826777
DEBUG - 2026-09-07 07:49:48 --> DUE = 386678
DEBUG - 2026-09-07 07:49:48 --> ==============================
DEBUG - 2026-09-07 07:49:48 --> Insertion footer à partir de ligne 31
DEBUG - 2026-09-07 07:49:48 --> Footer[0] ligne 31 : Bon à savoir / Good to know
DEBUG - 2026-09-07 07:49:48 --> Footer[1] ligne 32 (fond vert)
DEBUG - 2026-09-07 07:49:48 --> Footer[2] ligne 33 (italic bleu)
DEBUG - 2026-09-07 07:49:48 --> Footer[3] ENERGIZING à M34:O34
DEBUG - 2026-09-07 07:49:48 --> Footer[4] Pagination ligne 35 | Page 1/1
DEBUG - 2026-09-07 07:49:48 --> Signature bloc de M28 à O33
DEBUG - 2026-09-07 07:49:48 --> Insertion données page 1 et ligne 13
DEBUG - 2026-09-07 07:49:48 --> Totaux page 1 => HT: 20847464 | TVA: 4013131 | TTC: 24860595
DEBUG - 2026-09-07 07:49:48 --> Insertion footer à partir de ligne 45
DEBUG - 2026-09-07 07:49:48 --> Footer[0] ligne 45 : Bon à savoir / Good to know
DEBUG - 2026-09-07 07:49:48 --> Footer[1] ligne 46 (fond vert)
DEBUG - 2026-09-07 07:49:48 --> Footer[2] ligne 47 (italic bleu)
DEBUG - 2026-09-07 07:49:48 --> Footer[3] ENERGIZING à M48:O48
DEBUG - 2026-09-07 07:49:48 --> Footer[4] Pagination ligne 49 | Page 1/2
DEBUG - 2026-09-07 07:49:48 --> Signature bloc de M42 à O47
DEBUG - 2026-09-07 07:49:48 --> Ajout saut de page après ligne 50
DEBUG - 2026-09-07 07:49:48 --> Insertion données page 2 et ligne 64
DEBUG - 2026-09-07 07:49:48 --> Totaux page 2 => HT: 10221514 | TVA: 1967640 | TTC: 12189154
DEBUG - 2026-09-07 07:49:48 --> ==============================
DEBUG - 2026-09-07 07:49:48 --> TOTAL GLOBAL
DEBUG - 2026-09-07 07:49:48 --> HT  = 31068978
DEBUG - 2026-09-07 07:49:48 --> TVA = 5980771
DEBUG - 2026-09-07 07:49:48 --> TTC = 37049749
DEBUG - 2026-09-07 07:49:48 --> DUE = 37049749
DEBUG - 2026-09-07 07:49:48 --> ==============================
DEBUG - 2026-09-07 07:49:48 --> Insertion footer à partir de ligne 79
DEBUG - 2026-09-07 07:49:48 --> Footer[0] ligne 79 : Bon à savoir / Good to know
DEBUG - 2026-09-07 07:49:48 --> Footer[1] ligne 80 (fond vert)
DEBUG - 2026-09-07 07:49:48 --> Footer[2] ligne 81 (italic bleu)
DEBUG - 2026-09-07 07:49:48 --> Footer[3] ENERGIZING à M82:O82
DEBUG - 2026-09-07 07:49:48 --> Footer[4] Pagination ligne 83 | Page 2/2
DEBUG - 2026-09-07 07:49:48 --> Signature bloc de M76 à O81
DEBUG - 2026-09-07 07:49:48 --> Insertion données page 1 et ligne 13
DEBUG - 2026-09-07 07:49:48 --> Totaux page 1 => HT: 3365325 | TVA: 645256 | TTC: 4010581
DEBUG - 2026-09-07 07:49:48 --> Insertion footer à partir de ligne 45
DEBUG - 2026-09-07 07:49:48 --> Footer[0] ligne 45 : Bon à savoir / Good to know
DEBUG - 2026-09-07 07:49:48 --> Footer[1] ligne 46 (fond vert)
DEBUG - 2026-09-07 07:49:48 --> Footer[2] ligne 47 (italic bleu)
DEBUG - 2026-09-07 07:49:48 --> Footer[3] ENERGIZING à M48:O48
DEBUG - 2026-09-07 07:49:48 --> Footer[4] Pagination ligne 49 | Page 1/2
DEBUG - 2026-09-07 07:49:48 --> Signature bloc de M42 à O47
DEBUG - 2026-09-07 07:49:48 --> Ajout saut de page après ligne 50
DEBUG - 2026-09-07 07:49:48 --> Insertion données page 2 et ligne 64
DEBUG - 2026-09-07 07:49:48 --> Totaux page 2 => HT: 2686828 | TVA: 517213 | TTC: 3204041
DEBUG - 2026-09-07 07:49:48 --> ==============================
DEBUG - 2026-09-07 07:49:48 --> TOTAL GLOBAL
DEBUG - 2026-09-07 07:49:48 --> HT  = 6052153
DEBUG - 2026-09-07 07:49:48 --> TVA = 1162469
DEBUG - 2026-09-07 07:49:48 --> TTC = 7214622
DEBUG - 2026-09-07 07:49:48 --> DUE = 7151215
DEBUG - 2026-09-07 07:49:48 --> ==============================
DEBUG - 2026-09-07 07:49:48 --> Insertion footer à partir de ligne 87
DEBUG - 2026-09-07 07:49:48 --> Footer[0] ligne 87 : Bon à savoir / Good to know
DEBUG - 2026-09-07 07:49:48 --> Footer[1] ligne 88 (fond vert)
DEBUG - 2026-09-07 07:49:48 --> Footer[2] ligne 89 (italic bleu)
DEBUG - 2026-09-07 07:49:48 --> Footer[3] ENERGIZING à M90:O90
DEBUG - 2026-09-07 07:49:48 --> Footer[4] Pagination ligne 91 | Page 2/2
DEBUG - 2026-09-07 07:49:48 --> Signature bloc de M84 à O89
DEBUG - 2026-09-07 07:49:48 --> Insertion données page 1 et ligne 13
DEBUG - 2026-09-07 07:49:48 --> Totaux page 1 => HT: 1782290 | TVA: 343093 | TTC: 2125383
DEBUG - 2026-09-07 07:49:48 --> ==============================
DEBUG - 2026-09-07 07:49:48 --> TOTAL GLOBAL
DEBUG - 2026-09-07 07:49:48 --> HT  = 1782290
DEBUG - 2026-09-07 07:49:48 --> TVA = 343093
DEBUG - 2026-09-07 07:49:48 --> TTC = 2125383
DEBUG - 2026-09-07 07:49:48 --> DUE = 2125383
DEBUG - 2026-09-07 07:49:48 --> ==============================
DEBUG - 2026-09-07 07:49:48 --> Insertion footer à partir de ligne 41
DEBUG - 2026-09-07 07:49:48 --> Footer[0] ligne 41 : Bon à savoir / Good to know
DEBUG - 2026-09-07 07:49:48 --> Footer[1] ligne 42 (fond vert)
DEBUG - 2026-09-07 07:49:48 --> Footer[2] ligne 43 (italic bleu)
DEBUG - 2026-09-07 07:49:48 --> Footer[3] ENERGIZING à M44:O44
DEBUG - 2026-09-07 07:49:48 --> Footer[4] Pagination ligne 45 | Page 1/1
DEBUG - 2026-09-07 07:49:48 --> Signature bloc de M38 à O43
DEBUG - 2026-09-07 07:49:49 --> Insertion données page 1 et ligne 13
DEBUG - 2026-09-07 07:49:49 --> Totaux page 1 => HT: 3130572 | TVA: 602635 | TTC: 3733207
DEBUG - 2026-09-07 07:49:49 --> ==============================
DEBUG - 2026-09-07 07:49:49 --> TOTAL GLOBAL
DEBUG - 2026-09-07 07:49:49 --> HT  = 3130572
DEBUG - 2026-09-07 07:49:49 --> TVA = 602635
DEBUG - 2026-09-07 07:49:49 --> TTC = 3733207
DEBUG - 2026-09-07 07:49:49 --> DUE = 3660392
DEBUG - 2026-09-07 07:49:49 --> ==============================
DEBUG - 2026-09-07 07:49:49 --> Insertion footer à partir de ligne 40
DEBUG - 2026-09-07 07:49:49 --> Footer[0] ligne 40 : Bon à savoir / Good to know
DEBUG - 2026-09-07 07:49:49 --> Footer[1] ligne 41 (fond vert)
DEBUG - 2026-09-07 07:49:49 --> Footer[2] ligne 42 (italic bleu)
DEBUG - 2026-09-07 07:49:49 --> Footer[3] ENERGIZING à M43:O43
DEBUG - 2026-09-07 07:49:49 --> Footer[4] Pagination ligne 44 | Page 1/1
DEBUG - 2026-09-07 07:49:49 --> Signature bloc de M37 à O42
DEBUG - 2026-09-07 07:49:49 --> Insertion données page 1 et ligne 13
DEBUG - 2026-09-07 07:49:49 --> Totaux page 1 => HT: 1286611 | TVA: 247522 | TTC: 1534133
DEBUG - 2026-09-07 07:49:49 --> ==============================
DEBUG - 2026-09-07 07:49:49 --> TOTAL GLOBAL
DEBUG - 2026-09-07 07:49:49 --> HT  = 1286611
DEBUG - 2026-09-07 07:49:49 --> TVA = 247522
DEBUG - 2026-09-07 07:49:49 --> TTC = 1534133
DEBUG - 2026-09-07 07:49:49 --> DUE = 1460373
DEBUG - 2026-09-07 07:49:49 --> ==============================
DEBUG - 2026-09-07 07:49:49 --> Insertion footer à partir de ligne 46
DEBUG - 2026-09-07 07:49:49 --> Footer[0] ligne 46 : Bon à savoir / Good to know
DEBUG - 2026-09-07 07:49:49 --> Footer[1] ligne 47 (fond vert)
DEBUG - 2026-09-07 07:49:49 --> Footer[2] ligne 48 (italic bleu)
DEBUG - 2026-09-07 07:49:49 --> Footer[3] ENERGIZING à M49:O49
DEBUG - 2026-09-07 07:49:49 --> Footer[4] Pagination ligne 50 | Page 1/1
DEBUG - 2026-09-07 07:49:49 --> Signature bloc de M43 à O48
DEBUG - 2026-09-07 07:49:49 --> Insertion données page 1 et ligne 13
DEBUG - 2026-09-07 07:49:49 --> Totaux page 1 => HT: 707337 | TVA: 129591 | TTC: 836928
DEBUG - 2026-09-07 07:49:49 --> ==============================
DEBUG - 2026-09-07 07:49:49 --> TOTAL GLOBAL
DEBUG - 2026-09-07 07:49:49 --> HT  = 707337
DEBUG - 2026-09-07 07:49:49 --> TVA = 129591
DEBUG - 2026-09-07 07:49:49 --> TTC = 836928
DEBUG - 2026-09-07 07:49:49 --> DUE = 772704
DEBUG - 2026-09-07 07:49:49 --> ==============================
DEBUG - 2026-09-07 07:49:49 --> Insertion footer à partir de ligne 43
DEBUG - 2026-09-07 07:49:49 --> Footer[0] ligne 43 : Bon à savoir / Good to know
DEBUG - 2026-09-07 07:49:49 --> Footer[1] ligne 44 (fond vert)
DEBUG - 2026-09-07 07:49:49 --> Footer[2] ligne 45 (italic bleu)
DEBUG - 2026-09-07 07:49:49 --> Footer[3] ENERGIZING à M46:O46
DEBUG - 2026-09-07 07:49:49 --> Footer[4] Pagination ligne 47 | Page 1/1
DEBUG - 2026-09-07 07:49:49 --> Signature bloc de M40 à O45
DEBUG - 2026-09-07 07:49:49 --> Insertion données page 1 et ligne 13
DEBUG - 2026-09-07 07:49:49 --> Totaux page 1 => HT: 226327 | TVA: 40327 | TTC: 266654
DEBUG - 2026-09-07 07:49:49 --> ==============================
DEBUG - 2026-09-07 07:49:49 --> TOTAL GLOBAL
DEBUG - 2026-09-07 07:49:49 --> HT  = 226327
DEBUG - 2026-09-07 07:49:49 --> TVA = 40327
DEBUG - 2026-09-07 07:49:49 --> TTC = 266654
DEBUG - 2026-09-07 07:49:49 --> DUE = 266654
DEBUG - 2026-09-07 07:49:49 --> ==============================
DEBUG - 2026-09-07 07:49:49 --> Insertion footer à partir de ligne 29
DEBUG - 2026-09-07 07:49:49 --> Footer[0] ligne 29 : Bon à savoir / Good to know
DEBUG - 2026-09-07 07:49:49 --> Footer[1] ligne 30 (fond vert)
DEBUG - 2026-09-07 07:49:49 --> Footer[2] ligne 31 (italic bleu)
DEBUG - 2026-09-07 07:49:49 --> Footer[3] ENERGIZING à M32:O32
DEBUG - 2026-09-07 07:49:49 --> Footer[4] Pagination ligne 33 | Page 1/1
DEBUG - 2026-09-07 07:49:49 --> Signature bloc de M26 à O31
DEBUG - 2026-09-07 07:49:49 --> Insertion données page 1 et ligne 13
DEBUG - 2026-09-07 07:49:49 --> Totaux page 1 => HT: 8122211 | TVA: 1563524 | TTC: 9685735
DEBUG - 2026-09-07 07:49:49 --> ==============================
DEBUG - 2026-09-07 07:49:49 --> TOTAL GLOBAL
DEBUG - 2026-09-07 07:49:49 --> HT  = 8122211
DEBUG - 2026-09-07 07:49:49 --> TVA = 1563524
DEBUG - 2026-09-07 07:49:49 --> TTC = 9685735
DEBUG - 2026-09-07 07:49:49 --> DUE = 9685735
DEBUG - 2026-09-07 07:49:49 --> ==============================
DEBUG - 2026-09-07 07:49:49 --> Insertion footer à partir de ligne 27
DEBUG - 2026-09-07 07:49:49 --> Footer[0] ligne 27 : Bon à savoir / Good to know
DEBUG - 2026-09-07 07:49:49 --> Footer[1] ligne 28 (fond vert)
DEBUG - 2026-09-07 07:49:49 --> Footer[2] ligne 29 (italic bleu)
DEBUG - 2026-09-07 07:49:49 --> Footer[3] ENERGIZING à M30:O30
DEBUG - 2026-09-07 07:49:49 --> Footer[4] Pagination ligne 31 | Page 1/1
DEBUG - 2026-09-07 07:49:49 --> Signature bloc de M24 à O29
DEBUG - 2026-09-07 07:49:49 --> Insertion données page 1 et ligne 13
DEBUG - 2026-09-07 07:49:49 --> Totaux page 1 => HT: 1615159 | TVA: 310918 | TTC: 1926077
DEBUG - 2026-09-07 07:49:49 --> ==============================
DEBUG - 2026-09-07 07:49:49 --> TOTAL GLOBAL
DEBUG - 2026-09-07 07:49:49 --> HT  = 1615159
DEBUG - 2026-09-07 07:49:49 --> TVA = 310918
DEBUG - 2026-09-07 07:49:49 --> TTC = 1926077
DEBUG - 2026-09-07 07:49:49 --> DUE = 1926077
DEBUG - 2026-09-07 07:49:49 --> ==============================
DEBUG - 2026-09-07 07:49:49 --> Insertion footer à partir de ligne 25
DEBUG - 2026-09-07 07:49:49 --> Footer[0] ligne 25 : Bon à savoir / Good to know
DEBUG - 2026-09-07 07:49:49 --> Footer[1] ligne 26 (fond vert)
DEBUG - 2026-09-07 07:49:49 --> Footer[2] ligne 27 (italic bleu)
DEBUG - 2026-09-07 07:49:49 --> Footer[3] ENERGIZING à M28:O28
DEBUG - 2026-09-07 07:49:49 --> Footer[4] Pagination ligne 29 | Page 1/1
DEBUG - 2026-09-07 07:49:49 --> Signature bloc de M22 à O27
DEBUG - 2026-09-07 07:49:49 --> Insertion données page 1 et ligne 13
DEBUG - 2026-09-07 07:49:49 --> Totaux page 1 => HT: 3253732 | TVA: 626344 | TTC: 3880076
DEBUG - 2026-09-07 07:49:49 --> ==============================
DEBUG - 2026-09-07 07:49:49 --> TOTAL GLOBAL
DEBUG - 2026-09-07 07:49:49 --> HT  = 3253732
DEBUG - 2026-09-07 07:49:49 --> TVA = 626344
DEBUG - 2026-09-07 07:49:49 --> TTC = 3880076
DEBUG - 2026-09-07 07:49:49 --> DUE = 3880076
DEBUG - 2026-09-07 07:49:49 --> ==============================
DEBUG - 2026-09-07 07:49:49 --> Insertion footer à partir de ligne 34
DEBUG - 2026-09-07 07:49:49 --> Footer[0] ligne 34 : Bon à savoir / Good to know
DEBUG - 2026-09-07 07:49:49 --> Footer[1] ligne 35 (fond vert)
DEBUG - 2026-09-07 07:49:49 --> Footer[2] ligne 36 (italic bleu)
DEBUG - 2026-09-07 07:49:49 --> Footer[3] ENERGIZING à M37:O37
DEBUG - 2026-09-07 07:49:49 --> Footer[4] Pagination ligne 38 | Page 1/1
DEBUG - 2026-09-07 07:49:49 --> Signature bloc de M31 à O36
DEBUG - 2026-09-07 07:49:49 --> Insertion données page 1 et ligne 13
DEBUG - 2026-09-07 07:49:49 --> Totaux page 1 => HT: 1501166 | TVA: 288974 | TTC: 1790140
DEBUG - 2026-09-07 07:49:49 --> ==============================
DEBUG - 2026-09-07 07:49:49 --> TOTAL GLOBAL
DEBUG - 2026-09-07 07:49:49 --> HT  = 1501166
DEBUG - 2026-09-07 07:49:49 --> TVA = 288974
DEBUG - 2026-09-07 07:49:49 --> TTC = 1790140
DEBUG - 2026-09-07 07:49:49 --> DUE = 1790140
DEBUG - 2026-09-07 07:49:49 --> ==============================
DEBUG - 2026-09-07 07:49:49 --> Insertion footer à partir de ligne 21
DEBUG - 2026-09-07 07:49:49 --> Footer[0] ligne 21 : Bon à savoir / Good to know
DEBUG - 2026-09-07 07:49:49 --> Footer[1] ligne 22 (fond vert)
DEBUG - 2026-09-07 07:49:49 --> Footer[2] ligne 23 (italic bleu)
DEBUG - 2026-09-07 07:49:49 --> Footer[3] ENERGIZING à M24:O24
DEBUG - 2026-09-07 07:49:49 --> Footer[4] Pagination ligne 25 | Page 1/1
DEBUG - 2026-09-07 07:49:49 --> Signature bloc de M18 à O23
DEBUG - 2026-09-07 07:49:49 --> Insertion données page 1 et ligne 13
DEBUG - 2026-09-07 07:49:49 --> Totaux page 1 => HT: 8719117 | TVA: 1678431 | TTC: 10397548
DEBUG - 2026-09-07 07:49:49 --> ==============================
DEBUG - 2026-09-07 07:49:49 --> TOTAL GLOBAL
DEBUG - 2026-09-07 07:49:49 --> HT  = 8719117
DEBUG - 2026-09-07 07:49:49 --> TVA = 1678431
DEBUG - 2026-09-07 07:49:49 --> TTC = 10397548
DEBUG - 2026-09-07 07:49:49 --> DUE = 10397548
DEBUG - 2026-09-07 07:49:49 --> ==============================
DEBUG - 2026-09-07 07:49:49 --> Insertion footer à partir de ligne 42
DEBUG - 2026-09-07 07:49:49 --> Footer[0] ligne 42 : Bon à savoir / Good to know
DEBUG - 2026-09-07 07:49:49 --> Footer[1] ligne 43 (fond vert)
DEBUG - 2026-09-07 07:49:49 --> Footer[2] ligne 44 (italic bleu)
DEBUG - 2026-09-07 07:49:49 --> Footer[3] ENERGIZING à M45:O45
DEBUG - 2026-09-07 07:49:49 --> Footer[4] Pagination ligne 46 | Page 1/1
DEBUG - 2026-09-07 07:49:49 --> Signature bloc de M39 à O44
DEBUG - 2026-09-07 07:49:49 --> Insertion données page 1 et ligne 13
DEBUG - 2026-09-07 07:49:50 --> Totaux page 1 => HT: 1027588 | TVA: 197811 | TTC: 1225399
DEBUG - 2026-09-07 07:49:50 --> ==============================
DEBUG - 2026-09-07 07:49:50 --> TOTAL GLOBAL
DEBUG - 2026-09-07 07:49:50 --> HT  = 1027588
DEBUG - 2026-09-07 07:49:50 --> TVA = 197811
DEBUG - 2026-09-07 07:49:50 --> TTC = 1225399
DEBUG - 2026-09-07 07:49:50 --> DUE = 1225399
DEBUG - 2026-09-07 07:49:50 --> ==============================
DEBUG - 2026-09-07 07:49:50 --> Insertion footer à partir de ligne 24
DEBUG - 2026-09-07 07:49:50 --> Footer[0] ligne 24 : Bon à savoir / Good to know
DEBUG - 2026-09-07 07:49:50 --> Footer[1] ligne 25 (fond vert)
DEBUG - 2026-09-07 07:49:50 --> Footer[2] ligne 26 (italic bleu)
DEBUG - 2026-09-07 07:49:50 --> Footer[3] ENERGIZING à M27:O27
DEBUG - 2026-09-07 07:49:50 --> Footer[4] Pagination ligne 28 | Page 1/1
DEBUG - 2026-09-07 07:49:50 --> Signature bloc de M21 à O26
DEBUG - 2026-09-07 07:49:50 --> Insertion données page 1 et ligne 13
DEBUG - 2026-09-07 07:49:50 --> Totaux page 1 => HT: 2723655 | TVA: 524303 | TTC: 3247958
DEBUG - 2026-09-07 07:49:50 --> Insertion footer à partir de ligne 45
DEBUG - 2026-09-07 07:49:50 --> Footer[0] ligne 45 : Bon à savoir / Good to know
DEBUG - 2026-09-07 07:49:50 --> Footer[1] ligne 46 (fond vert)
DEBUG - 2026-09-07 07:49:50 --> Footer[2] ligne 47 (italic bleu)
DEBUG - 2026-09-07 07:49:50 --> Footer[3] ENERGIZING à M48:O48
DEBUG - 2026-09-07 07:49:50 --> Footer[4] Pagination ligne 49 | Page 1/2
DEBUG - 2026-09-07 07:49:50 --> Signature bloc de M42 à O47
DEBUG - 2026-09-07 07:49:50 --> Ajout saut de page après ligne 50
DEBUG - 2026-09-07 07:49:50 --> Insertion données page 2 et ligne 64
DEBUG - 2026-09-07 07:49:50 --> Totaux page 2 => HT: 1518702 | TVA: 292349 | TTC: 1811051
DEBUG - 2026-09-07 07:49:50 --> ==============================
DEBUG - 2026-09-07 07:49:50 --> TOTAL GLOBAL
DEBUG - 2026-09-07 07:49:50 --> HT  = 4242357
DEBUG - 2026-09-07 07:49:50 --> TVA = 816652
DEBUG - 2026-09-07 07:49:50 --> TTC = 5059009
DEBUG - 2026-09-07 07:49:50 --> DUE = 5058408
DEBUG - 2026-09-07 07:49:50 --> ==============================
DEBUG - 2026-09-07 07:49:50 --> Insertion footer à partir de ligne 97
DEBUG - 2026-09-07 07:49:50 --> Footer[0] ligne 97 : Bon à savoir / Good to know
DEBUG - 2026-09-07 07:49:50 --> Footer[1] ligne 98 (fond vert)
DEBUG - 2026-09-07 07:49:50 --> Footer[2] ligne 99 (italic bleu)
DEBUG - 2026-09-07 07:49:50 --> Footer[3] ENERGIZING à M100:O100
DEBUG - 2026-09-07 07:49:50 --> Footer[4] Pagination ligne 101 | Page 2/2
DEBUG - 2026-09-07 07:49:50 --> Signature bloc de M94 à O99
DEBUG - 2026-09-07 07:49:50 --> Insertion données page 1 et ligne 13
DEBUG - 2026-09-07 07:49:50 --> Totaux page 1 => HT: 2956901 | TVA: 566925 | TTC: 3523826
DEBUG - 2026-09-07 07:49:50 --> Insertion footer à partir de ligne 45
DEBUG - 2026-09-07 07:49:50 --> Footer[0] ligne 45 : Bon à savoir / Good to know
DEBUG - 2026-09-07 07:49:50 --> Footer[1] ligne 46 (fond vert)
DEBUG - 2026-09-07 07:49:50 --> Footer[2] ligne 47 (italic bleu)
DEBUG - 2026-09-07 07:49:50 --> Footer[3] ENERGIZING à M48:O48
DEBUG - 2026-09-07 07:49:50 --> Footer[4] Pagination ligne 49 | Page 1/2
DEBUG - 2026-09-07 07:49:50 --> Signature bloc de M42 à O47
DEBUG - 2026-09-07 07:49:50 --> Ajout saut de page après ligne 50
DEBUG - 2026-09-07 07:49:50 --> Insertion données page 2 et ligne 64
DEBUG - 2026-09-07 07:49:50 --> Totaux page 2 => HT: 279603 | TVA: 53823 | TTC: 333426
DEBUG - 2026-09-07 07:49:50 --> ==============================
DEBUG - 2026-09-07 07:49:50 --> TOTAL GLOBAL
DEBUG - 2026-09-07 07:49:50 --> HT  = 3236504
DEBUG - 2026-09-07 07:49:50 --> TVA = 620748
DEBUG - 2026-09-07 07:49:50 --> TTC = 3857252
DEBUG - 2026-09-07 07:49:50 --> DUE = 3567004
DEBUG - 2026-09-07 07:49:50 --> ==============================
DEBUG - 2026-09-07 07:49:50 --> Insertion footer à partir de ligne 78
DEBUG - 2026-09-07 07:49:50 --> Footer[0] ligne 78 : Bon à savoir / Good to know
DEBUG - 2026-09-07 07:49:50 --> Footer[1] ligne 79 (fond vert)
DEBUG - 2026-09-07 07:49:50 --> Footer[2] ligne 80 (italic bleu)
DEBUG - 2026-09-07 07:49:50 --> Footer[3] ENERGIZING à M81:O81
DEBUG - 2026-09-07 07:49:50 --> Footer[4] Pagination ligne 82 | Page 2/2
DEBUG - 2026-09-07 07:49:50 --> Signature bloc de M75 à O80
DEBUG - 2026-09-07 07:49:50 --> Insertion données page 1 et ligne 13
DEBUG - 2026-09-07 07:49:50 --> Totaux page 1 => HT: 897617 | TVA: 167325 | TTC: 1064942
DEBUG - 2026-09-07 07:49:50 --> Insertion footer à partir de ligne 45
DEBUG - 2026-09-07 07:49:50 --> Footer[0] ligne 45 : Bon à savoir / Good to know
DEBUG - 2026-09-07 07:49:50 --> Footer[1] ligne 46 (fond vert)
DEBUG - 2026-09-07 07:49:50 --> Footer[2] ligne 47 (italic bleu)
DEBUG - 2026-09-07 07:49:50 --> Footer[3] ENERGIZING à M48:O48
DEBUG - 2026-09-07 07:49:50 --> Footer[4] Pagination ligne 49 | Page 1/2
DEBUG - 2026-09-07 07:49:50 --> Signature bloc de M42 à O47
DEBUG - 2026-09-07 07:49:50 --> Ajout saut de page après ligne 50
DEBUG - 2026-09-07 07:49:50 --> Insertion données page 2 et ligne 64
DEBUG - 2026-09-07 07:49:50 --> Totaux page 2 => HT: 146847 | TVA: 24374 | TTC: 171221
DEBUG - 2026-09-07 07:49:50 --> ==============================
DEBUG - 2026-09-07 07:49:50 --> TOTAL GLOBAL
DEBUG - 2026-09-07 07:49:50 --> HT  = 1044464
DEBUG - 2026-09-07 07:49:50 --> TVA = 191699
DEBUG - 2026-09-07 07:49:50 --> TTC = 1236163
DEBUG - 2026-09-07 07:49:50 --> DUE = 1236163
DEBUG - 2026-09-07 07:49:50 --> ==============================
DEBUG - 2026-09-07 07:49:50 --> Insertion footer à partir de ligne 82
DEBUG - 2026-09-07 07:49:50 --> Footer[0] ligne 82 : Bon à savoir / Good to know
DEBUG - 2026-09-07 07:49:50 --> Footer[1] ligne 83 (fond vert)
DEBUG - 2026-09-07 07:49:50 --> Footer[2] ligne 84 (italic bleu)
DEBUG - 2026-09-07 07:49:50 --> Footer[3] ENERGIZING à M85:O85
DEBUG - 2026-09-07 07:49:50 --> Footer[4] Pagination ligne 86 | Page 2/2
DEBUG - 2026-09-07 07:49:50 --> Signature bloc de M79 à O84
DEBUG - 2026-09-07 07:49:50 --> Insertion données page 1 et ligne 13
DEBUG - 2026-09-07 07:49:50 --> Totaux page 1 => HT: 4079777 | TVA: 785358 | TTC: 4865135
DEBUG - 2026-09-07 07:49:50 --> ==============================
DEBUG - 2026-09-07 07:49:50 --> TOTAL GLOBAL
DEBUG - 2026-09-07 07:49:50 --> HT  = 4079777
DEBUG - 2026-09-07 07:49:50 --> TVA = 785358
DEBUG - 2026-09-07 07:49:50 --> TTC = 4865135
DEBUG - 2026-09-07 07:49:50 --> DUE = 4865135
DEBUG - 2026-09-07 07:49:50 --> ==============================
DEBUG - 2026-09-07 07:49:50 --> Insertion footer à partir de ligne 42
DEBUG - 2026-09-07 07:49:50 --> Footer[0] ligne 42 : Bon à savoir / Good to know
DEBUG - 2026-09-07 07:49:50 --> Footer[1] ligne 43 (fond vert)
DEBUG - 2026-09-07 07:49:50 --> Footer[2] ligne 44 (italic bleu)
DEBUG - 2026-09-07 07:49:50 --> Footer[3] ENERGIZING à M45:O45
DEBUG - 2026-09-07 07:49:50 --> Footer[4] Pagination ligne 46 | Page 1/1
DEBUG - 2026-09-07 07:49:50 --> Signature bloc de M39 à O44
DEBUG - 2026-09-07 07:49:50 --> Insertion données page 1 et ligne 13
DEBUG - 2026-09-07 07:49:50 --> Totaux page 1 => HT: 2660432 | TVA: 512132 | TTC: 3172564
DEBUG - 2026-09-07 07:49:50 --> Insertion footer à partir de ligne 45
DEBUG - 2026-09-07 07:49:50 --> Footer[0] ligne 45 : Bon à savoir / Good to know
DEBUG - 2026-09-07 07:49:50 --> Footer[1] ligne 46 (fond vert)
DEBUG - 2026-09-07 07:49:50 --> Footer[2] ligne 47 (italic bleu)
DEBUG - 2026-09-07 07:49:50 --> Footer[3] ENERGIZING à M48:O48
DEBUG - 2026-09-07 07:49:50 --> Footer[4] Pagination ligne 49 | Page 1/2
DEBUG - 2026-09-07 07:49:50 --> Signature bloc de M42 à O47
DEBUG - 2026-09-07 07:49:50 --> Ajout saut de page après ligne 50
DEBUG - 2026-09-07 07:49:50 --> Insertion données page 2 et ligne 64
DEBUG - 2026-09-07 07:49:50 --> Totaux page 2 => HT: 620722 | TVA: 119489 | TTC: 740211
DEBUG - 2026-09-07 07:49:50 --> ==============================
DEBUG - 2026-09-07 07:49:50 --> TOTAL GLOBAL
DEBUG - 2026-09-07 07:49:50 --> HT  = 3281154
DEBUG - 2026-09-07 07:49:50 --> TVA = 631621
DEBUG - 2026-09-07 07:49:50 --> TTC = 3912775
DEBUG - 2026-09-07 07:49:50 --> DUE = 3899061
DEBUG - 2026-09-07 07:49:50 --> ==============================
DEBUG - 2026-09-07 07:49:50 --> Insertion footer à partir de ligne 82
DEBUG - 2026-09-07 07:49:50 --> Footer[0] ligne 82 : Bon à savoir / Good to know
DEBUG - 2026-09-07 07:49:50 --> Footer[1] ligne 83 (fond vert)
DEBUG - 2026-09-07 07:49:50 --> Footer[2] ligne 84 (italic bleu)
DEBUG - 2026-09-07 07:49:50 --> Footer[3] ENERGIZING à M85:O85
DEBUG - 2026-09-07 07:49:50 --> Footer[4] Pagination ligne 86 | Page 2/2
DEBUG - 2026-09-07 07:49:50 --> Signature bloc de M79 à O84
DEBUG - 2026-09-07 07:49:50 --> Insertion données page 1 et ligne 13
DEBUG - 2026-09-07 07:49:50 --> Totaux page 1 => HT: 1696584 | TVA: 324129 | TTC: 2020713
DEBUG - 2026-09-07 07:49:50 --> ==============================
DEBUG - 2026-09-07 07:49:50 --> TOTAL GLOBAL
DEBUG - 2026-09-07 07:49:50 --> HT  = 1696584
DEBUG - 2026-09-07 07:49:50 --> TVA = 324129
DEBUG - 2026-09-07 07:49:50 --> TTC = 2020713
DEBUG - 2026-09-07 07:49:50 --> DUE = 2020713
DEBUG - 2026-09-07 07:49:50 --> ==============================
DEBUG - 2026-09-07 07:49:50 --> Insertion footer à partir de ligne 29
DEBUG - 2026-09-07 07:49:50 --> Footer[0] ligne 29 : Bon à savoir / Good to know
DEBUG - 2026-09-07 07:49:50 --> Footer[1] ligne 30 (fond vert)
DEBUG - 2026-09-07 07:49:50 --> Footer[2] ligne 31 (italic bleu)
DEBUG - 2026-09-07 07:49:50 --> Footer[3] ENERGIZING à M32:O32
DEBUG - 2026-09-07 07:49:50 --> Footer[4] Pagination ligne 33 | Page 1/1
DEBUG - 2026-09-07 07:49:50 --> Signature bloc de M26 à O31
DEBUG - 2026-09-07 07:49:50 --> Insertion données page 1 et ligne 13
DEBUG - 2026-09-07 07:49:50 --> Totaux page 1 => HT: 3236700 | TVA: 623063 | TTC: 3859763
DEBUG - 2026-09-07 07:49:50 --> ==============================
DEBUG - 2026-09-07 07:49:50 --> TOTAL GLOBAL
DEBUG - 2026-09-07 07:49:50 --> HT  = 3236700
DEBUG - 2026-09-07 07:49:50 --> TVA = 623063
DEBUG - 2026-09-07 07:49:50 --> TTC = 3859763
DEBUG - 2026-09-07 07:49:50 --> DUE = 3810109
DEBUG - 2026-09-07 07:49:50 --> ==============================
DEBUG - 2026-09-07 07:49:50 --> Insertion footer à partir de ligne 31
DEBUG - 2026-09-07 07:49:50 --> Footer[0] ligne 31 : Bon à savoir / Good to know
DEBUG - 2026-09-07 07:49:50 --> Footer[1] ligne 32 (fond vert)
DEBUG - 2026-09-07 07:49:50 --> Footer[2] ligne 33 (italic bleu)
DEBUG - 2026-09-07 07:49:50 --> Footer[3] ENERGIZING à M34:O34
DEBUG - 2026-09-07 07:49:50 --> Footer[4] Pagination ligne 35 | Page 1/1
DEBUG - 2026-09-07 07:49:50 --> Signature bloc de M28 à O33
DEBUG - 2026-09-07 07:49:51 --> Insertion données page 1 et ligne 13
DEBUG - 2026-09-07 07:49:51 --> Totaux page 1 => HT: 2056507 | TVA: 395877 | TTC: 2452384
DEBUG - 2026-09-07 07:49:51 --> ==============================
DEBUG - 2026-09-07 07:49:51 --> TOTAL GLOBAL
DEBUG - 2026-09-07 07:49:51 --> HT  = 2056507
DEBUG - 2026-09-07 07:49:51 --> TVA = 395877
DEBUG - 2026-09-07 07:49:51 --> TTC = 2452384
DEBUG - 2026-09-07 07:49:51 --> DUE = 2452384
DEBUG - 2026-09-07 07:49:51 --> ==============================
DEBUG - 2026-09-07 07:49:51 --> Insertion footer à partir de ligne 30
DEBUG - 2026-09-07 07:49:51 --> Footer[0] ligne 30 : Bon à savoir / Good to know
DEBUG - 2026-09-07 07:49:51 --> Footer[1] ligne 31 (fond vert)
DEBUG - 2026-09-07 07:49:51 --> Footer[2] ligne 32 (italic bleu)
DEBUG - 2026-09-07 07:49:51 --> Footer[3] ENERGIZING à M33:O33
DEBUG - 2026-09-07 07:49:51 --> Footer[4] Pagination ligne 34 | Page 1/1
DEBUG - 2026-09-07 07:49:51 --> Signature bloc de M27 à O32
DEBUG - 2026-09-07 07:49:51 --> Insertion données page 1 et ligne 13
DEBUG - 2026-09-07 07:49:51 --> Totaux page 1 => HT: 2208793 | TVA: 423091 | TTC: 2631884
DEBUG - 2026-09-07 07:49:51 --> ==============================
DEBUG - 2026-09-07 07:49:51 --> TOTAL GLOBAL
DEBUG - 2026-09-07 07:49:51 --> HT  = 2208793
DEBUG - 2026-09-07 07:49:51 --> TVA = 423091
DEBUG - 2026-09-07 07:49:51 --> TTC = 2631884
DEBUG - 2026-09-07 07:49:51 --> DUE = 2631884
DEBUG - 2026-09-07 07:49:51 --> ==============================
DEBUG - 2026-09-07 07:49:51 --> Insertion footer à partir de ligne 34
DEBUG - 2026-09-07 07:49:51 --> Footer[0] ligne 34 : Bon à savoir / Good to know
DEBUG - 2026-09-07 07:49:51 --> Footer[1] ligne 35 (fond vert)
DEBUG - 2026-09-07 07:49:51 --> Footer[2] ligne 36 (italic bleu)
DEBUG - 2026-09-07 07:49:51 --> Footer[3] ENERGIZING à M37:O37
DEBUG - 2026-09-07 07:49:51 --> Footer[4] Pagination ligne 38 | Page 1/1
DEBUG - 2026-09-07 07:49:51 --> Signature bloc de M31 à O36
DEBUG - 2026-09-07 07:49:51 --> Insertion données page 1 et ligne 13
DEBUG - 2026-09-07 07:49:51 --> Totaux page 1 => HT: 2247299 | TVA: 432606 | TTC: 2679905
DEBUG - 2026-09-07 07:49:51 --> ==============================
DEBUG - 2026-09-07 07:49:51 --> TOTAL GLOBAL
DEBUG - 2026-09-07 07:49:51 --> HT  = 2247299
DEBUG - 2026-09-07 07:49:51 --> TVA = 432606
DEBUG - 2026-09-07 07:49:51 --> TTC = 2679905
DEBUG - 2026-09-07 07:49:51 --> DUE = 2679905
DEBUG - 2026-09-07 07:49:51 --> ==============================
DEBUG - 2026-09-07 07:49:51 --> Insertion footer à partir de ligne 36
DEBUG - 2026-09-07 07:49:51 --> Footer[0] ligne 36 : Bon à savoir / Good to know
DEBUG - 2026-09-07 07:49:51 --> Footer[1] ligne 37 (fond vert)
DEBUG - 2026-09-07 07:49:51 --> Footer[2] ligne 38 (italic bleu)
DEBUG - 2026-09-07 07:49:51 --> Footer[3] ENERGIZING à M39:O39
DEBUG - 2026-09-07 07:49:51 --> Footer[4] Pagination ligne 40 | Page 1/1
DEBUG - 2026-09-07 07:49:51 --> Signature bloc de M33 à O38
DEBUG - 2026-09-07 07:49:51 --> Insertion données page 1 et ligne 13
DEBUG - 2026-09-07 07:49:51 --> Totaux page 1 => HT: 223383 | TVA: 40888 | TTC: 264271
DEBUG - 2026-09-07 07:49:51 --> ==============================
DEBUG - 2026-09-07 07:49:51 --> TOTAL GLOBAL
DEBUG - 2026-09-07 07:49:51 --> HT  = 223383
DEBUG - 2026-09-07 07:49:51 --> TVA = 40888
DEBUG - 2026-09-07 07:49:51 --> TTC = 264271
DEBUG - 2026-09-07 07:49:51 --> DUE = 263970
DEBUG - 2026-09-07 07:49:51 --> ==============================
DEBUG - 2026-09-07 07:49:51 --> Insertion footer à partir de ligne 40
DEBUG - 2026-09-07 07:49:51 --> Footer[0] ligne 40 : Bon à savoir / Good to know
DEBUG - 2026-09-07 07:49:51 --> Footer[1] ligne 41 (fond vert)
DEBUG - 2026-09-07 07:49:51 --> Footer[2] ligne 42 (italic bleu)
DEBUG - 2026-09-07 07:49:51 --> Footer[3] ENERGIZING à M43:O43
DEBUG - 2026-09-07 07:49:51 --> Footer[4] Pagination ligne 44 | Page 1/1
DEBUG - 2026-09-07 07:49:51 --> Signature bloc de M37 à O42
DEBUG - 2026-09-07 07:49:51 --> Insertion données page 1 et ligne 13
DEBUG - 2026-09-07 07:49:51 --> Totaux page 1 => HT: 400605 | TVA: 77116 | TTC: 477721
DEBUG - 2026-09-07 07:49:51 --> ==============================
DEBUG - 2026-09-07 07:49:51 --> TOTAL GLOBAL
DEBUG - 2026-09-07 07:49:51 --> HT  = 400605
DEBUG - 2026-09-07 07:49:51 --> TVA = 77116
DEBUG - 2026-09-07 07:49:51 --> TTC = 477721
DEBUG - 2026-09-07 07:49:51 --> DUE = 477721
DEBUG - 2026-09-07 07:49:51 --> ==============================
DEBUG - 2026-09-07 07:49:51 --> Insertion footer à partir de ligne 25
DEBUG - 2026-09-07 07:49:51 --> Footer[0] ligne 25 : Bon à savoir / Good to know
DEBUG - 2026-09-07 07:49:51 --> Footer[1] ligne 26 (fond vert)
DEBUG - 2026-09-07 07:49:51 --> Footer[2] ligne 27 (italic bleu)
DEBUG - 2026-09-07 07:49:51 --> Footer[3] ENERGIZING à M28:O28
DEBUG - 2026-09-07 07:49:51 --> Footer[4] Pagination ligne 29 | Page 1/1
DEBUG - 2026-09-07 07:49:51 --> Signature bloc de M22 à O27
DEBUG - 2026-09-07 07:49:51 --> Insertion données page 1 et ligne 13
DEBUG - 2026-09-07 07:49:51 --> Totaux page 1 => HT: 4629447 | TVA: 891169 | TTC: 5520616
DEBUG - 2026-09-07 07:49:51 --> ==============================
DEBUG - 2026-09-07 07:49:51 --> TOTAL GLOBAL
DEBUG - 2026-09-07 07:49:51 --> HT  = 4629447
DEBUG - 2026-09-07 07:49:51 --> TVA = 891169
DEBUG - 2026-09-07 07:49:51 --> TTC = 5520616
DEBUG - 2026-09-07 07:49:51 --> DUE = 5520616
DEBUG - 2026-09-07 07:49:51 --> ==============================
DEBUG - 2026-09-07 07:49:51 --> Insertion footer à partir de ligne 24
DEBUG - 2026-09-07 07:49:51 --> Footer[0] ligne 24 : Bon à savoir / Good to know
DEBUG - 2026-09-07 07:49:51 --> Footer[1] ligne 25 (fond vert)
DEBUG - 2026-09-07 07:49:51 --> Footer[2] ligne 26 (italic bleu)
DEBUG - 2026-09-07 07:49:51 --> Footer[3] ENERGIZING à M27:O27
DEBUG - 2026-09-07 07:49:51 --> Footer[4] Pagination ligne 28 | Page 1/1
DEBUG - 2026-09-07 07:49:51 --> Signature bloc de M21 à O26
DEBUG - 2026-09-07 07:49:51 --> Insertion données page 1 et ligne 13
DEBUG - 2026-09-07 07:49:51 --> Totaux page 1 => HT: 1593953 | TVA: 306836 | TTC: 1900789
DEBUG - 2026-09-07 07:49:51 --> ==============================
DEBUG - 2026-09-07 07:49:51 --> TOTAL GLOBAL
DEBUG - 2026-09-07 07:49:51 --> HT  = 1593953
DEBUG - 2026-09-07 07:49:51 --> TVA = 306836
DEBUG - 2026-09-07 07:49:51 --> TTC = 1900789
DEBUG - 2026-09-07 07:49:51 --> DUE = 1900789
DEBUG - 2026-09-07 07:49:51 --> ==============================
DEBUG - 2026-09-07 07:49:51 --> Insertion footer à partir de ligne 25
DEBUG - 2026-09-07 07:49:51 --> Footer[0] ligne 25 : Bon à savoir / Good to know
DEBUG - 2026-09-07 07:49:51 --> Footer[1] ligne 26 (fond vert)
DEBUG - 2026-09-07 07:49:51 --> Footer[2] ligne 27 (italic bleu)
DEBUG - 2026-09-07 07:49:51 --> Footer[3] ENERGIZING à M28:O28
DEBUG - 2026-09-07 07:49:51 --> Footer[4] Pagination ligne 29 | Page 1/1
DEBUG - 2026-09-07 07:49:51 --> Signature bloc de M22 à O27
DEBUG - 2026-09-07 07:49:51 --> Insertion données page 1 et ligne 13
DEBUG - 2026-09-07 07:49:51 --> Totaux page 1 => HT: 2779420 | TVA: 534680 | TTC: 3314100
DEBUG - 2026-09-07 07:49:51 --> ==============================
DEBUG - 2026-09-07 07:49:51 --> TOTAL GLOBAL
DEBUG - 2026-09-07 07:49:51 --> HT  = 2779420
DEBUG - 2026-09-07 07:49:51 --> TVA = 534680
DEBUG - 2026-09-07 07:49:51 --> TTC = 3314100
DEBUG - 2026-09-07 07:49:51 --> DUE = 3297874
DEBUG - 2026-09-07 07:49:51 --> ==============================
DEBUG - 2026-09-07 07:49:51 --> Insertion footer à partir de ligne 44
DEBUG - 2026-09-07 07:49:51 --> Footer[0] ligne 44 : Bon à savoir / Good to know
DEBUG - 2026-09-07 07:49:51 --> Footer[1] ligne 45 (fond vert)
DEBUG - 2026-09-07 07:49:51 --> Footer[2] ligne 46 (italic bleu)
DEBUG - 2026-09-07 07:49:51 --> Footer[3] ENERGIZING à M47:O47
DEBUG - 2026-09-07 07:49:51 --> Footer[4] Pagination ligne 48 | Page 1/1
DEBUG - 2026-09-07 07:49:51 --> Signature bloc de M41 à O46
DEBUG - 2026-09-07 07:49:51 --> Insertion données page 1 et ligne 13
DEBUG - 2026-09-07 07:49:51 --> Totaux page 1 => HT: 240465 | TVA: 46194 | TTC: 286659
DEBUG - 2026-09-07 07:49:51 --> ==============================
DEBUG - 2026-09-07 07:49:51 --> TOTAL GLOBAL
DEBUG - 2026-09-07 07:49:51 --> HT  = 240465
DEBUG - 2026-09-07 07:49:51 --> TVA = 46194
DEBUG - 2026-09-07 07:49:51 --> TTC = 286659
DEBUG - 2026-09-07 07:49:51 --> DUE = 286659
DEBUG - 2026-09-07 07:49:51 --> ==============================
DEBUG - 2026-09-07 07:49:51 --> Insertion footer à partir de ligne 24
DEBUG - 2026-09-07 07:49:51 --> Footer[0] ligne 24 : Bon à savoir / Good to know
DEBUG - 2026-09-07 07:49:51 --> Footer[1] ligne 25 (fond vert)
DEBUG - 2026-09-07 07:49:51 --> Footer[2] ligne 26 (italic bleu)
DEBUG - 2026-09-07 07:49:51 --> Footer[3] ENERGIZING à M27:O27
DEBUG - 2026-09-07 07:49:51 --> Footer[4] Pagination ligne 28 | Page 1/1
DEBUG - 2026-09-07 07:49:51 --> Signature bloc de M21 à O26
DEBUG - 2026-09-07 07:49:52 --> Insertion données page 1 et ligne 13
DEBUG - 2026-09-07 07:49:52 --> Totaux page 1 => HT: 2151813 | TVA: 414225 | TTC: 2566038
DEBUG - 2026-09-07 07:49:52 --> ==============================
DEBUG - 2026-09-07 07:49:52 --> TOTAL GLOBAL
DEBUG - 2026-09-07 07:49:52 --> HT  = 2151813
DEBUG - 2026-09-07 07:49:52 --> TVA = 414225
DEBUG - 2026-09-07 07:49:52 --> TTC = 2566038
DEBUG - 2026-09-07 07:49:52 --> DUE = 2566038
DEBUG - 2026-09-07 07:49:52 --> ==============================
DEBUG - 2026-09-07 07:49:52 --> Insertion footer à partir de ligne 29
DEBUG - 2026-09-07 07:49:52 --> Footer[0] ligne 29 : Bon à savoir / Good to know
DEBUG - 2026-09-07 07:49:52 --> Footer[1] ligne 30 (fond vert)
DEBUG - 2026-09-07 07:49:52 --> Footer[2] ligne 31 (italic bleu)
DEBUG - 2026-09-07 07:49:52 --> Footer[3] ENERGIZING à M32:O32
DEBUG - 2026-09-07 07:49:52 --> Footer[4] Pagination ligne 33 | Page 1/1
DEBUG - 2026-09-07 07:49:52 --> Signature bloc de M26 à O31
DEBUG - 2026-09-07 07:49:52 --> Insertion données page 1 et ligne 13
DEBUG - 2026-09-07 07:49:52 --> Totaux page 1 => HT: 2680099 | TVA: 515921 | TTC: 3196020
DEBUG - 2026-09-07 07:49:52 --> ==============================
DEBUG - 2026-09-07 07:49:52 --> TOTAL GLOBAL
DEBUG - 2026-09-07 07:49:52 --> HT  = 2680099
DEBUG - 2026-09-07 07:49:52 --> TVA = 515921
DEBUG - 2026-09-07 07:49:52 --> TTC = 3196020
DEBUG - 2026-09-07 07:49:52 --> DUE = 3195719
DEBUG - 2026-09-07 07:49:52 --> ==============================
DEBUG - 2026-09-07 07:49:52 --> Insertion footer à partir de ligne 27
DEBUG - 2026-09-07 07:49:52 --> Footer[0] ligne 27 : Bon à savoir / Good to know
DEBUG - 2026-09-07 07:49:52 --> Footer[1] ligne 28 (fond vert)
DEBUG - 2026-09-07 07:49:52 --> Footer[2] ligne 29 (italic bleu)
DEBUG - 2026-09-07 07:49:52 --> Footer[3] ENERGIZING à M30:O30
DEBUG - 2026-09-07 07:49:52 --> Footer[4] Pagination ligne 31 | Page 1/1
DEBUG - 2026-09-07 07:49:52 --> Signature bloc de M24 à O29
DEBUG - 2026-09-07 07:49:52 --> Insertion données page 1 et ligne 13
DEBUG - 2026-09-07 07:49:52 --> Totaux page 1 => HT: 454163 | TVA: 87426 | TTC: 541589
DEBUG - 2026-09-07 07:49:52 --> ==============================
DEBUG - 2026-09-07 07:49:52 --> TOTAL GLOBAL
DEBUG - 2026-09-07 07:49:52 --> HT  = 454163
DEBUG - 2026-09-07 07:49:52 --> TVA = 87426
DEBUG - 2026-09-07 07:49:52 --> TTC = 541589
DEBUG - 2026-09-07 07:49:52 --> DUE = 541589
DEBUG - 2026-09-07 07:49:52 --> ==============================
DEBUG - 2026-09-07 07:49:52 --> Insertion footer à partir de ligne 20
DEBUG - 2026-09-07 07:49:52 --> Footer[0] ligne 20 : Bon à savoir / Good to know
DEBUG - 2026-09-07 07:49:52 --> Footer[1] ligne 21 (fond vert)
DEBUG - 2026-09-07 07:49:52 --> Footer[2] ligne 22 (italic bleu)
DEBUG - 2026-09-07 07:49:52 --> Footer[3] ENERGIZING à M23:O23
DEBUG - 2026-09-07 07:49:52 --> Footer[4] Pagination ligne 24 | Page 1/1
DEBUG - 2026-09-07 07:49:52 --> Signature bloc de M17 à O22
DEBUG - 2026-09-07 07:49:52 --> Insertion données page 1 et ligne 13
DEBUG - 2026-09-07 07:49:52 --> Totaux page 1 => HT: 4369444 | TVA: 841118 | TTC: 5210562
DEBUG - 2026-09-07 07:49:52 --> ==============================
DEBUG - 2026-09-07 07:49:52 --> TOTAL GLOBAL
DEBUG - 2026-09-07 07:49:52 --> HT  = 4369444
DEBUG - 2026-09-07 07:49:52 --> TVA = 841118
DEBUG - 2026-09-07 07:49:52 --> TTC = 5210562
DEBUG - 2026-09-07 07:49:52 --> DUE = 5102067
DEBUG - 2026-09-07 07:49:52 --> ==============================
DEBUG - 2026-09-07 07:49:52 --> Insertion footer à partir de ligne 26
DEBUG - 2026-09-07 07:49:52 --> Footer[0] ligne 26 : Bon à savoir / Good to know
DEBUG - 2026-09-07 07:49:52 --> Footer[1] ligne 27 (fond vert)
DEBUG - 2026-09-07 07:49:52 --> Footer[2] ligne 28 (italic bleu)
DEBUG - 2026-09-07 07:49:52 --> Footer[3] ENERGIZING à M29:O29
DEBUG - 2026-09-07 07:49:52 --> Footer[4] Pagination ligne 30 | Page 1/1
DEBUG - 2026-09-07 07:49:52 --> Signature bloc de M23 à O28
DEBUG - 2026-09-07 07:49:52 --> Insertion données page 1 et ligne 13
DEBUG - 2026-09-07 07:49:52 --> Totaux page 1 => HT: 2454329 | TVA: 472457 | TTC: 2926786
DEBUG - 2026-09-07 07:49:52 --> ==============================
DEBUG - 2026-09-07 07:49:52 --> TOTAL GLOBAL
DEBUG - 2026-09-07 07:49:52 --> HT  = 2454329
DEBUG - 2026-09-07 07:49:52 --> TVA = 472457
DEBUG - 2026-09-07 07:49:52 --> TTC = 2926786
DEBUG - 2026-09-07 07:49:52 --> DUE = 2926786
DEBUG - 2026-09-07 07:49:52 --> ==============================
DEBUG - 2026-09-07 07:49:52 --> Insertion footer à partir de ligne 35
DEBUG - 2026-09-07 07:49:52 --> Footer[0] ligne 35 : Bon à savoir / Good to know
DEBUG - 2026-09-07 07:49:52 --> Footer[1] ligne 36 (fond vert)
DEBUG - 2026-09-07 07:49:52 --> Footer[2] ligne 37 (italic bleu)
DEBUG - 2026-09-07 07:49:52 --> Footer[3] ENERGIZING à M38:O38
DEBUG - 2026-09-07 07:49:52 --> Footer[4] Pagination ligne 39 | Page 1/1
DEBUG - 2026-09-07 07:49:52 --> Signature bloc de M32 à O37
DEBUG - 2026-09-07 07:49:52 --> Insertion données page 1 et ligne 13
DEBUG - 2026-09-07 07:49:52 --> Totaux page 1 => HT: 275935 | TVA: 53117 | TTC: 329052
DEBUG - 2026-09-07 07:49:52 --> ==============================
DEBUG - 2026-09-07 07:49:52 --> TOTAL GLOBAL
DEBUG - 2026-09-07 07:49:52 --> HT  = 275935
DEBUG - 2026-09-07 07:49:52 --> TVA = 53117
DEBUG - 2026-09-07 07:49:52 --> TTC = 329052
DEBUG - 2026-09-07 07:49:52 --> DUE = 328251
DEBUG - 2026-09-07 07:49:52 --> ==============================
DEBUG - 2026-09-07 07:49:52 --> Insertion footer à partir de ligne 22
DEBUG - 2026-09-07 07:49:52 --> Footer[0] ligne 22 : Bon à savoir / Good to know
DEBUG - 2026-09-07 07:49:52 --> Footer[1] ligne 23 (fond vert)
DEBUG - 2026-09-07 07:49:52 --> Footer[2] ligne 24 (italic bleu)
DEBUG - 2026-09-07 07:49:52 --> Footer[3] ENERGIZING à M25:O25
DEBUG - 2026-09-07 07:49:52 --> Footer[4] Pagination ligne 26 | Page 1/1
DEBUG - 2026-09-07 07:49:52 --> Signature bloc de M19 à O24
DEBUG - 2026-09-07 07:49:52 --> Insertion données page 1 et ligne 13
DEBUG - 2026-09-07 07:49:52 --> Totaux page 1 => HT: 1477118 | TVA: 284346 | TTC: 1761464
DEBUG - 2026-09-07 07:49:52 --> ==============================
DEBUG - 2026-09-07 07:49:52 --> TOTAL GLOBAL
DEBUG - 2026-09-07 07:49:52 --> HT  = 1477118
DEBUG - 2026-09-07 07:49:52 --> TVA = 284346
DEBUG - 2026-09-07 07:49:52 --> TTC = 1761464
DEBUG - 2026-09-07 07:49:52 --> DUE = 1761464
DEBUG - 2026-09-07 07:49:52 --> ==============================
DEBUG - 2026-09-07 07:49:52 --> Insertion footer à partir de ligne 24
DEBUG - 2026-09-07 07:49:52 --> Footer[0] ligne 24 : Bon à savoir / Good to know
DEBUG - 2026-09-07 07:49:52 --> Footer[1] ligne 25 (fond vert)
DEBUG - 2026-09-07 07:49:52 --> Footer[2] ligne 26 (italic bleu)
DEBUG - 2026-09-07 07:49:52 --> Footer[3] ENERGIZING à M27:O27
DEBUG - 2026-09-07 07:49:52 --> Footer[4] Pagination ligne 28 | Page 1/1
DEBUG - 2026-09-07 07:49:52 --> Signature bloc de M21 à O26
DEBUG - 2026-09-07 07:49:52 --> Insertion données page 1 et ligne 13
DEBUG - 2026-09-07 07:49:52 --> Totaux page 1 => HT: 332141 | TVA: 63937 | TTC: 396078
DEBUG - 2026-09-07 07:49:52 --> ==============================
DEBUG - 2026-09-07 07:49:52 --> TOTAL GLOBAL
DEBUG - 2026-09-07 07:49:52 --> HT  = 332141
DEBUG - 2026-09-07 07:49:52 --> TVA = 63937
DEBUG - 2026-09-07 07:49:52 --> TTC = 396078
DEBUG - 2026-09-07 07:49:52 --> DUE = 295847
DEBUG - 2026-09-07 07:49:52 --> ==============================
DEBUG - 2026-09-07 07:49:52 --> Insertion footer à partir de ligne 23
DEBUG - 2026-09-07 07:49:52 --> Footer[0] ligne 23 : Bon à savoir / Good to know
DEBUG - 2026-09-07 07:49:52 --> Footer[1] ligne 24 (fond vert)
DEBUG - 2026-09-07 07:49:52 --> Footer[2] ligne 25 (italic bleu)
DEBUG - 2026-09-07 07:49:52 --> Footer[3] ENERGIZING à M26:O26
DEBUG - 2026-09-07 07:49:52 --> Footer[4] Pagination ligne 27 | Page 1/1
DEBUG - 2026-09-07 07:49:52 --> Signature bloc de M20 à O25
DEBUG - 2026-09-07 07:49:52 --> Insertion données page 1 et ligne 13
DEBUG - 2026-09-07 07:49:52 --> Totaux page 1 => HT: 2382078 | TVA: 458550 | TTC: 2840628
DEBUG - 2026-09-07 07:49:52 --> ==============================
DEBUG - 2026-09-07 07:49:52 --> TOTAL GLOBAL
DEBUG - 2026-09-07 07:49:52 --> HT  = 2382078
DEBUG - 2026-09-07 07:49:52 --> TVA = 458550
DEBUG - 2026-09-07 07:49:52 --> TTC = 2840628
DEBUG - 2026-09-07 07:49:52 --> DUE = 2840628
DEBUG - 2026-09-07 07:49:52 --> ==============================
DEBUG - 2026-09-07 07:49:52 --> Insertion footer à partir de ligne 25
DEBUG - 2026-09-07 07:49:52 --> Footer[0] ligne 25 : Bon à savoir / Good to know
DEBUG - 2026-09-07 07:49:52 --> Footer[1] ligne 26 (fond vert)
DEBUG - 2026-09-07 07:49:52 --> Footer[2] ligne 27 (italic bleu)
DEBUG - 2026-09-07 07:49:52 --> Footer[3] ENERGIZING à M28:O28
DEBUG - 2026-09-07 07:49:52 --> Footer[4] Pagination ligne 29 | Page 1/1
DEBUG - 2026-09-07 07:49:52 --> Signature bloc de M22 à O27
DEBUG - 2026-09-07 07:49:52 --> Insertion données page 1 et ligne 13
DEBUG - 2026-09-07 07:49:52 --> Totaux page 1 => HT: 744902 | TVA: 143394 | TTC: 888296
DEBUG - 2026-09-07 07:49:52 --> ==============================
DEBUG - 2026-09-07 07:49:52 --> TOTAL GLOBAL
DEBUG - 2026-09-07 07:49:52 --> HT  = 744902
DEBUG - 2026-09-07 07:49:52 --> TVA = 143394
DEBUG - 2026-09-07 07:49:52 --> TTC = 888296
DEBUG - 2026-09-07 07:49:52 --> DUE = 888296
DEBUG - 2026-09-07 07:49:52 --> ==============================
DEBUG - 2026-09-07 07:49:52 --> Insertion footer à partir de ligne 22
DEBUG - 2026-09-07 07:49:52 --> Footer[0] ligne 22 : Bon à savoir / Good to know
DEBUG - 2026-09-07 07:49:52 --> Footer[1] ligne 23 (fond vert)
DEBUG - 2026-09-07 07:49:52 --> Footer[2] ligne 24 (italic bleu)
DEBUG - 2026-09-07 07:49:52 --> Footer[3] ENERGIZING à M25:O25
DEBUG - 2026-09-07 07:49:52 --> Footer[4] Pagination ligne 26 | Page 1/1
DEBUG - 2026-09-07 07:49:53 --> Signature bloc de M19 à O24
DEBUG - 2026-09-07 07:49:53 --> Insertion données page 1 et ligne 13
DEBUG - 2026-09-07 07:49:53 --> Totaux page 1 => HT: 600495 | TVA: 115595 | TTC: 716090
DEBUG - 2026-09-07 07:49:53 --> ==============================
DEBUG - 2026-09-07 07:49:53 --> TOTAL GLOBAL
DEBUG - 2026-09-07 07:49:53 --> HT  = 600495
DEBUG - 2026-09-07 07:49:53 --> TVA = 115595
DEBUG - 2026-09-07 07:49:53 --> TTC = 716090
DEBUG - 2026-09-07 07:49:53 --> DUE = 716090
DEBUG - 2026-09-07 07:49:53 --> ==============================
DEBUG - 2026-09-07 07:49:53 --> Insertion footer à partir de ligne 25
DEBUG - 2026-09-07 07:49:53 --> Footer[0] ligne 25 : Bon à savoir / Good to know
DEBUG - 2026-09-07 07:49:53 --> Footer[1] ligne 26 (fond vert)
DEBUG - 2026-09-07 07:49:53 --> Footer[2] ligne 27 (italic bleu)
DEBUG - 2026-09-07 07:49:53 --> Footer[3] ENERGIZING à M28:O28
DEBUG - 2026-09-07 07:49:53 --> Footer[4] Pagination ligne 29 | Page 1/1
DEBUG - 2026-09-07 07:49:53 --> Signature bloc de M22 à O27
DEBUG - 2026-09-07 07:49:53 --> Insertion données page 1 et ligne 13
DEBUG - 2026-09-07 07:49:53 --> Totaux page 1 => HT: 2879848 | TVA: 554370 | TTC: 3434218
DEBUG - 2026-09-07 07:49:53 --> ==============================
DEBUG - 2026-09-07 07:49:53 --> TOTAL GLOBAL
DEBUG - 2026-09-07 07:49:53 --> HT  = 2879848
DEBUG - 2026-09-07 07:49:53 --> TVA = 554370
DEBUG - 2026-09-07 07:49:53 --> TTC = 3434218
DEBUG - 2026-09-07 07:49:53 --> DUE = 3434218
DEBUG - 2026-09-07 07:49:53 --> ==============================
DEBUG - 2026-09-07 07:49:53 --> Insertion footer à partir de ligne 29
DEBUG - 2026-09-07 07:49:53 --> Footer[0] ligne 29 : Bon à savoir / Good to know
DEBUG - 2026-09-07 07:49:53 --> Footer[1] ligne 30 (fond vert)
DEBUG - 2026-09-07 07:49:53 --> Footer[2] ligne 31 (italic bleu)
DEBUG - 2026-09-07 07:49:53 --> Footer[3] ENERGIZING à M32:O32
DEBUG - 2026-09-07 07:49:53 --> Footer[4] Pagination ligne 33 | Page 1/1
DEBUG - 2026-09-07 07:49:53 --> Signature bloc de M26 à O31
DEBUG - 2026-09-07 07:49:53 --> Insertion données page 1 et ligne 13
DEBUG - 2026-09-07 07:49:53 --> Totaux page 1 => HT: 1816859 | TVA: 349746 | TTC: 2166605
DEBUG - 2026-09-07 07:49:53 --> ==============================
DEBUG - 2026-09-07 07:49:53 --> TOTAL GLOBAL
DEBUG - 2026-09-07 07:49:53 --> HT  = 1816859
DEBUG - 2026-09-07 07:49:53 --> TVA = 349746
DEBUG - 2026-09-07 07:49:53 --> TTC = 2166605
DEBUG - 2026-09-07 07:49:53 --> DUE = 2166605
DEBUG - 2026-09-07 07:49:53 --> ==============================
DEBUG - 2026-09-07 07:49:53 --> Insertion footer à partir de ligne 36
DEBUG - 2026-09-07 07:49:53 --> Footer[0] ligne 36 : Bon à savoir / Good to know
DEBUG - 2026-09-07 07:49:53 --> Footer[1] ligne 37 (fond vert)
DEBUG - 2026-09-07 07:49:53 --> Footer[2] ligne 38 (italic bleu)
DEBUG - 2026-09-07 07:49:53 --> Footer[3] ENERGIZING à M39:O39
DEBUG - 2026-09-07 07:49:53 --> Footer[4] Pagination ligne 40 | Page 1/1
DEBUG - 2026-09-07 07:49:53 --> Signature bloc de M33 à O38
DEBUG - 2026-09-07 07:49:53 --> Insertion données page 1 et ligne 13
DEBUG - 2026-09-07 07:49:53 --> Totaux page 1 => HT: 1161330 | TVA: 221594 | TTC: 1382924
DEBUG - 2026-09-07 07:49:53 --> ==============================
DEBUG - 2026-09-07 07:49:53 --> TOTAL GLOBAL
DEBUG - 2026-09-07 07:49:53 --> HT  = 1161330
DEBUG - 2026-09-07 07:49:53 --> TVA = 221594
DEBUG - 2026-09-07 07:49:53 --> TTC = 1382924
DEBUG - 2026-09-07 07:49:53 --> DUE = 1188530
DEBUG - 2026-09-07 07:49:53 --> ==============================
DEBUG - 2026-09-07 07:49:53 --> Insertion footer à partir de ligne 29
DEBUG - 2026-09-07 07:49:53 --> Footer[0] ligne 29 : Bon à savoir / Good to know
DEBUG - 2026-09-07 07:49:53 --> Footer[1] ligne 30 (fond vert)
DEBUG - 2026-09-07 07:49:53 --> Footer[2] ligne 31 (italic bleu)
DEBUG - 2026-09-07 07:49:53 --> Footer[3] ENERGIZING à M32:O32
DEBUG - 2026-09-07 07:49:53 --> Footer[4] Pagination ligne 33 | Page 1/1
DEBUG - 2026-09-07 07:49:53 --> Signature bloc de M26 à O31
DEBUG - 2026-09-07 07:49:53 --> Insertion données page 1 et ligne 13
DEBUG - 2026-09-07 07:49:53 --> Totaux page 1 => HT: 839888 | TVA: 160755 | TTC: 1000643
DEBUG - 2026-09-07 07:49:53 --> ==============================
DEBUG - 2026-09-07 07:49:53 --> TOTAL GLOBAL
DEBUG - 2026-09-07 07:49:53 --> HT  = 839888
DEBUG - 2026-09-07 07:49:53 --> TVA = 160755
DEBUG - 2026-09-07 07:49:53 --> TTC = 1000643
DEBUG - 2026-09-07 07:49:53 --> DUE = 1000643
DEBUG - 2026-09-07 07:49:53 --> ==============================
DEBUG - 2026-09-07 07:49:53 --> Insertion footer à partir de ligne 24
DEBUG - 2026-09-07 07:49:53 --> Footer[0] ligne 24 : Bon à savoir / Good to know
DEBUG - 2026-09-07 07:49:53 --> Footer[1] ligne 25 (fond vert)
DEBUG - 2026-09-07 07:49:53 --> Footer[2] ligne 26 (italic bleu)
DEBUG - 2026-09-07 07:49:53 --> Footer[3] ENERGIZING à M27:O27
DEBUG - 2026-09-07 07:49:53 --> Footer[4] Pagination ligne 28 | Page 1/1
DEBUG - 2026-09-07 07:49:53 --> Signature bloc de M21 à O26
DEBUG - 2026-09-07 07:49:53 --> Insertion données page 1 et ligne 13
DEBUG - 2026-09-07 07:49:53 --> Totaux page 1 => HT: 873401 | TVA: 168130 | TTC: 1041531
DEBUG - 2026-09-07 07:49:53 --> ==============================
DEBUG - 2026-09-07 07:49:53 --> TOTAL GLOBAL
DEBUG - 2026-09-07 07:49:53 --> HT  = 873401
DEBUG - 2026-09-07 07:49:53 --> TVA = 168130
DEBUG - 2026-09-07 07:49:53 --> TTC = 1041531
DEBUG - 2026-09-07 07:49:53 --> DUE = 1041531
DEBUG - 2026-09-07 07:49:53 --> ==============================
DEBUG - 2026-09-07 07:49:53 --> Insertion footer à partir de ligne 22
DEBUG - 2026-09-07 07:49:53 --> Footer[0] ligne 22 : Bon à savoir / Good to know
DEBUG - 2026-09-07 07:49:53 --> Footer[1] ligne 23 (fond vert)
DEBUG - 2026-09-07 07:49:53 --> Footer[2] ligne 24 (italic bleu)
DEBUG - 2026-09-07 07:49:53 --> Footer[3] ENERGIZING à M25:O25
DEBUG - 2026-09-07 07:49:53 --> Footer[4] Pagination ligne 26 | Page 1/1
DEBUG - 2026-09-07 07:49:53 --> Signature bloc de M19 à O24
DEBUG - 2026-09-07 07:49:53 --> Insertion données page 1 et ligne 13
DEBUG - 2026-09-07 07:49:53 --> Totaux page 1 => HT: 2997567 | TVA: 577032 | TTC: 3574599
DEBUG - 2026-09-07 07:49:53 --> ==============================
DEBUG - 2026-09-07 07:49:53 --> TOTAL GLOBAL
DEBUG - 2026-09-07 07:49:53 --> HT  = 2997567
DEBUG - 2026-09-07 07:49:53 --> TVA = 577032
DEBUG - 2026-09-07 07:49:53 --> TTC = 3574599
DEBUG - 2026-09-07 07:49:53 --> DUE = 3574599
DEBUG - 2026-09-07 07:49:53 --> ==============================
DEBUG - 2026-09-07 07:49:53 --> Insertion footer à partir de ligne 24
DEBUG - 2026-09-07 07:49:53 --> Footer[0] ligne 24 : Bon à savoir / Good to know
DEBUG - 2026-09-07 07:49:53 --> Footer[1] ligne 25 (fond vert)
DEBUG - 2026-09-07 07:49:53 --> Footer[2] ligne 26 (italic bleu)
DEBUG - 2026-09-07 07:49:53 --> Footer[3] ENERGIZING à M27:O27
DEBUG - 2026-09-07 07:49:53 --> Footer[4] Pagination ligne 28 | Page 1/1
DEBUG - 2026-09-07 07:49:53 --> Signature bloc de M21 à O26
DEBUG - 2026-09-07 07:49:53 --> Insertion données page 1 et ligne 13
DEBUG - 2026-09-07 07:49:53 --> Totaux page 1 => HT: 289503 | TVA: 55730 | TTC: 345233
DEBUG - 2026-09-07 07:49:53 --> ==============================
DEBUG - 2026-09-07 07:49:53 --> TOTAL GLOBAL
DEBUG - 2026-09-07 07:49:53 --> HT  = 289503
DEBUG - 2026-09-07 07:49:53 --> TVA = 55730
DEBUG - 2026-09-07 07:49:53 --> TTC = 345233
DEBUG - 2026-09-07 07:49:53 --> DUE = 345233
DEBUG - 2026-09-07 07:49:53 --> ==============================
DEBUG - 2026-09-07 07:49:53 --> Insertion footer à partir de ligne 22
DEBUG - 2026-09-07 07:49:53 --> Footer[0] ligne 22 : Bon à savoir / Good to know
DEBUG - 2026-09-07 07:49:53 --> Footer[1] ligne 23 (fond vert)
DEBUG - 2026-09-07 07:49:53 --> Footer[2] ligne 24 (italic bleu)
DEBUG - 2026-09-07 07:49:53 --> Footer[3] ENERGIZING à M25:O25
DEBUG - 2026-09-07 07:49:53 --> Footer[4] Pagination ligne 26 | Page 1/1
DEBUG - 2026-09-07 07:49:53 --> Signature bloc de M19 à O24
DEBUG - 2026-09-07 07:49:53 --> Insertion données page 1 et ligne 13
DEBUG - 2026-09-07 07:49:53 --> Totaux page 1 => HT: 32657237 | TVA: 6286517 | TTC: 38943754
DEBUG - 2026-09-07 07:49:53 --> ==============================
DEBUG - 2026-09-07 07:49:53 --> TOTAL GLOBAL
DEBUG - 2026-09-07 07:49:53 --> HT  = 32657237
DEBUG - 2026-09-07 07:49:53 --> TVA = 6286517
DEBUG - 2026-09-07 07:49:53 --> TTC = 38943754
DEBUG - 2026-09-07 07:49:53 --> DUE = 38943754
DEBUG - 2026-09-07 07:49:53 --> ==============================
DEBUG - 2026-09-07 07:49:53 --> Insertion footer à partir de ligne 23
DEBUG - 2026-09-07 07:49:53 --> Footer[0] ligne 23 : Bon à savoir / Good to know
DEBUG - 2026-09-07 07:49:53 --> Footer[1] ligne 24 (fond vert)
DEBUG - 2026-09-07 07:49:53 --> Footer[2] ligne 25 (italic bleu)
DEBUG - 2026-09-07 07:49:53 --> Footer[3] ENERGIZING à M26:O26
DEBUG - 2026-09-07 07:49:53 --> Footer[4] Pagination ligne 27 | Page 1/1
DEBUG - 2026-09-07 07:49:53 --> Signature bloc de M20 à O25
DEBUG - 2026-09-07 07:49:54 --> Insertion données page 1 et ligne 13
DEBUG - 2026-09-07 07:49:54 --> Totaux page 1 => HT: 56633 | TVA: 10902 | TTC: 67535
DEBUG - 2026-09-07 07:49:54 --> ==============================
DEBUG - 2026-09-07 07:49:54 --> TOTAL GLOBAL
DEBUG - 2026-09-07 07:49:54 --> HT  = 56633
DEBUG - 2026-09-07 07:49:54 --> TVA = 10902
DEBUG - 2026-09-07 07:49:54 --> TTC = 67535
DEBUG - 2026-09-07 07:49:54 --> DUE = 67535
DEBUG - 2026-09-07 07:49:54 --> ==============================
DEBUG - 2026-09-07 07:49:54 --> Insertion footer à partir de ligne 20
DEBUG - 2026-09-07 07:49:54 --> Footer[0] ligne 20 : Bon à savoir / Good to know
DEBUG - 2026-09-07 07:49:54 --> Footer[1] ligne 21 (fond vert)
DEBUG - 2026-09-07 07:49:54 --> Footer[2] ligne 22 (italic bleu)
DEBUG - 2026-09-07 07:49:54 --> Footer[3] ENERGIZING à M23:O23
DEBUG - 2026-09-07 07:49:54 --> Footer[4] Pagination ligne 24 | Page 1/1
DEBUG - 2026-09-07 07:49:54 --> Signature bloc de M17 à O22
DEBUG - 2026-09-07 07:49:54 --> Insertion données page 1 et ligne 13
DEBUG - 2026-09-07 07:49:54 --> Totaux page 1 => HT: 647185 | TVA: 124583 | TTC: 771768
DEBUG - 2026-09-07 07:49:54 --> ==============================
DEBUG - 2026-09-07 07:49:54 --> TOTAL GLOBAL
DEBUG - 2026-09-07 07:49:54 --> HT  = 647185
DEBUG - 2026-09-07 07:49:54 --> TVA = 124583
DEBUG - 2026-09-07 07:49:54 --> TTC = 771768
DEBUG - 2026-09-07 07:49:54 --> DUE = 771768
DEBUG - 2026-09-07 07:49:54 --> ==============================
DEBUG - 2026-09-07 07:49:54 --> Insertion footer à partir de ligne 25
DEBUG - 2026-09-07 07:49:54 --> Footer[0] ligne 25 : Bon à savoir / Good to know
DEBUG - 2026-09-07 07:49:54 --> Footer[1] ligne 26 (fond vert)
DEBUG - 2026-09-07 07:49:54 --> Footer[2] ligne 27 (italic bleu)
DEBUG - 2026-09-07 07:49:54 --> Footer[3] ENERGIZING à M28:O28
DEBUG - 2026-09-07 07:49:54 --> Footer[4] Pagination ligne 29 | Page 1/1
DEBUG - 2026-09-07 07:49:54 --> Signature bloc de M22 à O27
DEBUG - 2026-09-07 07:49:54 --> Insertion données page 1 et ligne 13
DEBUG - 2026-09-07 07:49:54 --> Totaux page 1 => HT: 195426 | TVA: 37620 | TTC: 233046
DEBUG - 2026-09-07 07:49:54 --> ==============================
DEBUG - 2026-09-07 07:49:54 --> TOTAL GLOBAL
DEBUG - 2026-09-07 07:49:54 --> HT  = 195426
DEBUG - 2026-09-07 07:49:54 --> TVA = 37620
DEBUG - 2026-09-07 07:49:54 --> TTC = 233046
DEBUG - 2026-09-07 07:49:54 --> DUE = 233046
DEBUG - 2026-09-07 07:49:54 --> ==============================
DEBUG - 2026-09-07 07:49:54 --> Insertion footer à partir de ligne 20
DEBUG - 2026-09-07 07:49:54 --> Footer[0] ligne 20 : Bon à savoir / Good to know
DEBUG - 2026-09-07 07:49:54 --> Footer[1] ligne 21 (fond vert)
DEBUG - 2026-09-07 07:49:54 --> Footer[2] ligne 22 (italic bleu)
DEBUG - 2026-09-07 07:49:54 --> Footer[3] ENERGIZING à M23:O23
DEBUG - 2026-09-07 07:49:54 --> Footer[4] Pagination ligne 24 | Page 1/1
DEBUG - 2026-09-07 07:49:54 --> Signature bloc de M17 à O22
DEBUG - 2026-09-07 07:49:54 --> Insertion données page 1 et ligne 13
DEBUG - 2026-09-07 07:49:54 --> Totaux page 1 => HT: 1389855 | TVA: 267547 | TTC: 1657402
DEBUG - 2026-09-07 07:49:54 --> ==============================
DEBUG - 2026-09-07 07:49:54 --> TOTAL GLOBAL
DEBUG - 2026-09-07 07:49:54 --> HT  = 1389855
DEBUG - 2026-09-07 07:49:54 --> TVA = 267547
DEBUG - 2026-09-07 07:49:54 --> TTC = 1657402
DEBUG - 2026-09-07 07:49:54 --> DUE = 1657402
DEBUG - 2026-09-07 07:49:54 --> ==============================
DEBUG - 2026-09-07 07:49:54 --> Insertion footer à partir de ligne 23
DEBUG - 2026-09-07 07:49:54 --> Footer[0] ligne 23 : Bon à savoir / Good to know
DEBUG - 2026-09-07 07:49:54 --> Footer[1] ligne 24 (fond vert)
DEBUG - 2026-09-07 07:49:54 --> Footer[2] ligne 25 (italic bleu)
DEBUG - 2026-09-07 07:49:54 --> Footer[3] ENERGIZING à M26:O26
DEBUG - 2026-09-07 07:49:54 --> Footer[4] Pagination ligne 27 | Page 1/1
DEBUG - 2026-09-07 07:49:54 --> Signature bloc de M20 à O25
DEBUG - 2026-09-07 07:49:54 --> Insertion données page 1 et ligne 13
DEBUG - 2026-09-07 07:49:54 --> Totaux page 1 => HT: 404508 | TVA: 77867 | TTC: 482375
DEBUG - 2026-09-07 07:49:54 --> ==============================
DEBUG - 2026-09-07 07:49:54 --> TOTAL GLOBAL
DEBUG - 2026-09-07 07:49:54 --> HT  = 404508
DEBUG - 2026-09-07 07:49:54 --> TVA = 77867
DEBUG - 2026-09-07 07:49:54 --> TTC = 482375
DEBUG - 2026-09-07 07:49:54 --> DUE = 482375
DEBUG - 2026-09-07 07:49:54 --> ==============================
DEBUG - 2026-09-07 07:49:54 --> Insertion footer à partir de ligne 21
DEBUG - 2026-09-07 07:49:54 --> Footer[0] ligne 21 : Bon à savoir / Good to know
DEBUG - 2026-09-07 07:49:54 --> Footer[1] ligne 22 (fond vert)
DEBUG - 2026-09-07 07:49:54 --> Footer[2] ligne 23 (italic bleu)
DEBUG - 2026-09-07 07:49:54 --> Footer[3] ENERGIZING à M24:O24
DEBUG - 2026-09-07 07:49:54 --> Footer[4] Pagination ligne 25 | Page 1/1
DEBUG - 2026-09-07 07:49:54 --> Signature bloc de M18 à O23
DEBUG - 2026-09-07 07:49:54 --> Insertion données page 1 et ligne 13
DEBUG - 2026-09-07 07:49:54 --> Totaux page 1 => HT: 385087 | TVA: 74129 | TTC: 459216
DEBUG - 2026-09-07 07:49:54 --> ==============================
DEBUG - 2026-09-07 07:49:54 --> TOTAL GLOBAL
DEBUG - 2026-09-07 07:49:54 --> HT  = 385087
DEBUG - 2026-09-07 07:49:54 --> TVA = 74129
DEBUG - 2026-09-07 07:49:54 --> TTC = 459216
DEBUG - 2026-09-07 07:49:54 --> DUE = 459216
DEBUG - 2026-09-07 07:49:54 --> ==============================
DEBUG - 2026-09-07 07:49:54 --> Insertion footer à partir de ligne 21
DEBUG - 2026-09-07 07:49:54 --> Footer[0] ligne 21 : Bon à savoir / Good to know
DEBUG - 2026-09-07 07:49:54 --> Footer[1] ligne 22 (fond vert)
DEBUG - 2026-09-07 07:49:54 --> Footer[2] ligne 23 (italic bleu)
DEBUG - 2026-09-07 07:49:54 --> Footer[3] ENERGIZING à M24:O24
DEBUG - 2026-09-07 07:49:54 --> Footer[4] Pagination ligne 25 | Page 1/1
DEBUG - 2026-09-07 07:49:54 --> Signature bloc de M18 à O23
DEBUG - 2026-09-07 07:49:54 --> Insertion données page 1 et ligne 13
DEBUG - 2026-09-07 07:49:54 --> Totaux page 1 => HT: 786626 | TVA: 151426 | TTC: 938052
DEBUG - 2026-09-07 07:49:54 --> ==============================
DEBUG - 2026-09-07 07:49:54 --> TOTAL GLOBAL
DEBUG - 2026-09-07 07:49:54 --> HT  = 786626
DEBUG - 2026-09-07 07:49:54 --> TVA = 151426
DEBUG - 2026-09-07 07:49:54 --> TTC = 938052
DEBUG - 2026-09-07 07:49:54 --> DUE = 938052
DEBUG - 2026-09-07 07:49:54 --> ==============================
DEBUG - 2026-09-07 07:49:54 --> Insertion footer à partir de ligne 24
DEBUG - 2026-09-07 07:49:54 --> Footer[0] ligne 24 : Bon à savoir / Good to know
DEBUG - 2026-09-07 07:49:54 --> Footer[1] ligne 25 (fond vert)
DEBUG - 2026-09-07 07:49:54 --> Footer[2] ligne 26 (italic bleu)
DEBUG - 2026-09-07 07:49:54 --> Footer[3] ENERGIZING à M27:O27
DEBUG - 2026-09-07 07:49:54 --> Footer[4] Pagination ligne 28 | Page 1/1
DEBUG - 2026-09-07 07:49:54 --> Signature bloc de M21 à O26
DEBUG - 2026-09-07 07:49:54 --> Insertion données page 1 et ligne 13
DEBUG - 2026-09-07 07:49:54 --> Totaux page 1 => HT: 10221298 | TVA: 0 | TTC: 10221298
DEBUG - 2026-09-07 07:49:54 --> ==============================
DEBUG - 2026-09-07 07:49:54 --> TOTAL GLOBAL
DEBUG - 2026-09-07 07:49:54 --> HT  = 10221298
DEBUG - 2026-09-07 07:49:54 --> TVA = 0
DEBUG - 2026-09-07 07:49:54 --> TTC = 10221298
DEBUG - 2026-09-07 07:49:54 --> DUE = 10221298
DEBUG - 2026-09-07 07:49:54 --> ==============================
DEBUG - 2026-09-07 07:49:54 --> Insertion footer à partir de ligne 21
DEBUG - 2026-09-07 07:49:54 --> Footer[0] ligne 21 : Bon à savoir / Good to know
DEBUG - 2026-09-07 07:49:54 --> Footer[1] ligne 22 (fond vert)
DEBUG - 2026-09-07 07:49:54 --> Footer[2] ligne 23 (italic bleu)
DEBUG - 2026-09-07 07:49:54 --> Footer[3] ENERGIZING à M24:O24
DEBUG - 2026-09-07 07:49:54 --> Footer[4] Pagination ligne 25 | Page 1/1
DEBUG - 2026-09-07 07:49:54 --> Signature bloc de M18 à O23
DEBUG - 2026-09-07 07:49:54 --> Insertion données page 1 et ligne 13
DEBUG - 2026-09-07 07:49:54 --> Totaux page 1 => HT: 778798 | TVA: 149919 | TTC: 928717
DEBUG - 2026-09-07 07:49:54 --> ==============================
DEBUG - 2026-09-07 07:49:54 --> TOTAL GLOBAL
DEBUG - 2026-09-07 07:49:54 --> HT  = 778798
DEBUG - 2026-09-07 07:49:54 --> TVA = 149919
DEBUG - 2026-09-07 07:49:54 --> TTC = 928717
DEBUG - 2026-09-07 07:49:54 --> DUE = 928717
DEBUG - 2026-09-07 07:49:54 --> ==============================
DEBUG - 2026-09-07 07:49:54 --> Insertion footer à partir de ligne 22
DEBUG - 2026-09-07 07:49:54 --> Footer[0] ligne 22 : Bon à savoir / Good to know
DEBUG - 2026-09-07 07:49:54 --> Footer[1] ligne 23 (fond vert)
DEBUG - 2026-09-07 07:49:54 --> Footer[2] ligne 24 (italic bleu)
DEBUG - 2026-09-07 07:49:54 --> Footer[3] ENERGIZING à M25:O25
DEBUG - 2026-09-07 07:49:54 --> Footer[4] Pagination ligne 26 | Page 1/1
DEBUG - 2026-09-07 07:49:54 --> Signature bloc de M19 à O24
DEBUG - 2026-09-07 07:49:54 --> Insertion données page 1 et ligne 13
DEBUG - 2026-09-07 07:49:54 --> Totaux page 1 => HT: 2405401 | TVA: 463039 | TTC: 2868440
DEBUG - 2026-09-07 07:49:54 --> ==============================
DEBUG - 2026-09-07 07:49:54 --> TOTAL GLOBAL
DEBUG - 2026-09-07 07:49:54 --> HT  = 2405401
DEBUG - 2026-09-07 07:49:54 --> TVA = 463039
DEBUG - 2026-09-07 07:49:54 --> TTC = 2868440
DEBUG - 2026-09-07 07:49:54 --> DUE = 2729746
DEBUG - 2026-09-07 07:49:54 --> ==============================
DEBUG - 2026-09-07 07:49:54 --> Insertion footer à partir de ligne 26
DEBUG - 2026-09-07 07:49:54 --> Footer[0] ligne 26 : Bon à savoir / Good to know
DEBUG - 2026-09-07 07:49:54 --> Footer[1] ligne 27 (fond vert)
DEBUG - 2026-09-07 07:49:54 --> Footer[2] ligne 28 (italic bleu)
DEBUG - 2026-09-07 07:49:54 --> Footer[3] ENERGIZING à M29:O29
DEBUG - 2026-09-07 07:49:54 --> Footer[4] Pagination ligne 30 | Page 1/1
DEBUG - 2026-09-07 07:49:54 --> Signature bloc de M23 à O28
DEBUG - 2026-09-07 07:49:55 --> Insertion données page 1 et ligne 13
DEBUG - 2026-09-07 07:49:55 --> Totaux page 1 => HT: 187240 | TVA: 36044 | TTC: 223284
DEBUG - 2026-09-07 07:49:55 --> ==============================
DEBUG - 2026-09-07 07:49:55 --> TOTAL GLOBAL
DEBUG - 2026-09-07 07:49:55 --> HT  = 187240
DEBUG - 2026-09-07 07:49:55 --> TVA = 36044
DEBUG - 2026-09-07 07:49:55 --> TTC = 223284
DEBUG - 2026-09-07 07:49:55 --> DUE = 223284
DEBUG - 2026-09-07 07:49:55 --> ==============================
DEBUG - 2026-09-07 07:49:55 --> Insertion footer à partir de ligne 20
DEBUG - 2026-09-07 07:49:55 --> Footer[0] ligne 20 : Bon à savoir / Good to know
DEBUG - 2026-09-07 07:49:55 --> Footer[1] ligne 21 (fond vert)
DEBUG - 2026-09-07 07:49:55 --> Footer[2] ligne 22 (italic bleu)
DEBUG - 2026-09-07 07:49:55 --> Footer[3] ENERGIZING à M23:O23
DEBUG - 2026-09-07 07:49:55 --> Footer[4] Pagination ligne 24 | Page 1/1
DEBUG - 2026-09-07 07:49:55 --> Signature bloc de M17 à O22
DEBUG - 2026-09-07 07:49:55 --> Insertion données page 1 et ligne 13
DEBUG - 2026-09-07 07:49:55 --> Totaux page 1 => HT: 414293 | TVA: 79752 | TTC: 494045
DEBUG - 2026-09-07 07:49:55 --> ==============================
DEBUG - 2026-09-07 07:49:55 --> TOTAL GLOBAL
DEBUG - 2026-09-07 07:49:55 --> HT  = 414293
DEBUG - 2026-09-07 07:49:55 --> TVA = 79752
DEBUG - 2026-09-07 07:49:55 --> TTC = 494045
DEBUG - 2026-09-07 07:49:55 --> DUE = 494045
DEBUG - 2026-09-07 07:49:55 --> ==============================
DEBUG - 2026-09-07 07:49:55 --> Insertion footer à partir de ligne 22
DEBUG - 2026-09-07 07:49:55 --> Footer[0] ligne 22 : Bon à savoir / Good to know
DEBUG - 2026-09-07 07:49:55 --> Footer[1] ligne 23 (fond vert)
DEBUG - 2026-09-07 07:49:55 --> Footer[2] ligne 24 (italic bleu)
DEBUG - 2026-09-07 07:49:55 --> Footer[3] ENERGIZING à M25:O25
DEBUG - 2026-09-07 07:49:55 --> Footer[4] Pagination ligne 26 | Page 1/1
DEBUG - 2026-09-07 07:49:55 --> Signature bloc de M19 à O24
DEBUG - 2026-09-07 07:49:55 --> Insertion données page 1 et ligne 13
DEBUG - 2026-09-07 07:49:55 --> Totaux page 1 => HT: 90362 | TVA: 17395 | TTC: 107757
DEBUG - 2026-09-07 07:49:55 --> ==============================
DEBUG - 2026-09-07 07:49:55 --> TOTAL GLOBAL
DEBUG - 2026-09-07 07:49:55 --> HT  = 90362
DEBUG - 2026-09-07 07:49:55 --> TVA = 17395
DEBUG - 2026-09-07 07:49:55 --> TTC = 107757
DEBUG - 2026-09-07 07:49:55 --> DUE = 107757
DEBUG - 2026-09-07 07:49:55 --> ==============================
DEBUG - 2026-09-07 07:49:55 --> Insertion footer à partir de ligne 20
DEBUG - 2026-09-07 07:49:55 --> Footer[0] ligne 20 : Bon à savoir / Good to know
DEBUG - 2026-09-07 07:49:55 --> Footer[1] ligne 21 (fond vert)
DEBUG - 2026-09-07 07:49:55 --> Footer[2] ligne 22 (italic bleu)
DEBUG - 2026-09-07 07:49:55 --> Footer[3] ENERGIZING à M23:O23
DEBUG - 2026-09-07 07:49:55 --> Footer[4] Pagination ligne 24 | Page 1/1
DEBUG - 2026-09-07 07:49:55 --> Signature bloc de M17 à O22
DEBUG - 2026-09-07 07:49:55 --> Insertion données page 1 et ligne 13
DEBUG - 2026-09-07 07:49:55 --> Totaux page 1 => HT: 1188927 | TVA: 228869 | TTC: 1417796
DEBUG - 2026-09-07 07:49:55 --> ==============================
DEBUG - 2026-09-07 07:49:55 --> TOTAL GLOBAL
DEBUG - 2026-09-07 07:49:55 --> HT  = 1188927
DEBUG - 2026-09-07 07:49:55 --> TVA = 228869
DEBUG - 2026-09-07 07:49:55 --> TTC = 1417796
DEBUG - 2026-09-07 07:49:55 --> DUE = 1417796
DEBUG - 2026-09-07 07:49:55 --> ==============================
DEBUG - 2026-09-07 07:49:55 --> Insertion footer à partir de ligne 23
DEBUG - 2026-09-07 07:49:55 --> Footer[0] ligne 23 : Bon à savoir / Good to know
DEBUG - 2026-09-07 07:49:55 --> Footer[1] ligne 24 (fond vert)
DEBUG - 2026-09-07 07:49:55 --> Footer[2] ligne 25 (italic bleu)
DEBUG - 2026-09-07 07:49:55 --> Footer[3] ENERGIZING à M26:O26
DEBUG - 2026-09-07 07:49:55 --> Footer[4] Pagination ligne 27 | Page 1/1
DEBUG - 2026-09-07 07:49:55 --> Signature bloc de M20 à O25
DEBUG - 2026-09-07 07:49:55 --> Insertion données page 1 et ligne 13
DEBUG - 2026-09-07 07:49:55 --> Totaux page 1 => HT: 387699 | TVA: 74632 | TTC: 462331
DEBUG - 2026-09-07 07:49:55 --> ==============================
DEBUG - 2026-09-07 07:49:55 --> TOTAL GLOBAL
DEBUG - 2026-09-07 07:49:55 --> HT  = 387699
DEBUG - 2026-09-07 07:49:55 --> TVA = 74632
DEBUG - 2026-09-07 07:49:55 --> TTC = 462331
DEBUG - 2026-09-07 07:49:55 --> DUE = 197868
DEBUG - 2026-09-07 07:49:55 --> ==============================
DEBUG - 2026-09-07 07:49:55 --> Insertion footer à partir de ligne 23
DEBUG - 2026-09-07 07:49:55 --> Footer[0] ligne 23 : Bon à savoir / Good to know
DEBUG - 2026-09-07 07:49:55 --> Footer[1] ligne 24 (fond vert)
DEBUG - 2026-09-07 07:49:55 --> Footer[2] ligne 25 (italic bleu)
DEBUG - 2026-09-07 07:49:55 --> Footer[3] ENERGIZING à M26:O26
DEBUG - 2026-09-07 07:49:55 --> Footer[4] Pagination ligne 27 | Page 1/1
DEBUG - 2026-09-07 07:49:55 --> Signature bloc de M20 à O25
DEBUG - 2026-09-07 07:49:55 --> Insertion données page 1 et ligne 13
DEBUG - 2026-09-07 07:49:55 --> Totaux page 1 => HT: 214256 | TVA: 41245 | TTC: 255501
DEBUG - 2026-09-07 07:49:55 --> ==============================
DEBUG - 2026-09-07 07:49:55 --> TOTAL GLOBAL
DEBUG - 2026-09-07 07:49:55 --> HT  = 214256
DEBUG - 2026-09-07 07:49:55 --> TVA = 41245
DEBUG - 2026-09-07 07:49:55 --> TTC = 255501
DEBUG - 2026-09-07 07:49:55 --> DUE = 255501
DEBUG - 2026-09-07 07:49:55 --> ==============================
DEBUG - 2026-09-07 07:49:55 --> Insertion footer à partir de ligne 21
DEBUG - 2026-09-07 07:49:55 --> Footer[0] ligne 21 : Bon à savoir / Good to know
DEBUG - 2026-09-07 07:49:55 --> Footer[1] ligne 22 (fond vert)
DEBUG - 2026-09-07 07:49:55 --> Footer[2] ligne 23 (italic bleu)
DEBUG - 2026-09-07 07:49:55 --> Footer[3] ENERGIZING à M24:O24
DEBUG - 2026-09-07 07:49:55 --> Footer[4] Pagination ligne 25 | Page 1/1
DEBUG - 2026-09-07 07:49:55 --> Signature bloc de M18 à O23
DEBUG - 2026-09-07 07:49:55 --> Insertion données page 1 et ligne 13
DEBUG - 2026-09-07 07:49:55 --> Totaux page 1 => HT: 21528 | TVA: 4144 | TTC: 25672
DEBUG - 2026-09-07 07:49:55 --> ==============================
DEBUG - 2026-09-07 07:49:55 --> TOTAL GLOBAL
DEBUG - 2026-09-07 07:49:55 --> HT  = 21528
DEBUG - 2026-09-07 07:49:55 --> TVA = 4144
DEBUG - 2026-09-07 07:49:55 --> TTC = 25672
DEBUG - 2026-09-07 07:49:55 --> DUE = 25672
DEBUG - 2026-09-07 07:49:55 --> ==============================
DEBUG - 2026-09-07 07:49:55 --> Insertion footer à partir de ligne 20
DEBUG - 2026-09-07 07:49:55 --> Footer[0] ligne 20 : Bon à savoir / Good to know
DEBUG - 2026-09-07 07:49:55 --> Footer[1] ligne 21 (fond vert)
DEBUG - 2026-09-07 07:49:55 --> Footer[2] ligne 22 (italic bleu)
DEBUG - 2026-09-07 07:49:55 --> Footer[3] ENERGIZING à M23:O23
DEBUG - 2026-09-07 07:49:55 --> Footer[4] Pagination ligne 24 | Page 1/1
DEBUG - 2026-09-07 07:49:55 --> Signature bloc de M17 à O22
DEBUG - 2026-09-07 07:49:55 --> Insertion données page 1 et ligne 13
DEBUG - 2026-09-07 07:49:55 --> Totaux page 1 => HT: 871469 | TVA: 167758 | TTC: 1039227
DEBUG - 2026-09-07 07:49:55 --> ==============================
DEBUG - 2026-09-07 07:49:55 --> TOTAL GLOBAL
DEBUG - 2026-09-07 07:49:55 --> HT  = 871469
DEBUG - 2026-09-07 07:49:55 --> TVA = 167758
DEBUG - 2026-09-07 07:49:55 --> TTC = 1039227
DEBUG - 2026-09-07 07:49:55 --> DUE = 1039227
DEBUG - 2026-09-07 07:49:55 --> ==============================
DEBUG - 2026-09-07 07:49:55 --> Insertion footer à partir de ligne 20
DEBUG - 2026-09-07 07:49:55 --> Footer[0] ligne 20 : Bon à savoir / Good to know
DEBUG - 2026-09-07 07:49:55 --> Footer[1] ligne 21 (fond vert)
DEBUG - 2026-09-07 07:49:55 --> Footer[2] ligne 22 (italic bleu)
DEBUG - 2026-09-07 07:49:55 --> Footer[3] ENERGIZING à M23:O23
DEBUG - 2026-09-07 07:49:55 --> Footer[4] Pagination ligne 24 | Page 1/1
DEBUG - 2026-09-07 07:49:55 --> Signature bloc de M17 à O22
DEBUG - 2026-09-07 07:49:55 --> Insertion données page 1 et ligne 13
DEBUG - 2026-09-07 07:49:55 --> Totaux page 1 => HT: 323721 | TVA: 62316 | TTC: 386037
DEBUG - 2026-09-07 07:49:55 --> ==============================
DEBUG - 2026-09-07 07:49:55 --> TOTAL GLOBAL
DEBUG - 2026-09-07 07:49:55 --> HT  = 323721
DEBUG - 2026-09-07 07:49:55 --> TVA = 62316
DEBUG - 2026-09-07 07:49:55 --> TTC = 386037
DEBUG - 2026-09-07 07:49:55 --> DUE = 386037
DEBUG - 2026-09-07 07:49:55 --> ==============================
DEBUG - 2026-09-07 07:49:55 --> Insertion footer à partir de ligne 21
DEBUG - 2026-09-07 07:49:55 --> Footer[0] ligne 21 : Bon à savoir / Good to know
DEBUG - 2026-09-07 07:49:55 --> Footer[1] ligne 22 (fond vert)
DEBUG - 2026-09-07 07:49:55 --> Footer[2] ligne 23 (italic bleu)
DEBUG - 2026-09-07 07:49:55 --> Footer[3] ENERGIZING à M24:O24
DEBUG - 2026-09-07 07:49:55 --> Footer[4] Pagination ligne 25 | Page 1/1
DEBUG - 2026-09-07 07:49:55 --> Signature bloc de M18 à O23
DEBUG - 2026-09-07 07:49:55 --> Insertion données page 1 et ligne 13
DEBUG - 2026-09-07 07:49:55 --> Totaux page 1 => HT: 150317 | TVA: 28936 | TTC: 179253
DEBUG - 2026-09-07 07:49:55 --> ==============================
DEBUG - 2026-09-07 07:49:55 --> TOTAL GLOBAL
DEBUG - 2026-09-07 07:49:55 --> HT  = 150317
DEBUG - 2026-09-07 07:49:55 --> TVA = 28936
DEBUG - 2026-09-07 07:49:55 --> TTC = 179253
DEBUG - 2026-09-07 07:49:55 --> DUE = 179253
DEBUG - 2026-09-07 07:49:55 --> ==============================
DEBUG - 2026-09-07 07:49:56 --> Insertion footer à partir de ligne 22
DEBUG - 2026-09-07 07:49:56 --> Footer[0] ligne 22 : Bon à savoir / Good to know
DEBUG - 2026-09-07 07:49:56 --> Footer[1] ligne 23 (fond vert)
DEBUG - 2026-09-07 07:49:56 --> Footer[2] ligne 24 (italic bleu)
DEBUG - 2026-09-07 07:49:56 --> Footer[3] ENERGIZING à M25:O25
DEBUG - 2026-09-07 07:49:56 --> Footer[4] Pagination ligne 26 | Page 1/1
DEBUG - 2026-09-07 07:49:56 --> Signature bloc de M19 à O24
DEBUG - 2026-09-07 07:49:56 --> Insertion données page 1 et ligne 13
DEBUG - 2026-09-07 07:49:56 --> Totaux page 1 => HT: 2102639 | TVA: 404758 | TTC: 2507397
DEBUG - 2026-09-07 07:49:56 --> ==============================
DEBUG - 2026-09-07 07:49:56 --> TOTAL GLOBAL
DEBUG - 2026-09-07 07:49:56 --> HT  = 2102639
DEBUG - 2026-09-07 07:49:56 --> TVA = 404758
DEBUG - 2026-09-07 07:49:56 --> TTC = 2507397
DEBUG - 2026-09-07 07:49:56 --> DUE = 2507397
DEBUG - 2026-09-07 07:49:56 --> ==============================
DEBUG - 2026-09-07 07:49:56 --> Insertion footer à partir de ligne 20
DEBUG - 2026-09-07 07:49:56 --> Footer[0] ligne 20 : Bon à savoir / Good to know
DEBUG - 2026-09-07 07:49:56 --> Footer[1] ligne 21 (fond vert)
DEBUG - 2026-09-07 07:49:56 --> Footer[2] ligne 22 (italic bleu)
DEBUG - 2026-09-07 07:49:56 --> Footer[3] ENERGIZING à M23:O23
DEBUG - 2026-09-07 07:49:56 --> Footer[4] Pagination ligne 24 | Page 1/1
DEBUG - 2026-09-07 07:49:56 --> Signature bloc de M17 à O22
DEBUG - 2026-09-07 07:49:56 --> Insertion données page 1 et ligne 13
DEBUG - 2026-09-07 07:49:56 --> Totaux page 1 => HT: 528184 | TVA: 101676 | TTC: 629860
DEBUG - 2026-09-07 07:49:56 --> ==============================
DEBUG - 2026-09-07 07:49:56 --> TOTAL GLOBAL
DEBUG - 2026-09-07 07:49:56 --> HT  = 528184
DEBUG - 2026-09-07 07:49:56 --> TVA = 101676
DEBUG - 2026-09-07 07:49:56 --> TTC = 629860
DEBUG - 2026-09-07 07:49:56 --> DUE = 567526
DEBUG - 2026-09-07 07:49:56 --> ==============================
DEBUG - 2026-09-07 07:49:56 --> Insertion footer à partir de ligne 26
DEBUG - 2026-09-07 07:49:56 --> Footer[0] ligne 26 : Bon à savoir / Good to know
DEBUG - 2026-09-07 07:49:56 --> Footer[1] ligne 27 (fond vert)
DEBUG - 2026-09-07 07:49:56 --> Footer[2] ligne 28 (italic bleu)
DEBUG - 2026-09-07 07:49:56 --> Footer[3] ENERGIZING à M29:O29
DEBUG - 2026-09-07 07:49:56 --> Footer[4] Pagination ligne 30 | Page 1/1
DEBUG - 2026-09-07 07:49:56 --> Signature bloc de M23 à O28
DEBUG - 2026-09-07 07:49:56 --> Insertion données page 1 et ligne 13
DEBUG - 2026-09-07 07:49:56 --> Totaux page 1 => HT: 282103 | TVA: 54305 | TTC: 336408
DEBUG - 2026-09-07 07:49:56 --> ==============================
DEBUG - 2026-09-07 07:49:56 --> TOTAL GLOBAL
DEBUG - 2026-09-07 07:49:56 --> HT  = 282103
DEBUG - 2026-09-07 07:49:56 --> TVA = 54305
DEBUG - 2026-09-07 07:49:56 --> TTC = 336408
DEBUG - 2026-09-07 07:49:56 --> DUE = 336408
DEBUG - 2026-09-07 07:49:56 --> ==============================
DEBUG - 2026-09-07 07:49:56 --> Insertion footer à partir de ligne 20
DEBUG - 2026-09-07 07:49:56 --> Footer[0] ligne 20 : Bon à savoir / Good to know
DEBUG - 2026-09-07 07:49:56 --> Footer[1] ligne 21 (fond vert)
DEBUG - 2026-09-07 07:49:56 --> Footer[2] ligne 22 (italic bleu)
DEBUG - 2026-09-07 07:49:56 --> Footer[3] ENERGIZING à M23:O23
DEBUG - 2026-09-07 07:49:56 --> Footer[4] Pagination ligne 24 | Page 1/1
DEBUG - 2026-09-07 07:49:56 --> Signature bloc de M17 à O22
DEBUG - 2026-09-07 07:49:56 --> Insertion données page 1 et ligne 13
DEBUG - 2026-09-07 07:49:56 --> Totaux page 1 => HT: 67716 | TVA: 13035 | TTC: 80751
DEBUG - 2026-09-07 07:49:56 --> ==============================
DEBUG - 2026-09-07 07:49:56 --> TOTAL GLOBAL
DEBUG - 2026-09-07 07:49:56 --> HT  = 67716
DEBUG - 2026-09-07 07:49:56 --> TVA = 13035
DEBUG - 2026-09-07 07:49:56 --> TTC = 80751
DEBUG - 2026-09-07 07:49:56 --> DUE = 80751
DEBUG - 2026-09-07 07:49:56 --> ==============================
DEBUG - 2026-09-07 07:49:56 --> Insertion footer à partir de ligne 20
DEBUG - 2026-09-07 07:49:56 --> Footer[0] ligne 20 : Bon à savoir / Good to know
DEBUG - 2026-09-07 07:49:56 --> Footer[1] ligne 21 (fond vert)
DEBUG - 2026-09-07 07:49:56 --> Footer[2] ligne 22 (italic bleu)
DEBUG - 2026-09-07 07:49:56 --> Footer[3] ENERGIZING à M23:O23
DEBUG - 2026-09-07 07:49:56 --> Footer[4] Pagination ligne 24 | Page 1/1
DEBUG - 2026-09-07 07:49:56 --> Signature bloc de M17 à O22
DEBUG - 2026-09-07 07:49:56 --> Insertion données page 1 et ligne 13
DEBUG - 2026-09-07 07:49:56 --> Totaux page 1 => HT: 0 | TVA: 0 | TTC: 0
DEBUG - 2026-09-07 07:49:56 --> ==============================
DEBUG - 2026-09-07 07:49:56 --> TOTAL GLOBAL
DEBUG - 2026-09-07 07:49:56 --> HT  = 0
DEBUG - 2026-09-07 07:49:56 --> TVA = 0
DEBUG - 2026-09-07 07:49:56 --> TTC = 0
DEBUG - 2026-09-07 07:49:56 --> DUE = 0
DEBUG - 2026-09-07 07:49:56 --> ==============================
DEBUG - 2026-09-07 07:49:56 --> Insertion footer à partir de ligne 20
DEBUG - 2026-09-07 07:49:56 --> Footer[0] ligne 20 : Bon à savoir / Good to know
DEBUG - 2026-09-07 07:49:56 --> Footer[1] ligne 21 (fond vert)
DEBUG - 2026-09-07 07:49:56 --> Footer[2] ligne 22 (italic bleu)
DEBUG - 2026-09-07 07:49:56 --> Footer[3] ENERGIZING à M23:O23
DEBUG - 2026-09-07 07:49:56 --> Footer[4] Pagination ligne 24 | Page 1/1
DEBUG - 2026-09-07 07:49:56 --> Signature bloc de M17 à O22
DEBUG - 2026-09-07 07:49:56 --> Insertion données page 1 et ligne 13
DEBUG - 2026-09-07 07:49:56 --> Totaux page 1 => HT: 2100 | TVA: 404 | TTC: 2504
DEBUG - 2026-09-07 07:49:56 --> ==============================
DEBUG - 2026-09-07 07:49:56 --> TOTAL GLOBAL
DEBUG - 2026-09-07 07:49:56 --> HT  = 2100
DEBUG - 2026-09-07 07:49:56 --> TVA = 404
DEBUG - 2026-09-07 07:49:56 --> TTC = 2504
DEBUG - 2026-09-07 07:49:56 --> DUE = 2504
DEBUG - 2026-09-07 07:49:56 --> ==============================
DEBUG - 2026-09-07 07:49:56 --> Insertion footer à partir de ligne 20
DEBUG - 2026-09-07 07:49:56 --> Footer[0] ligne 20 : Bon à savoir / Good to know
DEBUG - 2026-09-07 07:49:56 --> Footer[1] ligne 21 (fond vert)
DEBUG - 2026-09-07 07:49:56 --> Footer[2] ligne 22 (italic bleu)
DEBUG - 2026-09-07 07:49:56 --> Footer[3] ENERGIZING à M23:O23
DEBUG - 2026-09-07 07:49:56 --> Footer[4] Pagination ligne 24 | Page 1/1
DEBUG - 2026-09-07 07:49:56 --> Signature bloc de M17 à O22
DEBUG - 2026-09-07 07:49:56 --> Insertion données page 1 et ligne 13
DEBUG - 2026-09-07 07:49:56 --> Totaux page 1 => HT: 0 | TVA: 0 | TTC: 0
DEBUG - 2026-09-07 07:49:56 --> ==============================
DEBUG - 2026-09-07 07:49:56 --> TOTAL GLOBAL
DEBUG - 2026-09-07 07:49:56 --> HT  = 0
DEBUG - 2026-09-07 07:49:56 --> TVA = 0
DEBUG - 2026-09-07 07:49:56 --> TTC = 0
DEBUG - 2026-09-07 07:49:56 --> DUE = 0
DEBUG - 2026-09-07 07:49:56 --> ==============================
DEBUG - 2026-09-07 07:49:56 --> Insertion footer à partir de ligne 20
DEBUG - 2026-09-07 07:49:56 --> Footer[0] ligne 20 : Bon à savoir / Good to know
DEBUG - 2026-09-07 07:49:56 --> Footer[1] ligne 21 (fond vert)
DEBUG - 2026-09-07 07:49:56 --> Footer[2] ligne 22 (italic bleu)
DEBUG - 2026-09-07 07:49:56 --> Footer[3] ENERGIZING à M23:O23
DEBUG - 2026-09-07 07:49:56 --> Footer[4] Pagination ligne 24 | Page 1/1
DEBUG - 2026-09-07 07:49:56 --> Signature bloc de M17 à O22
DEBUG - 2026-09-07 07:49:58 --> Fichier généré pour Mémoire : /var/www/MyMemo/writable/exports/Memoire_grands_comptes_20260907_074936.xlsx
DEBUG - 2026-09-07 07:50:23 --> Session: Class initialized using 'CodeIgniter\Session\Handlers\FileHandler' driver.
INFO - 2026-09-07 07:50:23 --> CSRF token verified.
DEBUG - 2026-09-07 07:50:23 --> MemoryController initialisé avec les types : agents_cde_camwater_contrat, bureaux_cde_camwater_contrat, agents_globeleq_contrat, bureaux_globeleq_contrat, grands_comptes_contrat, regions_contrat, agents_cde_camwater_facture, bureaux_cde_camwater_facture, agents_globeleq_facture, bureaux_globeleq_facture, grands_comptes_facture, regions_facture, postpaid_particulier_contrat, postpaid_particulier_facture, etat_bt_contrat, etat_bt_facture, etat_mt_contrat, etat_mt_facture, prepaid_contrat, prepaid_recu
DEBUG - 2026-09-07 07:50:23 --> Contexte en cours = postpaid_general, Type référentiel = grands_comptes_contrat
INFO - 2026-09-07 07:50:23 --> Table à tronquer : CMSREPORT.TMP_REF_ETAT_WITH_CONTRAT
INFO - 2026-09-07 07:50:23 --> Table à tronquer : CMSREPORT.TB_FACTURES_MEMOIRES
INFO - 2026-09-07 07:50:23 --> Table à tronquer : CMSREPORT.TB_FACTURES_MEMOIRES_INFOS
INFO - 2026-09-07 07:50:23 --> === START TRUNCATE truncate_6a9e6cbf4cf9c3.19503092 ===
DEBUG - 2026-09-07 07:50:23 --> {"trace_id":"truncate_6a9e6cbf4cf9c3.19503092","step":"input_received","type":"grands_comptes_contrat"}
DEBUG - 2026-09-07 07:50:23 --> {"trace_id":"truncate_6a9e6cbf4cf9c3.19503092","step":"config_loaded","available_types":["agents_cde_camwater_contrat","bureaux_cde_camwater_contrat","agents_globeleq_contrat","bureaux_globeleq_contrat","grands_comptes_contrat","regions_contrat","agents_cde_camwater_facture","bureaux_cde_camwater_facture","agents_globeleq_facture","bureaux_globeleq_facture","grands_comptes_facture","regions_facture","postpaid_particulier_contrat","postpaid_particulier_facture","etat_bt_contrat","etat_bt_facture","etat_mt_contrat","etat_mt_facture","prepaid_contrat","prepaid_recu"]}
DEBUG - 2026-09-07 07:50:23 --> {"trace_id":"truncate_6a9e6cbf4cf9c3.19503092","step":"truncate_tables_loaded","type":"grands_comptes_contrat","tables":["CMSREPORT.TMP_REF_ETAT_WITH_CONTRAT","CMSREPORT.TB_FACTURES_MEMOIRES","CMSREPORT.TB_FACTURES_MEMOIRES_INFOS"]}
INFO - 2026-09-07 07:50:23 --> {"trace_id":"truncate_6a9e6cbf4cf9c3.19503092","step":"truncate_start","index":1,"table":"CMSREPORT.TMP_REF_ETAT_WITH_CONTRAT"}
DEBUG - 2026-09-07 07:50:23 --> {"trace_id":"truncate_6a9e6cbf4cf9c3.19503092","step":"truncate_result","table":"CMSREPORT.TMP_REF_ETAT_WITH_CONTRAT","success":true,"time_ms":148.29999999999998}
INFO - 2026-09-07 07:50:23 --> {"trace_id":"truncate_6a9e6cbf4cf9c3.19503092","step":"truncate_start","index":2,"table":"CMSREPORT.TB_FACTURES_MEMOIRES"}
DEBUG - 2026-09-07 07:50:23 --> {"trace_id":"truncate_6a9e6cbf4cf9c3.19503092","step":"truncate_result","table":"CMSREPORT.TB_FACTURES_MEMOIRES","success":true,"time_ms":66.5}
INFO - 2026-09-07 07:50:23 --> {"trace_id":"truncate_6a9e6cbf4cf9c3.19503092","step":"truncate_start","index":3,"table":"CMSREPORT.TB_FACTURES_MEMOIRES_INFOS"}
DEBUG - 2026-09-07 07:50:23 --> {"trace_id":"truncate_6a9e6cbf4cf9c3.19503092","step":"truncate_result","table":"CMSREPORT.TB_FACTURES_MEMOIRES_INFOS","success":true,"time_ms":62.7}
INFO - 2026-09-07 07:50:23 --> {"trace_id":"truncate_6a9e6cbf4cf9c3.19503092","step":"truncate_finished","type":"grands_comptes_contrat","success":true,"duration_ms":278.3}
INFO - 2026-09-07 07:50:23 --> === END TRUNCATE truncate_6a9e6cbf4cf9c3.19503092 ===
INFO - 2026-09-07 07:50:23 --> Import Excel démarré : type=grands_comptes_contrat, fichier=php5ibGPT
INFO - 2026-09-07 07:50:25 --> Import Excel terminé (type=grands_comptes_contrat, table=CMSREPORT.TMP_REF_ETAT_WITH_CONTRAT) en 1.79s : 8780 ligne(s) importée(s), 0 rejetée(s), 0 doublon(s) ignoré(s).
DEBUG - 2026-09-07 07:50:25 --> Import terminé : {"context":"postpaid_general","type":"grands_comptes_contrat","regroupName":"grands_comptes","year":"2026","cycle":"8","documentTypes":["donnees_memoires"],"dateDebut":"05\/08\/2026","dateFin":"04\/09\/2026","file":{},"importStats":{"inserted":8780,"skipped":0,"duplicates":0,"message":"8780 ligne(s) import\u00e9e(s), 0 rejet\u00e9e(s), 0 doublon(s) ignor\u00e9(s)."}}
DEBUG - 2026-09-07 07:50:25 --> Démarrage du processus mémoire avec les paramètres : {"year":"2026","cycle":"8","regroup":"grands_comptes","DEBUT":"05\/08\/2026","FIN":"04\/09\/2026"}
DEBUG - 2026-09-07 07:50:25 --> Lancement MemorySQLFactory pour type=grands_comptes_contrat avec section=loading et params={"year":"2026","cycle":"8","regroup":"grands_comptes","DEBUT":"05\/08\/2026","FIN":"04\/09\/2026"}
DEBUG - 2026-09-07 07:50:25 --> Configuration pour le type 'grands_comptes_contrat': {"model":"App\\Models\\SQL\\LoadingQueriesForMemoryPostpaidModel","loading":["LOADING_TB_FACTURES_MEMOIRES_ONLY_WITH_CONTRAT_GENERAL","LOADING_TB_FACTURES_MEMOIRES_INFOS_ONLY_WITH_CONTRAT_GENERAL"],"generation":["GRANDS_COMPTES","generateMemoire"]}
DEBUG - 2026-09-07 07:50:25 --> Modèle utilisé : App\Models\SQL\LoadingQueriesForMemoryPostpaidModel
INFO - 2026-09-07 07:50:25 --> Type général : contrat
INFO - 2026-09-07 07:50:25 --> Type émission : emission
INFO - 2026-09-07 07:50:25 --> Date début: 05/08/2026, Date fin: 04/09/2026
DEBUG - 2026-09-07 07:50:26 --> Requête #0 exécutée avec succès : 
                INSERT /*+ APPEND PARALLEL(t) */ INTO cmsreport.tb_factures_memoires t (
                    SELECT /*+ PARALLEL(8) */ DISTINCT
                        'CENTRALIZED LV' AS region,
                        s.nom_area AS cms_region,
                        s.nom_unicom,
                        :year: AS calendar_year,
                        :cycle: AS reading_cycle,
                        t.tutelle as regroup_id,
                        t.tutelle as regroup_name,
                        r.nis_rad,
                        NVL(TRIM(s.ape1_cli), TRIM(s.cust_name)) AS cust_name,
                        s.pk_cust_id,
                        s.meter_no,
                        DECODE(s.tip_fase, 'FA001', 2, 4) AS number_wires,
                        s.pot_max_admis,
                        sum(case when not regexp_like(codigo(i.co_concepto), 'FIXED PREMIUM CHARGE|COMPENSATION|OVERLOAD CHARGE') then i.csmo_fact else 0 end) over(partition by r.num_rec) csmo_total_fact,
                        r.num_rec,
                        r.f_fact,
                        r.f_prev_puesta,
                        r.imp_tot_rec,
                        r.imp_tot_rec - r.imp_cta AS due_amount,
                        r.est_act,
                        s.tip_contr,
                        r.ind_conversion,
                        r.cod_cta_pago,
                        r.num_rec_anul,
                        s.cod_cnae,
                        s.co_an_vip,
                        sum (case when i.co_concepto not like 'CT%' then i.imp_concepto else 0 end) over(partition by r.num_rec,t.tutelle) amount_without_vat,
                        trunc ((sum (case when i.co_concepto not like 'CT%' then -i.imp_concepto else 0 end) over(partition by r.num_rec,t.tutelle)) + r.imp_tot_rec) amount_vat,
                        sum (case when i.co_concepto in ('CC119', 'CC118') then i.imp_concepto else 0 end) over(partition by r.num_rec,t.tutelle) govern_cont_without_vat,
                        sum (case when i.co_concepto = 'CT841' then i.imp_concepto else 0 end) over(partition by r.num_rec,t.tutelle) govern_vat,
                        sum (case when i.co_concepto = 'CC101' then i.imp_concepto else 0 end) over(partition by r.num_rec,t.tutelle) meter_rent
                    FROM cmsreport.tmp_ref_etat_with_contrat t
                    JOIN cmsadmin.recibos r ON t.contrat = r.nis_rad
                    JOIN cmsreport.tb_customers_infos s ON r.nis_rad = s.nis_rad
                    LEFT JOIN cmsadmin.imp_concepto i ON r.num_rec = i.num_rec
                    WHERE r.tip_rec = 'TR010'
                        AND r.est_act NOT IN ('ER010', 'ER015', 'ER018', 'ER915', 'ER600')
                        AND r.f_prev_puesta BETWEEN TO_DATE(:dateDebut:, 'YYYY-MM-DD') AND TO_DATE(:dateFin:, 'YYYY-MM-DD')
                )
            
DEBUG - 2026-09-07 07:50:33 --> Requête #1 exécutée avec succès : 
                INSERT /*+ append parallel(t) */ INTO cmsreport.tb_factures_memoires_infos t (
                    select /*+  parallel(12) */ distinct
                        t.contrat AS nis_rad,
                        r.num_rec,
                        nvl2(trim(b.prev_reading), b.prev_reading, nvl((max (ap.lect) keep(dense_rank last order by ap.f_lect, ap.f_actual) over(partition by r.num_rec)), 0)) prev_actual_read,
                        nvl2(trim(b.curr_reading), b.curr_reading, nvl((max (ac.lect) keep(dense_rank last order by ac.f_lect, ac.f_actual) over(partition by r.num_rec)), 0)) hht_current_index,
                        nvl((max (ac.cte_apa) keep(dense_rank last order by ac.f_lect, ac.f_actual) over(partition by r.num_rec)), 1) coeff
                        from cmsreport.tmp_ref_etat_with_contrat t
                        join cmsadmin.recibos r on t.contrat = r.nis_rad
                        left join cmsadmin.bill_extraction_list b on r.num_rec = b.num_rec
                        left join cmsadmin.rel_rec_csmo rc on r.num_rec = rc.num_rec
                        left join cmsadmin.apmedida_co ap on rc.id_apco_ant = ap.id_reg
                        left join cmsadmin.apmedida_co ac on rc.id_apco_act = ac.id_reg
                        where r.tip_rec = 'TR010' and r.est_act not in ('ER010', 'ER015', 'ER018', 'ER915', 'ER600') and r.imp_tot_rec - r.imp_cta > 0 
                        and r.f_prev_puesta <= sysdate
                )
            
DEBUG - 2026-09-07 07:50:33 --> MemorySQLFactory terminé pour type=grands_comptes_contrat, section=loading : 2/2 réussies, 0 échouées
DEBUG - 2026-09-07 07:50:33 --> Configuration pour le type 'grands_comptes_contrat': {"model":"App\\Models\\SQL\\LoadingQueriesForMemoryPostpaidModel","loading":["LOADING_TB_FACTURES_MEMOIRES_ONLY_WITH_CONTRAT_GENERAL","LOADING_TB_FACTURES_MEMOIRES_INFOS_ONLY_WITH_CONTRAT_GENERAL"],"generation":["GRANDS_COMPTES","generateMemoire"]}
DEBUG - 2026-09-07 07:50:33 --> Modèle utilisé : App\Models\SQL\LoadingQueriesForMemoryPostpaidModel
DEBUG - 2026-09-07 07:50:33 --> Répertoire d'exportation vérifié : /var/www/MyMemo/writable/exports/
DEBUG - 2026-09-07 07:50:33 --> DonneesMemoire SQL length: 4666
DEBUG - 2026-09-07 07:50:33 --> DonneesMemoire result count: 0
DEBUG - 2026-09-07 07:50:33 --> DonneesMemoire first row keys: 
ERROR - 2026-09-07 07:50:33 --> Aucune donnée récupérée pour DonneesMemoire.
ERROR - 2026-09-07 07:50:33 --> MEMORY_GENERATION_FAILED : Aucune donnée n'a été trouvée pour les critères sélectionnés (période, cycle ou regroupement).
ERROR - 2026-09-07 07:50:33 --> Trace de l'exception : #0 /var/www/MyMemo/system/CodeIgniter.php(933): App\Controllers\MemoryController->importAndExport()
#1 /var/www/MyMemo/system/CodeIgniter.php(507): CodeIgniter\CodeIgniter->runController()
#2 /var/www/MyMemo/system/CodeIgniter.php(354): CodeIgniter\CodeIgniter->handleRequest()
#3 /var/www/MyMemo/system/Boot.php(363): CodeIgniter\CodeIgniter->run()
#4 /var/www/MyMemo/system/Boot.php(68): CodeIgniter\Boot::runCodeIgniter()
#5 /var/www/MyMemo/public/index.php(58): CodeIgniter\Boot::bootWeb()
#6 {main}
DEBUG - 2026-09-07 07:50:33 --> Session: Class initialized using 'CodeIgniter\Session\Handlers\FileHandler' driver.
DEBUG - 2026-09-07 07:52:01 --> Session: Class initialized using 'CodeIgniter\Session\Handlers\FileHandler' driver.
INFO - 2026-09-07 07:52:01 --> CSRF token verified.
DEBUG - 2026-09-07 07:52:01 --> MemoryController initialisé avec les types : agents_cde_camwater_contrat, bureaux_cde_camwater_contrat, agents_globeleq_contrat, bureaux_globeleq_contrat, grands_comptes_contrat, regions_contrat, agents_cde_camwater_facture, bureaux_cde_camwater_facture, agents_globeleq_facture, bureaux_globeleq_facture, grands_comptes_facture, regions_facture, postpaid_particulier_contrat, postpaid_particulier_facture, etat_bt_contrat, etat_bt_facture, etat_mt_contrat, etat_mt_facture, prepaid_contrat, prepaid_recu
DEBUG - 2026-09-07 07:52:01 --> Contexte en cours = postpaid_general, Type référentiel = grands_comptes_contrat
INFO - 2026-09-07 07:52:01 --> Table à tronquer : CMSREPORT.TMP_REF_ETAT_WITH_CONTRAT
INFO - 2026-09-07 07:52:01 --> Table à tronquer : CMSREPORT.TB_FACTURES_MEMOIRES
INFO - 2026-09-07 07:52:01 --> Table à tronquer : CMSREPORT.TB_FACTURES_MEMOIRES_INFOS
INFO - 2026-09-07 07:52:01 --> === START TRUNCATE truncate_6a9e6d21951c19.86867732 ===
DEBUG - 2026-09-07 07:52:01 --> {"trace_id":"truncate_6a9e6d21951c19.86867732","step":"input_received","type":"grands_comptes_contrat"}
DEBUG - 2026-09-07 07:52:01 --> {"trace_id":"truncate_6a9e6d21951c19.86867732","step":"config_loaded","available_types":["agents_cde_camwater_contrat","bureaux_cde_camwater_contrat","agents_globeleq_contrat","bureaux_globeleq_contrat","grands_comptes_contrat","regions_contrat","agents_cde_camwater_facture","bureaux_cde_camwater_facture","agents_globeleq_facture","bureaux_globeleq_facture","grands_comptes_facture","regions_facture","postpaid_particulier_contrat","postpaid_particulier_facture","etat_bt_contrat","etat_bt_facture","etat_mt_contrat","etat_mt_facture","prepaid_contrat","prepaid_recu"]}
DEBUG - 2026-09-07 07:52:01 --> {"trace_id":"truncate_6a9e6d21951c19.86867732","step":"truncate_tables_loaded","type":"grands_comptes_contrat","tables":["CMSREPORT.TMP_REF_ETAT_WITH_CONTRAT","CMSREPORT.TB_FACTURES_MEMOIRES","CMSREPORT.TB_FACTURES_MEMOIRES_INFOS"]}
INFO - 2026-09-07 07:52:01 --> {"trace_id":"truncate_6a9e6d21951c19.86867732","step":"truncate_start","index":1,"table":"CMSREPORT.TMP_REF_ETAT_WITH_CONTRAT"}
DEBUG - 2026-09-07 07:52:01 --> {"trace_id":"truncate_6a9e6d21951c19.86867732","step":"truncate_result","table":"CMSREPORT.TMP_REF_ETAT_WITH_CONTRAT","success":true,"time_ms":44.900000000000006}
INFO - 2026-09-07 07:52:01 --> {"trace_id":"truncate_6a9e6d21951c19.86867732","step":"truncate_start","index":2,"table":"CMSREPORT.TB_FACTURES_MEMOIRES"}
DEBUG - 2026-09-07 07:52:01 --> {"trace_id":"truncate_6a9e6d21951c19.86867732","step":"truncate_result","table":"CMSREPORT.TB_FACTURES_MEMOIRES","success":true,"time_ms":40.2}
INFO - 2026-09-07 07:52:01 --> {"trace_id":"truncate_6a9e6d21951c19.86867732","step":"truncate_start","index":3,"table":"CMSREPORT.TB_FACTURES_MEMOIRES_INFOS"}
DEBUG - 2026-09-07 07:52:01 --> {"trace_id":"truncate_6a9e6d21951c19.86867732","step":"truncate_result","table":"CMSREPORT.TB_FACTURES_MEMOIRES_INFOS","success":true,"time_ms":34.4}
INFO - 2026-09-07 07:52:01 --> {"trace_id":"truncate_6a9e6d21951c19.86867732","step":"truncate_finished","type":"grands_comptes_contrat","success":true,"duration_ms":120.1}
INFO - 2026-09-07 07:52:01 --> === END TRUNCATE truncate_6a9e6d21951c19.86867732 ===
INFO - 2026-09-07 07:52:01 --> Import Excel démarré : type=grands_comptes_contrat, fichier=phpgaqbdu
INFO - 2026-09-07 07:52:03 --> Import Excel terminé (type=grands_comptes_contrat, table=CMSREPORT.TMP_REF_ETAT_WITH_CONTRAT) en 1.66s : 8780 ligne(s) importée(s), 0 rejetée(s), 0 doublon(s) ignoré(s).
DEBUG - 2026-09-07 07:52:03 --> Import terminé : {"context":"postpaid_general","type":"grands_comptes_contrat","regroupName":"grands_comptes","year":"2026","cycle":"8","documentTypes":["donnees_memoires"],"dateDebut":"05\/08\/2026","dateFin":"04\/09\/2026","file":{},"importStats":{"inserted":8780,"skipped":0,"duplicates":0,"message":"8780 ligne(s) import\u00e9e(s), 0 rejet\u00e9e(s), 0 doublon(s) ignor\u00e9(s)."}}
DEBUG - 2026-09-07 07:52:03 --> Démarrage du processus mémoire avec les paramètres : {"year":"2026","cycle":"8","regroup":"grands_comptes","DEBUT":"05\/08\/2026","FIN":"04\/09\/2026"}
DEBUG - 2026-09-07 07:52:03 --> Lancement MemorySQLFactory pour type=grands_comptes_contrat avec section=loading et params={"year":"2026","cycle":"8","regroup":"grands_comptes","DEBUT":"05\/08\/2026","FIN":"04\/09\/2026"}
DEBUG - 2026-09-07 07:52:03 --> Configuration pour le type 'grands_comptes_contrat': {"model":"App\\Models\\SQL\\LoadingQueriesForMemoryPostpaidModel","loading":["LOADING_TB_FACTURES_MEMOIRES_ONLY_WITH_CONTRAT_GENERAL","LOADING_TB_FACTURES_MEMOIRES_INFOS_ONLY_WITH_CONTRAT_GENERAL"],"generation":["GRANDS_COMPTES","generateMemoire"]}
DEBUG - 2026-09-07 07:52:03 --> Modèle utilisé : App\Models\SQL\LoadingQueriesForMemoryPostpaidModel
INFO - 2026-09-07 07:52:03 --> Type général : contrat
INFO - 2026-09-07 07:52:03 --> Type émission : emission
INFO - 2026-09-07 07:52:03 --> Date début: 05/08/2026, Date fin: 04/09/2026
DEBUG - 2026-09-07 07:52:04 --> Requête #0 exécutée avec succès : 
                INSERT /*+ APPEND PARALLEL(t) */ INTO cmsreport.tb_factures_memoires t (
                    SELECT /*+ PARALLEL(8) */ DISTINCT
                        'CENTRALIZED LV' AS region,
                        s.nom_area AS cms_region,
                        s.nom_unicom,
                        :year: AS calendar_year,
                        :cycle: AS reading_cycle,
                        t.tutelle as regroup_id,
                        t.tutelle as regroup_name,
                        r.nis_rad,
                        NVL(TRIM(s.ape1_cli), TRIM(s.cust_name)) AS cust_name,
                        s.pk_cust_id,
                        s.meter_no,
                        DECODE(s.tip_fase, 'FA001', 2, 4) AS number_wires,
                        s.pot_max_admis,
                        sum(case when not regexp_like(codigo(i.co_concepto), 'FIXED PREMIUM CHARGE|COMPENSATION|OVERLOAD CHARGE') then i.csmo_fact else 0 end) over(partition by r.num_rec) csmo_total_fact,
                        r.num_rec,
                        r.f_fact,
                        r.f_prev_puesta,
                        r.imp_tot_rec,
                        r.imp_tot_rec - r.imp_cta AS due_amount,
                        r.est_act,
                        s.tip_contr,
                        r.ind_conversion,
                        r.cod_cta_pago,
                        r.num_rec_anul,
                        s.cod_cnae,
                        s.co_an_vip,
                        sum (case when i.co_concepto not like 'CT%' then i.imp_concepto else 0 end) over(partition by r.num_rec,t.tutelle) amount_without_vat,
                        trunc ((sum (case when i.co_concepto not like 'CT%' then -i.imp_concepto else 0 end) over(partition by r.num_rec,t.tutelle)) + r.imp_tot_rec) amount_vat,
                        sum (case when i.co_concepto in ('CC119', 'CC118') then i.imp_concepto else 0 end) over(partition by r.num_rec,t.tutelle) govern_cont_without_vat,
                        sum (case when i.co_concepto = 'CT841' then i.imp_concepto else 0 end) over(partition by r.num_rec,t.tutelle) govern_vat,
                        sum (case when i.co_concepto = 'CC101' then i.imp_concepto else 0 end) over(partition by r.num_rec,t.tutelle) meter_rent
                    FROM cmsreport.tmp_ref_etat_with_contrat t
                    JOIN cmsadmin.recibos r ON t.contrat = r.nis_rad
                    JOIN cmsreport.tb_customers_infos s ON r.nis_rad = s.nis_rad
                    LEFT JOIN cmsadmin.imp_concepto i ON r.num_rec = i.num_rec
                    WHERE r.tip_rec = 'TR010'
                        AND r.est_act NOT IN ('ER010', 'ER015', 'ER018', 'ER915', 'ER600')
                        AND r.f_prev_puesta BETWEEN TO_DATE(:dateDebut:, 'YYYY-MM-DD') AND TO_DATE(:dateFin:, 'YYYY-MM-DD')
                )
            
DEBUG - 2026-09-07 07:52:05 --> Requête #1 exécutée avec succès : 
                INSERT /*+ append parallel(t) */ INTO cmsreport.tb_factures_memoires_infos t (
                    select /*+  parallel(12) */ distinct
                        t.contrat AS nis_rad,
                        r.num_rec,
                        nvl2(trim(b.prev_reading), b.prev_reading, nvl((max (ap.lect) keep(dense_rank last order by ap.f_lect, ap.f_actual) over(partition by r.num_rec)), 0)) prev_actual_read,
                        nvl2(trim(b.curr_reading), b.curr_reading, nvl((max (ac.lect) keep(dense_rank last order by ac.f_lect, ac.f_actual) over(partition by r.num_rec)), 0)) hht_current_index,
                        nvl((max (ac.cte_apa) keep(dense_rank last order by ac.f_lect, ac.f_actual) over(partition by r.num_rec)), 1) coeff
                        from cmsreport.tmp_ref_etat_with_contrat t
                        join cmsadmin.recibos r on t.contrat = r.nis_rad
                        left join cmsadmin.bill_extraction_list b on r.num_rec = b.num_rec
                        left join cmsadmin.rel_rec_csmo rc on r.num_rec = rc.num_rec
                        left join cmsadmin.apmedida_co ap on rc.id_apco_ant = ap.id_reg
                        left join cmsadmin.apmedida_co ac on rc.id_apco_act = ac.id_reg
                        where r.tip_rec = 'TR010' and r.est_act not in ('ER010', 'ER015', 'ER018', 'ER915', 'ER600') and r.imp_tot_rec - r.imp_cta > 0 
                        and r.f_prev_puesta <= sysdate
                )
            
DEBUG - 2026-09-07 07:52:05 --> MemorySQLFactory terminé pour type=grands_comptes_contrat, section=loading : 2/2 réussies, 0 échouées
DEBUG - 2026-09-07 07:52:05 --> Configuration pour le type 'grands_comptes_contrat': {"model":"App\\Models\\SQL\\LoadingQueriesForMemoryPostpaidModel","loading":["LOADING_TB_FACTURES_MEMOIRES_ONLY_WITH_CONTRAT_GENERAL","LOADING_TB_FACTURES_MEMOIRES_INFOS_ONLY_WITH_CONTRAT_GENERAL"],"generation":["GRANDS_COMPTES","generateMemoire"]}
DEBUG - 2026-09-07 07:52:05 --> Modèle utilisé : App\Models\SQL\LoadingQueriesForMemoryPostpaidModel
DEBUG - 2026-09-07 07:52:05 --> Répertoire d'exportation vérifié : /var/www/MyMemo/writable/exports/
DEBUG - 2026-09-07 07:52:05 --> DonneesMemoire SQL length: 4666
DEBUG - 2026-09-07 07:52:06 --> DonneesMemoire result count: 0
DEBUG - 2026-09-07 07:52:06 --> DonneesMemoire first row keys: 
ERROR - 2026-09-07 07:52:06 --> Aucune donnée récupérée pour DonneesMemoire.
ERROR - 2026-09-07 07:52:06 --> MEMORY_GENERATION_FAILED : Aucune donnée n'a été trouvée pour les critères sélectionnés (période, cycle ou regroupement).
ERROR - 2026-09-07 07:52:06 --> Trace de l'exception : #0 /var/www/MyMemo/system/CodeIgniter.php(933): App\Controllers\MemoryController->importAndExport()
#1 /var/www/MyMemo/system/CodeIgniter.php(507): CodeIgniter\CodeIgniter->runController()
#2 /var/www/MyMemo/system/CodeIgniter.php(354): CodeIgniter\CodeIgniter->handleRequest()
#3 /var/www/MyMemo/system/Boot.php(363): CodeIgniter\CodeIgniter->run()
#4 /var/www/MyMemo/system/Boot.php(68): CodeIgniter\Boot::runCodeIgniter()
#5 /var/www/MyMemo/public/index.php(58): CodeIgniter\Boot::bootWeb()
#6 {main}
DEBUG - 2026-09-07 07:52:06 --> Session: Class initialized using 'CodeIgniter\Session\Handlers\FileHandler' driver.
DEBUG - 2026-09-07 07:53:02 --> Session: Class initialized using 'CodeIgniter\Session\Handlers\FileHandler' driver.
INFO - 2026-09-07 07:53:02 --> CSRF token verified.
DEBUG - 2026-09-07 07:53:02 --> MemoryController initialisé avec les types : agents_cde_camwater_contrat, bureaux_cde_camwater_contrat, agents_globeleq_contrat, bureaux_globeleq_contrat, grands_comptes_contrat, regions_contrat, agents_cde_camwater_facture, bureaux_cde_camwater_facture, agents_globeleq_facture, bureaux_globeleq_facture, grands_comptes_facture, regions_facture, postpaid_particulier_contrat, postpaid_particulier_facture, etat_bt_contrat, etat_bt_facture, etat_mt_contrat, etat_mt_facture, prepaid_contrat, prepaid_recu
DEBUG - 2026-09-07 07:53:03 --> Contexte en cours = postpaid_general, Type référentiel = agents_cde_camwater_contrat
INFO - 2026-09-07 07:53:03 --> Table à tronquer : CMSREPORT.TMP_REF_ETAT_WITH_CONTRAT
INFO - 2026-09-07 07:53:03 --> Table à tronquer : CMSREPORT.TB_FACTURES_MEMOIRES
INFO - 2026-09-07 07:53:03 --> Table à tronquer : CMSREPORT.TB_FACTURES_MEMOIRES_INFOS
INFO - 2026-09-07 07:53:03 --> === START TRUNCATE truncate_6a9e6d5f0c2283.31216448 ===
DEBUG - 2026-09-07 07:53:03 --> {"trace_id":"truncate_6a9e6d5f0c2283.31216448","step":"input_received","type":"agents_cde_camwater_contrat"}
DEBUG - 2026-09-07 07:53:03 --> {"trace_id":"truncate_6a9e6d5f0c2283.31216448","step":"config_loaded","available_types":["agents_cde_camwater_contrat","bureaux_cde_camwater_contrat","agents_globeleq_contrat","bureaux_globeleq_contrat","grands_comptes_contrat","regions_contrat","agents_cde_camwater_facture","bureaux_cde_camwater_facture","agents_globeleq_facture","bureaux_globeleq_facture","grands_comptes_facture","regions_facture","postpaid_particulier_contrat","postpaid_particulier_facture","etat_bt_contrat","etat_bt_facture","etat_mt_contrat","etat_mt_facture","prepaid_contrat","prepaid_recu"]}
DEBUG - 2026-09-07 07:53:03 --> {"trace_id":"truncate_6a9e6d5f0c2283.31216448","step":"truncate_tables_loaded","type":"agents_cde_camwater_contrat","tables":["CMSREPORT.TMP_REF_ETAT_WITH_CONTRAT","CMSREPORT.TB_FACTURES_MEMOIRES","CMSREPORT.TB_FACTURES_MEMOIRES_INFOS"]}
INFO - 2026-09-07 07:53:03 --> {"trace_id":"truncate_6a9e6d5f0c2283.31216448","step":"truncate_start","index":1,"table":"CMSREPORT.TMP_REF_ETAT_WITH_CONTRAT"}
DEBUG - 2026-09-07 07:53:03 --> {"trace_id":"truncate_6a9e6d5f0c2283.31216448","step":"truncate_result","table":"CMSREPORT.TMP_REF_ETAT_WITH_CONTRAT","success":true,"time_ms":49}
INFO - 2026-09-07 07:53:03 --> {"trace_id":"truncate_6a9e6d5f0c2283.31216448","step":"truncate_start","index":2,"table":"CMSREPORT.TB_FACTURES_MEMOIRES"}
DEBUG - 2026-09-07 07:53:03 --> {"trace_id":"truncate_6a9e6d5f0c2283.31216448","step":"truncate_result","table":"CMSREPORT.TB_FACTURES_MEMOIRES","success":true,"time_ms":37.5}
INFO - 2026-09-07 07:53:03 --> {"trace_id":"truncate_6a9e6d5f0c2283.31216448","step":"truncate_start","index":3,"table":"CMSREPORT.TB_FACTURES_MEMOIRES_INFOS"}
DEBUG - 2026-09-07 07:53:03 --> {"trace_id":"truncate_6a9e6d5f0c2283.31216448","step":"truncate_result","table":"CMSREPORT.TB_FACTURES_MEMOIRES_INFOS","success":true,"time_ms":32}
INFO - 2026-09-07 07:53:03 --> {"trace_id":"truncate_6a9e6d5f0c2283.31216448","step":"truncate_finished","type":"agents_cde_camwater_contrat","success":true,"duration_ms":119.3}
INFO - 2026-09-07 07:53:03 --> === END TRUNCATE truncate_6a9e6d5f0c2283.31216448 ===
INFO - 2026-09-07 07:53:03 --> Import Excel démarré : type=agents_cde_camwater_contrat, fichier=phpq2dRDU
INFO - 2026-09-07 07:53:03 --> Import Excel terminé (type=agents_cde_camwater_contrat, table=CMSREPORT.TMP_REF_ETAT_WITH_CONTRAT) en 0.19s : 1090 ligne(s) importée(s), 0 rejetée(s), 0 doublon(s) ignoré(s).
DEBUG - 2026-09-07 07:53:03 --> Import terminé : {"context":"postpaid_general","type":"agents_cde_camwater_contrat","regroupName":"agents_cde_camwater","year":"2026","cycle":"8","documentTypes":["memoires","donnees_memoires"],"dateDebut":"05\/08\/2026","dateFin":"04\/09\/2026","file":{},"importStats":{"inserted":1090,"skipped":0,"duplicates":0,"message":"1090 ligne(s) import\u00e9e(s), 0 rejet\u00e9e(s), 0 doublon(s) ignor\u00e9(s)."}}
DEBUG - 2026-09-07 07:53:03 --> Démarrage du processus mémoire avec les paramètres : {"year":"2026","cycle":"8","regroup":"agents_cde_camwater","DEBUT":"05\/08\/2026","FIN":"04\/09\/2026"}
DEBUG - 2026-09-07 07:53:03 --> Lancement MemorySQLFactory pour type=agents_cde_camwater_contrat avec section=loading et params={"year":"2026","cycle":"8","regroup":"agents_cde_camwater","DEBUT":"05\/08\/2026","FIN":"04\/09\/2026"}
DEBUG - 2026-09-07 07:53:03 --> Configuration pour le type 'agents_cde_camwater_contrat': {"model":"App\\Models\\SQL\\LoadingQueriesForMemoryPostpaidModel","loading":["LOADING_TB_FACTURES_MEMOIRES_ONLY_WITH_CONTRAT_GENERAL","LOADING_TB_FACTURES_MEMOIRES_INFOS_ONLY_WITH_CONTRAT_GENERAL"],"generation":["AGENTS_CDE_CAMWATER","generateMemoire"]}
DEBUG - 2026-09-07 07:53:03 --> Modèle utilisé : App\Models\SQL\LoadingQueriesForMemoryPostpaidModel
INFO - 2026-09-07 07:53:03 --> Type général : contrat
INFO - 2026-09-07 07:53:03 --> Type émission : emission
INFO - 2026-09-07 07:53:03 --> Date début: 05/08/2026, Date fin: 04/09/2026
DEBUG - 2026-09-07 07:53:04 --> Requête #0 exécutée avec succès : 
                INSERT /*+ APPEND PARALLEL(t) */ INTO cmsreport.tb_factures_memoires t (
                    SELECT /*+ PARALLEL(8) */ DISTINCT
                        'CENTRALIZED LV' AS region,
                        s.nom_area AS cms_region,
                        s.nom_unicom,
                        :year: AS calendar_year,
                        :cycle: AS reading_cycle,
                        t.tutelle as regroup_id,
                        t.tutelle as regroup_name,
                        r.nis_rad,
                        NVL(TRIM(s.ape1_cli), TRIM(s.cust_name)) AS cust_name,
                        s.pk_cust_id,
                        s.meter_no,
                        DECODE(s.tip_fase, 'FA001', 2, 4) AS number_wires,
                        s.pot_max_admis,
                        sum(case when not regexp_like(codigo(i.co_concepto), 'FIXED PREMIUM CHARGE|COMPENSATION|OVERLOAD CHARGE') then i.csmo_fact else 0 end) over(partition by r.num_rec) csmo_total_fact,
                        r.num_rec,
                        r.f_fact,
                        r.f_prev_puesta,
                        r.imp_tot_rec,
                        r.imp_tot_rec - r.imp_cta AS due_amount,
                        r.est_act,
                        s.tip_contr,
                        r.ind_conversion,
                        r.cod_cta_pago,
                        r.num_rec_anul,
                        s.cod_cnae,
                        s.co_an_vip,
                        sum (case when i.co_concepto not like 'CT%' then i.imp_concepto else 0 end) over(partition by r.num_rec,t.tutelle) amount_without_vat,
                        trunc ((sum (case when i.co_concepto not like 'CT%' then -i.imp_concepto else 0 end) over(partition by r.num_rec,t.tutelle)) + r.imp_tot_rec) amount_vat,
                        sum (case when i.co_concepto in ('CC119', 'CC118') then i.imp_concepto else 0 end) over(partition by r.num_rec,t.tutelle) govern_cont_without_vat,
                        sum (case when i.co_concepto = 'CT841' then i.imp_concepto else 0 end) over(partition by r.num_rec,t.tutelle) govern_vat,
                        sum (case when i.co_concepto = 'CC101' then i.imp_concepto else 0 end) over(partition by r.num_rec,t.tutelle) meter_rent
                    FROM cmsreport.tmp_ref_etat_with_contrat t
                    JOIN cmsadmin.recibos r ON t.contrat = r.nis_rad
                    JOIN cmsreport.tb_customers_infos s ON r.nis_rad = s.nis_rad
                    LEFT JOIN cmsadmin.imp_concepto i ON r.num_rec = i.num_rec
                    WHERE r.tip_rec = 'TR010'
                        AND r.est_act NOT IN ('ER010', 'ER015', 'ER018', 'ER915', 'ER600')
                        AND r.f_prev_puesta BETWEEN TO_DATE(:dateDebut:, 'YYYY-MM-DD') AND TO_DATE(:dateFin:, 'YYYY-MM-DD')
                )
            
DEBUG - 2026-09-07 07:53:19 --> Requête #1 exécutée avec succès : 
                INSERT /*+ append parallel(t) */ INTO cmsreport.tb_factures_memoires_infos t (
                    select /*+  parallel(12) */ distinct
                        t.contrat AS nis_rad,
                        r.num_rec,
                        nvl2(trim(b.prev_reading), b.prev_reading, nvl((max (ap.lect) keep(dense_rank last order by ap.f_lect, ap.f_actual) over(partition by r.num_rec)), 0)) prev_actual_read,
                        nvl2(trim(b.curr_reading), b.curr_reading, nvl((max (ac.lect) keep(dense_rank last order by ac.f_lect, ac.f_actual) over(partition by r.num_rec)), 0)) hht_current_index,
                        nvl((max (ac.cte_apa) keep(dense_rank last order by ac.f_lect, ac.f_actual) over(partition by r.num_rec)), 1) coeff
                        from cmsreport.tmp_ref_etat_with_contrat t
                        join cmsadmin.recibos r on t.contrat = r.nis_rad
                        left join cmsadmin.bill_extraction_list b on r.num_rec = b.num_rec
                        left join cmsadmin.rel_rec_csmo rc on r.num_rec = rc.num_rec
                        left join cmsadmin.apmedida_co ap on rc.id_apco_ant = ap.id_reg
                        left join cmsadmin.apmedida_co ac on rc.id_apco_act = ac.id_reg
                        where r.tip_rec = 'TR010' and r.est_act not in ('ER010', 'ER015', 'ER018', 'ER915', 'ER600') and r.imp_tot_rec - r.imp_cta > 0 
                        and r.f_prev_puesta <= sysdate
                )
            
DEBUG - 2026-09-07 07:53:19 --> MemorySQLFactory terminé pour type=agents_cde_camwater_contrat, section=loading : 2/2 réussies, 0 échouées
DEBUG - 2026-09-07 07:53:19 --> Configuration pour le type 'agents_cde_camwater_contrat': {"model":"App\\Models\\SQL\\LoadingQueriesForMemoryPostpaidModel","loading":["LOADING_TB_FACTURES_MEMOIRES_ONLY_WITH_CONTRAT_GENERAL","LOADING_TB_FACTURES_MEMOIRES_INFOS_ONLY_WITH_CONTRAT_GENERAL"],"generation":["AGENTS_CDE_CAMWATER","generateMemoire"]}
DEBUG - 2026-09-07 07:53:19 --> Modèle utilisé : App\Models\SQL\LoadingQueriesForMemoryPostpaidModel
DEBUG - 2026-09-07 07:53:19 --> Répertoire d'exportation vérifié : /var/www/MyMemo/writable/exports/
DEBUG - 2026-09-07 07:53:19 --> DonneesMemoire SQL length: 2089
ERROR - 2026-09-07 07:53:19 --> ErrorException: oci_execute(): ORA-00904: &quot;T&quot;.&quot;TYPE_CLIENT&quot; : identificateur non valide
Help: https://docs.oracle.com/error-help/db/ora-00904/ in /var/www/MyMemo/system/Database/OCI8/Connection.php:225
Stack trace:
#0 [internal function]: CodeIgniter\Debug\Exceptions->errorHandler()
#1 /var/www/MyMemo/system/Database/OCI8/Connection.php(225): oci_execute()
#2 /var/www/MyMemo/system/Database/BaseConnection.php(729): CodeIgniter\Database\OCI8\Connection->execute()
#3 /var/www/MyMemo/system/Database/BaseConnection.php(646): CodeIgniter\Database\BaseConnection->simpleQuery()
#4 /var/www/MyMemo/app/Services/OracleService.php(73): CodeIgniter\Database\BaseConnection->query()
#5 /var/www/MyMemo/app/Services/OracleService.php(336): App\Services\OracleService->executeSql()
#6 /var/www/MyMemo/app/Controllers/MemoryController.php(270): App\Services\OracleService->fetchAll()
#7 /var/www/MyMemo/system/CodeIgniter.php(933): App\Controllers\MemoryController->importAndExport()
#8 /var/www/MyMemo/system/CodeIgniter.php(507): CodeIgniter\CodeIgniter->runController()
#9 /var/www/MyMemo/system/CodeIgniter.php(354): CodeIgniter\CodeIgniter->handleRequest()
#10 /var/www/MyMemo/system/Boot.php(363): CodeIgniter\CodeIgniter->run()
#11 /var/www/MyMemo/system/Boot.php(68): CodeIgniter\Boot::runCodeIgniter()
#12 /var/www/MyMemo/public/index.php(58): CodeIgniter\Boot::bootWeb()
#13 {main}
ERROR - 2026-09-07 07:53:19 --> Oracle SQL error: {"code":904,"message":"ORA-00904: \"T\".\"TYPE_CLIENT\" : identificateur non valide\nHelp: https:\/\/docs.oracle.com\/error-help\/db\/ora-00904\/","offset":620,"sqltext":"\n            select \/*+  parallel(8) *\/ distinct\n                t.type_client region,\n                r.nom_unicom agency,\n                r.calendar_year,\n                r.reading_cycle,\n                t.tutelle regroup_code,\n                t.tutelle regroup_name,\n                r.nis_rad contrat,\n                r.cust_name customer_name,\n                r.pk_cust_id old_account_no,\n                r.meter_no,\n                r.number_wires,\n                r.pot_max_admis subscription_load,\n\n                max(trunc (r.csmo_total_fact)) keep(dense_rank last order by r.f_fact) over(partition by r.num_rec,t.type_client) consumption_billed,\n\n                r.num_rec bill_no,\n                to_char(r.f_fact,'dd\/mm\/yyyy') billing_date,\n                to_char(r.f_prev_puesta,'dd\/mm\/yyyy') dispatch_date,\n                trunc (r.imp_tot_rec) amount_with_tax,\n                r.due_amount,\n                estado(r.est_act) bill_status,\n                substr (tipo(r.tip_contr), 1, 2) cat_cli,\n\n                r.amount_without_vat,\n                r.amount_vat,\n                r.govern_cont_without_vat,\n                r.govern_vat,\n                r.meter_rent,\n\n                c.prev_actual_read,\n                c.hht_current_index,\n                c.coeff,\n                r.cod_cta_pago\n            from (select \/*+ parallel(2) *\/ * from cmsreport.tmp_ref_etat_with_contrat where regexp_like(tutelle || ' ' || tutelle,'CDE|CAMWATER') and regexp_like(tutelle || tutelle,'AGENT')) t\n                join cmsreport.tb_factures_memoires r on t.contrat = r.nis_rad\n                join cmsreport.tb_factures_memoires a on t.contrat = a.nis_rad and r.num_rec_anul = a.num_rec_anul and a.est_act != 'ER018' and a.cod_cta_pago not in (2000000,2000001)\n                left join cmsreport.tb_factures_memoires_infos c on a.num_rec = c.num_rec\n            where r.est_act not in ('ER010', 'ER015', 'ER018', 'ER915', 'ER600')\n                and r.cod_cta_pago in (2000001, 2000000)\n                and r.ind_conversion <> 1\n            order by 1, 2, 7\n                    "}
ERROR - 2026-09-07 07:53:19 --> fetchAll: échec exécution SQL
DEBUG - 2026-09-07 07:53:19 --> DonneesMemoire result count: 0
DEBUG - 2026-09-07 07:53:19 --> DonneesMemoire first row keys: 
ERROR - 2026-09-07 07:53:19 --> Aucune donnée récupérée pour DonneesMemoire.
DEBUG - 2026-09-07 07:53:19 --> Requête exécutée pour Mémoire : {"sql":"\n            SELECT \/*+ parallel(8) *\/ DISTINCT\n                r.cust_name AS customer_name,\n                r.nom_unicom AS agency,\n                r.nis_rad AS service_no,\n                TO_CHAR(r.f_fact, 'dd\/mm\/yyyy') AS billing_date,\n                r.num_rec AS bill_no,\n                r.meter_no,\n                c.prev_actual_read,\n                c.hht_current_index,\n                TRUNC(r.csmo_total_fact) AS consumption_billed,\n                c.coeff,\n                r.meter_rent,\n                r.amount_without_vat,\n                r.amount_vat,\n                TRUNC(r.imp_tot_rec) AS amount_with_tax,\n                r.due_amount,        \n                r.region,\n                r.calendar_year,\n                r.reading_cycle,\n                r.regroup_id,\n                r.regroup_name              \n            FROM cmsreport.tb_factures_memoires r\n            LEFT JOIN cmsreport.tb_factures_memoires_infos c ON r.num_rec = c.num_rec\n        ","binds":[]}
DEBUG - 2026-09-07 07:53:19 --> Header keys retrieved: CUSTOMER_NAME,AGENCY,SERVICE_NO,BILLING_DATE,BILL_NO,METER_NO,PREV_ACTUAL_READ,HHT_CURRENT_INDEX,CONSUMPTION_BILLED,COEFF,METER_RENT,AMOUNT_WITHOUT_VAT,AMOUNT_VAT,AMOUNT_WITH_TAX,DUE_AMOUNT,REGION,CALENDAR_YEAR,READING_CYCLE,REGROUP_ID,REGROUP_NAME
DEBUG - 2026-09-07 07:53:19 --> Nom fichier mémoire généré : /var/www/MyMemo/writable/exports/Memoire_agents_cde_camwater_20260907_075319.xlsx
DEBUG - 2026-09-07 07:53:19 --> Insertion données page 1 et ligne 13
DEBUG - 2026-09-07 07:53:19 --> Totaux page 1 => HT: 305086 | TVA: 49215 | TTC: 354301
DEBUG - 2026-09-07 07:53:19 --> Insertion footer à partir de ligne 45
DEBUG - 2026-09-07 07:53:19 --> Footer[0] ligne 45 : Bon à savoir / Good to know
DEBUG - 2026-09-07 07:53:19 --> Footer[1] ligne 46 (fond vert)
DEBUG - 2026-09-07 07:53:19 --> Footer[2] ligne 47 (italic bleu)
DEBUG - 2026-09-07 07:53:19 --> Footer[3] ENERGIZING à M48:O48
DEBUG - 2026-09-07 07:53:19 --> Footer[4] Pagination ligne 49 | Page 1/34
DEBUG - 2026-09-07 07:53:19 --> Signature bloc de M42 à O47
DEBUG - 2026-09-07 07:53:19 --> Ajout saut de page après ligne 50
DEBUG - 2026-09-07 07:53:19 --> Insertion données page 2 et ligne 64
DEBUG - 2026-09-07 07:53:19 --> Totaux page 2 => HT: 311076 | TVA: 54429 | TTC: 365505
DEBUG - 2026-09-07 07:53:19 --> Insertion footer à partir de ligne 96
DEBUG - 2026-09-07 07:53:19 --> Footer[0] ligne 96 : Bon à savoir / Good to know
DEBUG - 2026-09-07 07:53:19 --> Footer[1] ligne 97 (fond vert)
DEBUG - 2026-09-07 07:53:19 --> Footer[2] ligne 98 (italic bleu)
DEBUG - 2026-09-07 07:53:19 --> Footer[3] ENERGIZING à M99:O99
DEBUG - 2026-09-07 07:53:19 --> Footer[4] Pagination ligne 100 | Page 2/34
DEBUG - 2026-09-07 07:53:19 --> Signature bloc de M93 à O98
DEBUG - 2026-09-07 07:53:19 --> Ajout saut de page après ligne 101
DEBUG - 2026-09-07 07:53:19 --> Insertion données page 3 et ligne 115
DEBUG - 2026-09-07 07:53:19 --> Totaux page 3 => HT: 1484945 | TVA: 274805 | TTC: 1759750
DEBUG - 2026-09-07 07:53:19 --> Insertion footer à partir de ligne 147
DEBUG - 2026-09-07 07:53:19 --> Footer[0] ligne 147 : Bon à savoir / Good to know
DEBUG - 2026-09-07 07:53:19 --> Footer[1] ligne 148 (fond vert)
DEBUG - 2026-09-07 07:53:19 --> Footer[2] ligne 149 (italic bleu)
DEBUG - 2026-09-07 07:53:19 --> Footer[3] ENERGIZING à M150:O150
DEBUG - 2026-09-07 07:53:19 --> Footer[4] Pagination ligne 151 | Page 3/34
DEBUG - 2026-09-07 07:53:19 --> Signature bloc de M144 à O149
DEBUG - 2026-09-07 07:53:19 --> Ajout saut de page après ligne 152
DEBUG - 2026-09-07 07:53:19 --> Insertion données page 4 et ligne 166
DEBUG - 2026-09-07 07:53:19 --> Totaux page 4 => HT: 331283 | TVA: 52290 | TTC: 383573
DEBUG - 2026-09-07 07:53:19 --> Insertion footer à partir de ligne 198
DEBUG - 2026-09-07 07:53:19 --> Footer[0] ligne 198 : Bon à savoir / Good to know
DEBUG - 2026-09-07 07:53:19 --> Footer[1] ligne 199 (fond vert)
DEBUG - 2026-09-07 07:53:19 --> Footer[2] ligne 200 (italic bleu)
DEBUG - 2026-09-07 07:53:19 --> Footer[3] ENERGIZING à M201:O201
DEBUG - 2026-09-07 07:53:19 --> Footer[4] Pagination ligne 202 | Page 4/34
DEBUG - 2026-09-07 07:53:19 --> Signature bloc de M195 à O200
DEBUG - 2026-09-07 07:53:19 --> Ajout saut de page après ligne 203
DEBUG - 2026-09-07 07:53:19 --> Insertion données page 5 et ligne 217
DEBUG - 2026-09-07 07:53:19 --> Totaux page 5 => HT: 356810 | TVA: 57641 | TTC: 414451
DEBUG - 2026-09-07 07:53:19 --> Insertion footer à partir de ligne 249
DEBUG - 2026-09-07 07:53:19 --> Footer[0] ligne 249 : Bon à savoir / Good to know
DEBUG - 2026-09-07 07:53:19 --> Footer[1] ligne 250 (fond vert)
DEBUG - 2026-09-07 07:53:19 --> Footer[2] ligne 251 (italic bleu)
DEBUG - 2026-09-07 07:53:19 --> Footer[3] ENERGIZING à M252:O252
DEBUG - 2026-09-07 07:53:19 --> Footer[4] Pagination ligne 253 | Page 5/34
DEBUG - 2026-09-07 07:53:19 --> Signature bloc de M246 à O251
DEBUG - 2026-09-07 07:53:19 --> Ajout saut de page après ligne 254
DEBUG - 2026-09-07 07:53:19 --> Insertion données page 6 et ligne 268
DEBUG - 2026-09-07 07:53:19 --> Totaux page 6 => HT: 304931 | TVA: 43815 | TTC: 348746
DEBUG - 2026-09-07 07:53:19 --> Insertion footer à partir de ligne 300
DEBUG - 2026-09-07 07:53:19 --> Footer[0] ligne 300 : Bon à savoir / Good to know
DEBUG - 2026-09-07 07:53:19 --> Footer[1] ligne 301 (fond vert)
DEBUG - 2026-09-07 07:53:19 --> Footer[2] ligne 302 (italic bleu)
DEBUG - 2026-09-07 07:53:19 --> Footer[3] ENERGIZING à M303:O303
DEBUG - 2026-09-07 07:53:19 --> Footer[4] Pagination ligne 304 | Page 6/34
DEBUG - 2026-09-07 07:53:19 --> Signature bloc de M297 à O302
DEBUG - 2026-09-07 07:53:19 --> Ajout saut de page après ligne 305
DEBUG - 2026-09-07 07:53:19 --> Insertion données page 7 et ligne 319
DEBUG - 2026-09-07 07:53:19 --> Totaux page 7 => HT: 242383 | TVA: 33429 | TTC: 275812
DEBUG - 2026-09-07 07:53:19 --> Insertion footer à partir de ligne 351
DEBUG - 2026-09-07 07:53:19 --> Footer[0] ligne 351 : Bon à savoir / Good to know
DEBUG - 2026-09-07 07:53:19 --> Footer[1] ligne 352 (fond vert)
DEBUG - 2026-09-07 07:53:19 --> Footer[2] ligne 353 (italic bleu)
DEBUG - 2026-09-07 07:53:19 --> Footer[3] ENERGIZING à M354:O354
DEBUG - 2026-09-07 07:53:19 --> Footer[4] Pagination ligne 355 | Page 7/34
DEBUG - 2026-09-07 07:53:19 --> Signature bloc de M348 à O353
DEBUG - 2026-09-07 07:53:19 --> Ajout saut de page après ligne 356
DEBUG - 2026-09-07 07:53:19 --> Insertion données page 8 et ligne 370
DEBUG - 2026-09-07 07:53:19 --> Totaux page 8 => HT: 240457 | TVA: 37417 | TTC: 277874
DEBUG - 2026-09-07 07:53:19 --> Insertion footer à partir de ligne 402
DEBUG - 2026-09-07 07:53:19 --> Footer[0] ligne 402 : Bon à savoir / Good to know
DEBUG - 2026-09-07 07:53:19 --> Footer[1] ligne 403 (fond vert)
DEBUG - 2026-09-07 07:53:19 --> Footer[2] ligne 404 (italic bleu)
DEBUG - 2026-09-07 07:53:19 --> Footer[3] ENERGIZING à M405:O405
DEBUG - 2026-09-07 07:53:19 --> Footer[4] Pagination ligne 406 | Page 8/34
DEBUG - 2026-09-07 07:53:19 --> Signature bloc de M399 à O404
DEBUG - 2026-09-07 07:53:19 --> Ajout saut de page après ligne 407
DEBUG - 2026-09-07 07:53:19 --> Insertion données page 9 et ligne 421
DEBUG - 2026-09-07 07:53:19 --> Totaux page 9 => HT: 386484 | TVA: 65338 | TTC: 451822
DEBUG - 2026-09-07 07:53:19 --> Insertion footer à partir de ligne 453
DEBUG - 2026-09-07 07:53:19 --> Footer[0] ligne 453 : Bon à savoir / Good to know
DEBUG - 2026-09-07 07:53:19 --> Footer[1] ligne 454 (fond vert)
DEBUG - 2026-09-07 07:53:19 --> Footer[2] ligne 455 (italic bleu)
DEBUG - 2026-09-07 07:53:19 --> Footer[3] ENERGIZING à M456:O456
DEBUG - 2026-09-07 07:53:19 --> Footer[4] Pagination ligne 457 | Page 9/34
DEBUG - 2026-09-07 07:53:19 --> Signature bloc de M450 à O455
DEBUG - 2026-09-07 07:53:19 --> Ajout saut de page après ligne 458
DEBUG - 2026-09-07 07:53:19 --> Insertion données page 10 et ligne 472
DEBUG - 2026-09-07 07:53:19 --> Totaux page 10 => HT: 638530 | TVA: 113758 | TTC: 752288
DEBUG - 2026-09-07 07:53:19 --> Insertion footer à partir de ligne 504
DEBUG - 2026-09-07 07:53:19 --> Footer[0] ligne 504 : Bon à savoir / Good to know
DEBUG - 2026-09-07 07:53:19 --> Footer[1] ligne 505 (fond vert)
DEBUG - 2026-09-07 07:53:19 --> Footer[2] ligne 506 (italic bleu)
DEBUG - 2026-09-07 07:53:19 --> Footer[3] ENERGIZING à M507:O507
DEBUG - 2026-09-07 07:53:19 --> Footer[4] Pagination ligne 508 | Page 10/34
DEBUG - 2026-09-07 07:53:19 --> Signature bloc de M501 à O506
DEBUG - 2026-09-07 07:53:19 --> Ajout saut de page après ligne 509
DEBUG - 2026-09-07 07:53:19 --> Insertion données page 11 et ligne 523
DEBUG - 2026-09-07 07:53:19 --> Totaux page 11 => HT: 352060 | TVA: 51272 | TTC: 403332
DEBUG - 2026-09-07 07:53:19 --> Insertion footer à partir de ligne 555
DEBUG - 2026-09-07 07:53:19 --> Footer[0] ligne 555 : Bon à savoir / Good to know
DEBUG - 2026-09-07 07:53:19 --> Footer[1] ligne 556 (fond vert)
DEBUG - 2026-09-07 07:53:19 --> Footer[2] ligne 557 (italic bleu)
DEBUG - 2026-09-07 07:53:19 --> Footer[3] ENERGIZING à M558:O558
DEBUG - 2026-09-07 07:53:19 --> Footer[4] Pagination ligne 559 | Page 11/34
DEBUG - 2026-09-07 07:53:19 --> Signature bloc de M552 à O557
DEBUG - 2026-09-07 07:53:19 --> Ajout saut de page après ligne 560
DEBUG - 2026-09-07 07:53:19 --> Insertion données page 12 et ligne 574
DEBUG - 2026-09-07 07:53:19 --> Totaux page 12 => HT: 342937 | TVA: 63329 | TTC: 406266
DEBUG - 2026-09-07 07:53:19 --> Insertion footer à partir de ligne 606
DEBUG - 2026-09-07 07:53:19 --> Footer[0] ligne 606 : Bon à savoir / Good to know
DEBUG - 2026-09-07 07:53:19 --> Footer[1] ligne 607 (fond vert)
DEBUG - 2026-09-07 07:53:19 --> Footer[2] ligne 608 (italic bleu)
DEBUG - 2026-09-07 07:53:19 --> Footer[3] ENERGIZING à M609:O609
DEBUG - 2026-09-07 07:53:19 --> Footer[4] Pagination ligne 610 | Page 12/34
DEBUG - 2026-09-07 07:53:19 --> Signature bloc de M603 à O608
DEBUG - 2026-09-07 07:53:19 --> Ajout saut de page après ligne 611
DEBUG - 2026-09-07 07:53:19 --> Insertion données page 13 et ligne 625
DEBUG - 2026-09-07 07:53:19 --> Totaux page 13 => HT: 371219 | TVA: 57679 | TTC: 428898
DEBUG - 2026-09-07 07:53:19 --> Insertion footer à partir de ligne 657
DEBUG - 2026-09-07 07:53:19 --> Footer[0] ligne 657 : Bon à savoir / Good to know
DEBUG - 2026-09-07 07:53:19 --> Footer[1] ligne 658 (fond vert)
DEBUG - 2026-09-07 07:53:19 --> Footer[2] ligne 659 (italic bleu)
DEBUG - 2026-09-07 07:53:19 --> Footer[3] ENERGIZING à M660:O660
DEBUG - 2026-09-07 07:53:19 --> Footer[4] Pagination ligne 661 | Page 13/34
DEBUG - 2026-09-07 07:53:19 --> Signature bloc de M654 à O659
DEBUG - 2026-09-07 07:53:19 --> Ajout saut de page après ligne 662
DEBUG - 2026-09-07 07:53:19 --> Insertion données page 14 et ligne 676
DEBUG - 2026-09-07 07:53:19 --> Totaux page 14 => HT: 373279 | TVA: 54695 | TTC: 427974
DEBUG - 2026-09-07 07:53:19 --> Insertion footer à partir de ligne 708
DEBUG - 2026-09-07 07:53:19 --> Footer[0] ligne 708 : Bon à savoir / Good to know
DEBUG - 2026-09-07 07:53:19 --> Footer[1] ligne 709 (fond vert)
DEBUG - 2026-09-07 07:53:19 --> Footer[2] ligne 710 (italic bleu)
DEBUG - 2026-09-07 07:53:19 --> Footer[3] ENERGIZING à M711:O711
DEBUG - 2026-09-07 07:53:19 --> Footer[4] Pagination ligne 712 | Page 14/34
DEBUG - 2026-09-07 07:53:19 --> Signature bloc de M705 à O710
DEBUG - 2026-09-07 07:53:19 --> Ajout saut de page après ligne 713
DEBUG - 2026-09-07 07:53:19 --> Insertion données page 15 et ligne 727
DEBUG - 2026-09-07 07:53:19 --> Totaux page 15 => HT: 416803 | TVA: 67006 | TTC: 483809
DEBUG - 2026-09-07 07:53:19 --> Insertion footer à partir de ligne 759
DEBUG - 2026-09-07 07:53:19 --> Footer[0] ligne 759 : Bon à savoir / Good to know
DEBUG - 2026-09-07 07:53:19 --> Footer[1] ligne 760 (fond vert)
DEBUG - 2026-09-07 07:53:19 --> Footer[2] ligne 761 (italic bleu)
DEBUG - 2026-09-07 07:53:19 --> Footer[3] ENERGIZING à M762:O762
DEBUG - 2026-09-07 07:53:19 --> Footer[4] Pagination ligne 763 | Page 15/34
DEBUG - 2026-09-07 07:53:19 --> Signature bloc de M756 à O761
DEBUG - 2026-09-07 07:53:19 --> Ajout saut de page après ligne 764
DEBUG - 2026-09-07 07:53:19 --> Insertion données page 16 et ligne 778
DEBUG - 2026-09-07 07:53:19 --> Totaux page 16 => HT: 391566 | TVA: 60090 | TTC: 451656
DEBUG - 2026-09-07 07:53:19 --> Insertion footer à partir de ligne 810
DEBUG - 2026-09-07 07:53:19 --> Footer[0] ligne 810 : Bon à savoir / Good to know
DEBUG - 2026-09-07 07:53:19 --> Footer[1] ligne 811 (fond vert)
DEBUG - 2026-09-07 07:53:19 --> Footer[2] ligne 812 (italic bleu)
DEBUG - 2026-09-07 07:53:19 --> Footer[3] ENERGIZING à M813:O813
DEBUG - 2026-09-07 07:53:19 --> Footer[4] Pagination ligne 814 | Page 16/34
DEBUG - 2026-09-07 07:53:19 --> Signature bloc de M807 à O812
DEBUG - 2026-09-07 07:53:19 --> Ajout saut de page après ligne 815
DEBUG - 2026-09-07 07:53:20 --> Insertion données page 17 et ligne 829
DEBUG - 2026-09-07 07:53:20 --> Totaux page 17 => HT: 194967 | TVA: 21349 | TTC: 216316
DEBUG - 2026-09-07 07:53:20 --> Insertion footer à partir de ligne 861
DEBUG - 2026-09-07 07:53:20 --> Footer[0] ligne 861 : Bon à savoir / Good to know
DEBUG - 2026-09-07 07:53:20 --> Footer[1] ligne 862 (fond vert)
DEBUG - 2026-09-07 07:53:20 --> Footer[2] ligne 863 (italic bleu)
DEBUG - 2026-09-07 07:53:20 --> Footer[3] ENERGIZING à M864:O864
DEBUG - 2026-09-07 07:53:20 --> Footer[4] Pagination ligne 865 | Page 17/34
DEBUG - 2026-09-07 07:53:20 --> Signature bloc de M858 à O863
DEBUG - 2026-09-07 07:53:20 --> Ajout saut de page après ligne 866
DEBUG - 2026-09-07 07:53:20 --> Insertion données page 18 et ligne 880
DEBUG - 2026-09-07 07:53:20 --> Totaux page 18 => HT: 448827 | TVA: 76136 | TTC: 524963
DEBUG - 2026-09-07 07:53:20 --> Insertion footer à partir de ligne 912
DEBUG - 2026-09-07 07:53:20 --> Footer[0] ligne 912 : Bon à savoir / Good to know
DEBUG - 2026-09-07 07:53:20 --> Footer[1] ligne 913 (fond vert)
DEBUG - 2026-09-07 07:53:20 --> Footer[2] ligne 914 (italic bleu)
DEBUG - 2026-09-07 07:53:20 --> Footer[3] ENERGIZING à M915:O915
DEBUG - 2026-09-07 07:53:20 --> Footer[4] Pagination ligne 916 | Page 18/34
DEBUG - 2026-09-07 07:53:20 --> Signature bloc de M909 à O914
DEBUG - 2026-09-07 07:53:20 --> Ajout saut de page après ligne 917
DEBUG - 2026-09-07 07:53:20 --> Insertion données page 19 et ligne 931
DEBUG - 2026-09-07 07:53:20 --> Totaux page 19 => HT: 408033 | TVA: 69234 | TTC: 477267
DEBUG - 2026-09-07 07:53:20 --> Insertion footer à partir de ligne 963
DEBUG - 2026-09-07 07:53:20 --> Footer[0] ligne 963 : Bon à savoir / Good to know
DEBUG - 2026-09-07 07:53:20 --> Footer[1] ligne 964 (fond vert)
DEBUG - 2026-09-07 07:53:20 --> Footer[2] ligne 965 (italic bleu)
DEBUG - 2026-09-07 07:53:20 --> Footer[3] ENERGIZING à M966:O966
DEBUG - 2026-09-07 07:53:20 --> Footer[4] Pagination ligne 967 | Page 19/34
DEBUG - 2026-09-07 07:53:20 --> Signature bloc de M960 à O965
DEBUG - 2026-09-07 07:53:20 --> Ajout saut de page après ligne 968
DEBUG - 2026-09-07 07:53:20 --> Insertion données page 20 et ligne 982
DEBUG - 2026-09-07 07:53:20 --> Totaux page 20 => HT: 538900 | TVA: 92705 | TTC: 631605
DEBUG - 2026-09-07 07:53:20 --> Insertion footer à partir de ligne 1014
DEBUG - 2026-09-07 07:53:20 --> Footer[0] ligne 1014 : Bon à savoir / Good to know
DEBUG - 2026-09-07 07:53:20 --> Footer[1] ligne 1015 (fond vert)
DEBUG - 2026-09-07 07:53:20 --> Footer[2] ligne 1016 (italic bleu)
DEBUG - 2026-09-07 07:53:20 --> Footer[3] ENERGIZING à M1017:O1017
DEBUG - 2026-09-07 07:53:20 --> Footer[4] Pagination ligne 1018 | Page 20/34
DEBUG - 2026-09-07 07:53:20 --> Signature bloc de M1011 à O1016
DEBUG - 2026-09-07 07:53:20 --> Ajout saut de page après ligne 1019
DEBUG - 2026-09-07 07:53:20 --> Insertion données page 21 et ligne 1033
DEBUG - 2026-09-07 07:53:20 --> Totaux page 21 => HT: 431580 | TVA: 73384 | TTC: 504964
DEBUG - 2026-09-07 07:53:20 --> Insertion footer à partir de ligne 1065
DEBUG - 2026-09-07 07:53:20 --> Footer[0] ligne 1065 : Bon à savoir / Good to know
DEBUG - 2026-09-07 07:53:20 --> Footer[1] ligne 1066 (fond vert)
DEBUG - 2026-09-07 07:53:20 --> Footer[2] ligne 1067 (italic bleu)
DEBUG - 2026-09-07 07:53:20 --> Footer[3] ENERGIZING à M1068:O1068
DEBUG - 2026-09-07 07:53:20 --> Footer[4] Pagination ligne 1069 | Page 21/34
DEBUG - 2026-09-07 07:53:20 --> Signature bloc de M1062 à O1067
DEBUG - 2026-09-07 07:53:20 --> Ajout saut de page après ligne 1070
DEBUG - 2026-09-07 07:53:20 --> Insertion données page 22 et ligne 1084
DEBUG - 2026-09-07 07:53:20 --> Totaux page 22 => HT: 264322 | TVA: 41122 | TTC: 305444
DEBUG - 2026-09-07 07:53:20 --> Insertion footer à partir de ligne 1116
DEBUG - 2026-09-07 07:53:20 --> Footer[0] ligne 1116 : Bon à savoir / Good to know
DEBUG - 2026-09-07 07:53:20 --> Footer[1] ligne 1117 (fond vert)
DEBUG - 2026-09-07 07:53:20 --> Footer[2] ligne 1118 (italic bleu)
DEBUG - 2026-09-07 07:53:20 --> Footer[3] ENERGIZING à M1119:O1119
DEBUG - 2026-09-07 07:53:20 --> Footer[4] Pagination ligne 1120 | Page 22/34
DEBUG - 2026-09-07 07:53:20 --> Signature bloc de M1113 à O1118
DEBUG - 2026-09-07 07:53:20 --> Ajout saut de page après ligne 1121
DEBUG - 2026-09-07 07:53:20 --> Insertion données page 23 et ligne 1135
DEBUG - 2026-09-07 07:53:20 --> Totaux page 23 => HT: 250497 | TVA: 38235 | TTC: 288732
DEBUG - 2026-09-07 07:53:20 --> Insertion footer à partir de ligne 1167
DEBUG - 2026-09-07 07:53:20 --> Footer[0] ligne 1167 : Bon à savoir / Good to know
DEBUG - 2026-09-07 07:53:20 --> Footer[1] ligne 1168 (fond vert)
DEBUG - 2026-09-07 07:53:20 --> Footer[2] ligne 1169 (italic bleu)
DEBUG - 2026-09-07 07:53:20 --> Footer[3] ENERGIZING à M1170:O1170
DEBUG - 2026-09-07 07:53:20 --> Footer[4] Pagination ligne 1171 | Page 23/34
DEBUG - 2026-09-07 07:53:20 --> Signature bloc de M1164 à O1169
DEBUG - 2026-09-07 07:53:20 --> Ajout saut de page après ligne 1172
DEBUG - 2026-09-07 07:53:20 --> Insertion données page 24 et ligne 1186
DEBUG - 2026-09-07 07:53:20 --> Totaux page 24 => HT: 357607 | TVA: 51011 | TTC: 408618
DEBUG - 2026-09-07 07:53:20 --> Insertion footer à partir de ligne 1218
DEBUG - 2026-09-07 07:53:20 --> Footer[0] ligne 1218 : Bon à savoir / Good to know
DEBUG - 2026-09-07 07:53:20 --> Footer[1] ligne 1219 (fond vert)
DEBUG - 2026-09-07 07:53:20 --> Footer[2] ligne 1220 (italic bleu)
DEBUG - 2026-09-07 07:53:20 --> Footer[3] ENERGIZING à M1221:O1221
DEBUG - 2026-09-07 07:53:20 --> Footer[4] Pagination ligne 1222 | Page 24/34
DEBUG - 2026-09-07 07:53:20 --> Signature bloc de M1215 à O1220
DEBUG - 2026-09-07 07:53:20 --> Ajout saut de page après ligne 1223
DEBUG - 2026-09-07 07:53:20 --> Insertion données page 25 et ligne 1237
DEBUG - 2026-09-07 07:53:20 --> Totaux page 25 => HT: 287919 | TVA: 40264 | TTC: 328183
DEBUG - 2026-09-07 07:53:20 --> Insertion footer à partir de ligne 1269
DEBUG - 2026-09-07 07:53:20 --> Footer[0] ligne 1269 : Bon à savoir / Good to know
DEBUG - 2026-09-07 07:53:20 --> Footer[1] ligne 1270 (fond vert)
DEBUG - 2026-09-07 07:53:20 --> Footer[2] ligne 1271 (italic bleu)
DEBUG - 2026-09-07 07:53:20 --> Footer[3] ENERGIZING à M1272:O1272
DEBUG - 2026-09-07 07:53:20 --> Footer[4] Pagination ligne 1273 | Page 25/34
DEBUG - 2026-09-07 07:53:20 --> Signature bloc de M1266 à O1271
DEBUG - 2026-09-07 07:53:20 --> Ajout saut de page après ligne 1274
DEBUG - 2026-09-07 07:53:20 --> Insertion données page 26 et ligne 1288
DEBUG - 2026-09-07 07:53:20 --> Totaux page 26 => HT: 383635 | TVA: 58678 | TTC: 442313
DEBUG - 2026-09-07 07:53:20 --> Insertion footer à partir de ligne 1320
DEBUG - 2026-09-07 07:53:20 --> Footer[0] ligne 1320 : Bon à savoir / Good to know
DEBUG - 2026-09-07 07:53:20 --> Footer[1] ligne 1321 (fond vert)
DEBUG - 2026-09-07 07:53:20 --> Footer[2] ligne 1322 (italic bleu)
DEBUG - 2026-09-07 07:53:20 --> Footer[3] ENERGIZING à M1323:O1323
DEBUG - 2026-09-07 07:53:20 --> Footer[4] Pagination ligne 1324 | Page 26/34
DEBUG - 2026-09-07 07:53:20 --> Signature bloc de M1317 à O1322
DEBUG - 2026-09-07 07:53:20 --> Ajout saut de page après ligne 1325
DEBUG - 2026-09-07 07:53:20 --> Insertion données page 27 et ligne 1339
DEBUG - 2026-09-07 07:53:20 --> Totaux page 27 => HT: 180269 | TVA: 23887 | TTC: 204156
DEBUG - 2026-09-07 07:53:20 --> Insertion footer à partir de ligne 1371
DEBUG - 2026-09-07 07:53:20 --> Footer[0] ligne 1371 : Bon à savoir / Good to know
DEBUG - 2026-09-07 07:53:20 --> Footer[1] ligne 1372 (fond vert)
DEBUG - 2026-09-07 07:53:20 --> Footer[2] ligne 1373 (italic bleu)
DEBUG - 2026-09-07 07:53:20 --> Footer[3] ENERGIZING à M1374:O1374
DEBUG - 2026-09-07 07:53:20 --> Footer[4] Pagination ligne 1375 | Page 27/34
DEBUG - 2026-09-07 07:53:20 --> Signature bloc de M1368 à O1373
DEBUG - 2026-09-07 07:53:20 --> Ajout saut de page après ligne 1376
DEBUG - 2026-09-07 07:53:20 --> Insertion données page 28 et ligne 1390
DEBUG - 2026-09-07 07:53:20 --> Totaux page 28 => HT: 307170 | TVA: 50227 | TTC: 357397
DEBUG - 2026-09-07 07:53:20 --> Insertion footer à partir de ligne 1422
DEBUG - 2026-09-07 07:53:20 --> Footer[0] ligne 1422 : Bon à savoir / Good to know
DEBUG - 2026-09-07 07:53:20 --> Footer[1] ligne 1423 (fond vert)
DEBUG - 2026-09-07 07:53:20 --> Footer[2] ligne 1424 (italic bleu)
DEBUG - 2026-09-07 07:53:20 --> Footer[3] ENERGIZING à M1425:O1425
DEBUG - 2026-09-07 07:53:20 --> Footer[4] Pagination ligne 1426 | Page 28/34
DEBUG - 2026-09-07 07:53:20 --> Signature bloc de M1419 à O1424
DEBUG - 2026-09-07 07:53:20 --> Ajout saut de page après ligne 1427
DEBUG - 2026-09-07 07:53:20 --> Insertion données page 29 et ligne 1441
DEBUG - 2026-09-07 07:53:20 --> Totaux page 29 => HT: 193526 | TVA: 31948 | TTC: 225474
DEBUG - 2026-09-07 07:53:20 --> Insertion footer à partir de ligne 1473
DEBUG - 2026-09-07 07:53:20 --> Footer[0] ligne 1473 : Bon à savoir / Good to know
DEBUG - 2026-09-07 07:53:20 --> Footer[1] ligne 1474 (fond vert)
DEBUG - 2026-09-07 07:53:20 --> Footer[2] ligne 1475 (italic bleu)
DEBUG - 2026-09-07 07:53:20 --> Footer[3] ENERGIZING à M1476:O1476
DEBUG - 2026-09-07 07:53:20 --> Footer[4] Pagination ligne 1477 | Page 29/34
DEBUG - 2026-09-07 07:53:20 --> Signature bloc de M1470 à O1475
DEBUG - 2026-09-07 07:53:20 --> Ajout saut de page après ligne 1478
DEBUG - 2026-09-07 07:53:20 --> Insertion données page 30 et ligne 1492
DEBUG - 2026-09-07 07:53:20 --> Totaux page 30 => HT: 594912 | TVA: 99918 | TTC: 694830
DEBUG - 2026-09-07 07:53:20 --> Insertion footer à partir de ligne 1524
DEBUG - 2026-09-07 07:53:20 --> Footer[0] ligne 1524 : Bon à savoir / Good to know
DEBUG - 2026-09-07 07:53:20 --> Footer[1] ligne 1525 (fond vert)
DEBUG - 2026-09-07 07:53:20 --> Footer[2] ligne 1526 (italic bleu)
DEBUG - 2026-09-07 07:53:20 --> Footer[3] ENERGIZING à M1527:O1527
DEBUG - 2026-09-07 07:53:20 --> Footer[4] Pagination ligne 1528 | Page 30/34
DEBUG - 2026-09-07 07:53:20 --> Signature bloc de M1521 à O1526
DEBUG - 2026-09-07 07:53:20 --> Ajout saut de page après ligne 1529
DEBUG - 2026-09-07 07:53:20 --> Insertion données page 31 et ligne 1543
DEBUG - 2026-09-07 07:53:20 --> Totaux page 31 => HT: 281396 | TVA: 41751 | TTC: 323147
DEBUG - 2026-09-07 07:53:20 --> Insertion footer à partir de ligne 1575
DEBUG - 2026-09-07 07:53:20 --> Footer[0] ligne 1575 : Bon à savoir / Good to know
DEBUG - 2026-09-07 07:53:20 --> Footer[1] ligne 1576 (fond vert)
DEBUG - 2026-09-07 07:53:20 --> Footer[2] ligne 1577 (italic bleu)
DEBUG - 2026-09-07 07:53:20 --> Footer[3] ENERGIZING à M1578:O1578
DEBUG - 2026-09-07 07:53:20 --> Footer[4] Pagination ligne 1579 | Page 31/34
DEBUG - 2026-09-07 07:53:20 --> Signature bloc de M1572 à O1577
DEBUG - 2026-09-07 07:53:20 --> Ajout saut de page après ligne 1580
DEBUG - 2026-09-07 07:53:20 --> Insertion données page 32 et ligne 1594
DEBUG - 2026-09-07 07:53:20 --> Totaux page 32 => HT: 504007 | TVA: 89963 | TTC: 593970
DEBUG - 2026-09-07 07:53:20 --> Insertion footer à partir de ligne 1626
DEBUG - 2026-09-07 07:53:20 --> Footer[0] ligne 1626 : Bon à savoir / Good to know
DEBUG - 2026-09-07 07:53:20 --> Footer[1] ligne 1627 (fond vert)
DEBUG - 2026-09-07 07:53:20 --> Footer[2] ligne 1628 (italic bleu)
DEBUG - 2026-09-07 07:53:20 --> Footer[3] ENERGIZING à M1629:O1629
DEBUG - 2026-09-07 07:53:20 --> Footer[4] Pagination ligne 1630 | Page 32/34
DEBUG - 2026-09-07 07:53:20 --> Signature bloc de M1623 à O1628
DEBUG - 2026-09-07 07:53:20 --> Ajout saut de page après ligne 1631
DEBUG - 2026-09-07 07:53:20 --> Insertion données page 33 et ligne 1645
DEBUG - 2026-09-07 07:53:20 --> Totaux page 33 => HT: 190036 | TVA: 28359 | TTC: 218395
DEBUG - 2026-09-07 07:53:20 --> Insertion footer à partir de ligne 1677
DEBUG - 2026-09-07 07:53:20 --> Footer[0] ligne 1677 : Bon à savoir / Good to know
DEBUG - 2026-09-07 07:53:20 --> Footer[1] ligne 1678 (fond vert)
DEBUG - 2026-09-07 07:53:20 --> Footer[2] ligne 1679 (italic bleu)
DEBUG - 2026-09-07 07:53:20 --> Footer[3] ENERGIZING à M1680:O1680
DEBUG - 2026-09-07 07:53:20 --> Footer[4] Pagination ligne 1681 | Page 33/34
DEBUG - 2026-09-07 07:53:20 --> Signature bloc de M1674 à O1679
DEBUG - 2026-09-07 07:53:20 --> Ajout saut de page après ligne 1682
DEBUG - 2026-09-07 07:53:20 --> Insertion données page 34 et ligne 1696
DEBUG - 2026-09-07 07:53:20 --> Totaux page 34 => HT: 123594 | TVA: 18462 | TTC: 142056
DEBUG - 2026-09-07 07:53:20 --> ==============================
DEBUG - 2026-09-07 07:53:20 --> TOTAL GLOBAL
DEBUG - 2026-09-07 07:53:20 --> HT  = 12791046
DEBUG - 2026-09-07 07:53:20 --> TVA = 2082841
DEBUG - 2026-09-07 07:53:20 --> TTC = 14873887
DEBUG - 2026-09-07 07:53:20 --> DUE = 12914244
DEBUG - 2026-09-07 07:53:20 --> ==============================
DEBUG - 2026-09-07 07:53:20 --> Insertion footer à partir de ligne 1715
DEBUG - 2026-09-07 07:53:20 --> Footer[0] ligne 1715 : Bon à savoir / Good to know
DEBUG - 2026-09-07 07:53:20 --> Footer[1] ligne 1716 (fond vert)
DEBUG - 2026-09-07 07:53:20 --> Footer[2] ligne 1717 (italic bleu)
DEBUG - 2026-09-07 07:53:20 --> Footer[3] ENERGIZING à M1718:O1718
DEBUG - 2026-09-07 07:53:20 --> Footer[4] Pagination ligne 1719 | Page 34/34
DEBUG - 2026-09-07 07:53:20 --> Signature bloc de M1712 à O1717
DEBUG - 2026-09-07 07:53:20 --> Fichier généré pour Mémoire : /var/www/MyMemo/writable/exports/Memoire_agents_cde_camwater_20260907_075319.xlsx
DEBUG - 2026-09-07 07:54:42 --> Session: Class initialized using 'CodeIgniter\Session\Handlers\FileHandler' driver.
INFO - 2026-09-07 07:54:42 --> CSRF token verified.
DEBUG - 2026-09-07 07:54:42 --> MemoryController initialisé avec les types : agents_cde_camwater_contrat, bureaux_cde_camwater_contrat, agents_globeleq_contrat, bureaux_globeleq_contrat, grands_comptes_contrat, regions_contrat, agents_cde_camwater_facture, bureaux_cde_camwater_facture, agents_globeleq_facture, bureaux_globeleq_facture, grands_comptes_facture, regions_facture, postpaid_particulier_contrat, postpaid_particulier_facture, etat_bt_contrat, etat_bt_facture, etat_mt_contrat, etat_mt_facture, prepaid_contrat, prepaid_recu
DEBUG - 2026-09-07 07:54:42 --> Contexte en cours = postpaid_general, Type référentiel = agents_cde_camwater_contrat
INFO - 2026-09-07 07:54:42 --> Table à tronquer : CMSREPORT.TMP_REF_ETAT_WITH_CONTRAT
INFO - 2026-09-07 07:54:42 --> Table à tronquer : CMSREPORT.TB_FACTURES_MEMOIRES
INFO - 2026-09-07 07:54:42 --> Table à tronquer : CMSREPORT.TB_FACTURES_MEMOIRES_INFOS
INFO - 2026-09-07 07:54:42 --> === START TRUNCATE truncate_6a9e6dc2e7f0f5.37848329 ===
DEBUG - 2026-09-07 07:54:42 --> {"trace_id":"truncate_6a9e6dc2e7f0f5.37848329","step":"input_received","type":"agents_cde_camwater_contrat"}
DEBUG - 2026-09-07 07:54:42 --> {"trace_id":"truncate_6a9e6dc2e7f0f5.37848329","step":"config_loaded","available_types":["agents_cde_camwater_contrat","bureaux_cde_camwater_contrat","agents_globeleq_contrat","bureaux_globeleq_contrat","grands_comptes_contrat","regions_contrat","agents_cde_camwater_facture","bureaux_cde_camwater_facture","agents_globeleq_facture","bureaux_globeleq_facture","grands_comptes_facture","regions_facture","postpaid_particulier_contrat","postpaid_particulier_facture","etat_bt_contrat","etat_bt_facture","etat_mt_contrat","etat_mt_facture","prepaid_contrat","prepaid_recu"]}
DEBUG - 2026-09-07 07:54:42 --> {"trace_id":"truncate_6a9e6dc2e7f0f5.37848329","step":"truncate_tables_loaded","type":"agents_cde_camwater_contrat","tables":["CMSREPORT.TMP_REF_ETAT_WITH_CONTRAT","CMSREPORT.TB_FACTURES_MEMOIRES","CMSREPORT.TB_FACTURES_MEMOIRES_INFOS"]}
INFO - 2026-09-07 07:54:42 --> {"trace_id":"truncate_6a9e6dc2e7f0f5.37848329","step":"truncate_start","index":1,"table":"CMSREPORT.TMP_REF_ETAT_WITH_CONTRAT"}
DEBUG - 2026-09-07 07:54:42 --> {"trace_id":"truncate_6a9e6dc2e7f0f5.37848329","step":"truncate_result","table":"CMSREPORT.TMP_REF_ETAT_WITH_CONTRAT","success":true,"time_ms":42.8}
INFO - 2026-09-07 07:54:42 --> {"trace_id":"truncate_6a9e6dc2e7f0f5.37848329","step":"truncate_start","index":2,"table":"CMSREPORT.TB_FACTURES_MEMOIRES"}
DEBUG - 2026-09-07 07:54:43 --> {"trace_id":"truncate_6a9e6dc2e7f0f5.37848329","step":"truncate_result","table":"CMSREPORT.TB_FACTURES_MEMOIRES","success":true,"time_ms":34.9}
INFO - 2026-09-07 07:54:43 --> {"trace_id":"truncate_6a9e6dc2e7f0f5.37848329","step":"truncate_start","index":3,"table":"CMSREPORT.TB_FACTURES_MEMOIRES_INFOS"}
DEBUG - 2026-09-07 07:54:43 --> {"trace_id":"truncate_6a9e6dc2e7f0f5.37848329","step":"truncate_result","table":"CMSREPORT.TB_FACTURES_MEMOIRES_INFOS","success":true,"time_ms":35.7}
INFO - 2026-09-07 07:54:43 --> {"trace_id":"truncate_6a9e6dc2e7f0f5.37848329","step":"truncate_finished","type":"agents_cde_camwater_contrat","success":true,"duration_ms":114.2}
INFO - 2026-09-07 07:54:43 --> === END TRUNCATE truncate_6a9e6dc2e7f0f5.37848329 ===
INFO - 2026-09-07 07:54:43 --> Import Excel démarré : type=agents_cde_camwater_contrat, fichier=php2HxGZM
INFO - 2026-09-07 07:54:43 --> Import Excel terminé (type=agents_cde_camwater_contrat, table=CMSREPORT.TMP_REF_ETAT_WITH_CONTRAT) en 0.18s : 1090 ligne(s) importée(s), 0 rejetée(s), 0 doublon(s) ignoré(s).
DEBUG - 2026-09-07 07:54:43 --> Import terminé : {"context":"postpaid_general","type":"agents_cde_camwater_contrat","regroupName":"agents_cde_camwater","year":"2026","cycle":"8","documentTypes":["donnees_memoires"],"dateDebut":"05\/08\/2026","dateFin":"04\/09\/2026","file":{},"importStats":{"inserted":1090,"skipped":0,"duplicates":0,"message":"1090 ligne(s) import\u00e9e(s), 0 rejet\u00e9e(s), 0 doublon(s) ignor\u00e9(s)."}}
DEBUG - 2026-09-07 07:54:43 --> Démarrage du processus mémoire avec les paramètres : {"year":"2026","cycle":"8","regroup":"agents_cde_camwater","DEBUT":"05\/08\/2026","FIN":"04\/09\/2026"}
DEBUG - 2026-09-07 07:54:43 --> Lancement MemorySQLFactory pour type=agents_cde_camwater_contrat avec section=loading et params={"year":"2026","cycle":"8","regroup":"agents_cde_camwater","DEBUT":"05\/08\/2026","FIN":"04\/09\/2026"}
DEBUG - 2026-09-07 07:54:43 --> Configuration pour le type 'agents_cde_camwater_contrat': {"model":"App\\Models\\SQL\\LoadingQueriesForMemoryPostpaidModel","loading":["LOADING_TB_FACTURES_MEMOIRES_ONLY_WITH_CONTRAT_GENERAL","LOADING_TB_FACTURES_MEMOIRES_INFOS_ONLY_WITH_CONTRAT_GENERAL"],"generation":["AGENTS_CDE_CAMWATER","generateMemoire"]}
DEBUG - 2026-09-07 07:54:43 --> Modèle utilisé : App\Models\SQL\LoadingQueriesForMemoryPostpaidModel
INFO - 2026-09-07 07:54:43 --> Type général : contrat
INFO - 2026-09-07 07:54:43 --> Type émission : emission
INFO - 2026-09-07 07:54:43 --> Date début: 05/08/2026, Date fin: 04/09/2026
DEBUG - 2026-09-07 07:54:43 --> Requête #0 exécutée avec succès : 
                INSERT /*+ APPEND PARALLEL(t) */ INTO cmsreport.tb_factures_memoires t (
                    SELECT /*+ PARALLEL(8) */ DISTINCT
                        'CENTRALIZED LV' AS region,
                        s.nom_area AS cms_region,
                        s.nom_unicom,
                        :year: AS calendar_year,
                        :cycle: AS reading_cycle,
                        t.tutelle as regroup_id,
                        t.tutelle as regroup_name,
                        r.nis_rad,
                        NVL(TRIM(s.ape1_cli), TRIM(s.cust_name)) AS cust_name,
                        s.pk_cust_id,
                        s.meter_no,
                        DECODE(s.tip_fase, 'FA001', 2, 4) AS number_wires,
                        s.pot_max_admis,
                        sum(case when not regexp_like(codigo(i.co_concepto), 'FIXED PREMIUM CHARGE|COMPENSATION|OVERLOAD CHARGE') then i.csmo_fact else 0 end) over(partition by r.num_rec) csmo_total_fact,
                        r.num_rec,
                        r.f_fact,
                        r.f_prev_puesta,
                        r.imp_tot_rec,
                        r.imp_tot_rec - r.imp_cta AS due_amount,
                        r.est_act,
                        s.tip_contr,
                        r.ind_conversion,
                        r.cod_cta_pago,
                        r.num_rec_anul,
                        s.cod_cnae,
                        s.co_an_vip,
                        sum (case when i.co_concepto not like 'CT%' then i.imp_concepto else 0 end) over(partition by r.num_rec,t.tutelle) amount_without_vat,
                        trunc ((sum (case when i.co_concepto not like 'CT%' then -i.imp_concepto else 0 end) over(partition by r.num_rec,t.tutelle)) + r.imp_tot_rec) amount_vat,
                        sum (case when i.co_concepto in ('CC119', 'CC118') then i.imp_concepto else 0 end) over(partition by r.num_rec,t.tutelle) govern_cont_without_vat,
                        sum (case when i.co_concepto = 'CT841' then i.imp_concepto else 0 end) over(partition by r.num_rec,t.tutelle) govern_vat,
                        sum (case when i.co_concepto = 'CC101' then i.imp_concepto else 0 end) over(partition by r.num_rec,t.tutelle) meter_rent
                    FROM cmsreport.tmp_ref_etat_with_contrat t
                    JOIN cmsadmin.recibos r ON t.contrat = r.nis_rad
                    JOIN cmsreport.tb_customers_infos s ON r.nis_rad = s.nis_rad
                    LEFT JOIN cmsadmin.imp_concepto i ON r.num_rec = i.num_rec
                    WHERE r.tip_rec = 'TR010'
                        AND r.est_act NOT IN ('ER010', 'ER015', 'ER018', 'ER915', 'ER600')
                        AND r.f_prev_puesta BETWEEN TO_DATE(:dateDebut:, 'YYYY-MM-DD') AND TO_DATE(:dateFin:, 'YYYY-MM-DD')
                )
            
DEBUG - 2026-09-07 07:54:44 --> Requête #1 exécutée avec succès : 
                INSERT /*+ append parallel(t) */ INTO cmsreport.tb_factures_memoires_infos t (
                    select /*+  parallel(12) */ distinct
                        t.contrat AS nis_rad,
                        r.num_rec,
                        nvl2(trim(b.prev_reading), b.prev_reading, nvl((max (ap.lect) keep(dense_rank last order by ap.f_lect, ap.f_actual) over(partition by r.num_rec)), 0)) prev_actual_read,
                        nvl2(trim(b.curr_reading), b.curr_reading, nvl((max (ac.lect) keep(dense_rank last order by ac.f_lect, ac.f_actual) over(partition by r.num_rec)), 0)) hht_current_index,
                        nvl((max (ac.cte_apa) keep(dense_rank last order by ac.f_lect, ac.f_actual) over(partition by r.num_rec)), 1) coeff
                        from cmsreport.tmp_ref_etat_with_contrat t
                        join cmsadmin.recibos r on t.contrat = r.nis_rad
                        left join cmsadmin.bill_extraction_list b on r.num_rec = b.num_rec
                        left join cmsadmin.rel_rec_csmo rc on r.num_rec = rc.num_rec
                        left join cmsadmin.apmedida_co ap on rc.id_apco_ant = ap.id_reg
                        left join cmsadmin.apmedida_co ac on rc.id_apco_act = ac.id_reg
                        where r.tip_rec = 'TR010' and r.est_act not in ('ER010', 'ER015', 'ER018', 'ER915', 'ER600') and r.imp_tot_rec - r.imp_cta > 0 
                        and r.f_prev_puesta <= sysdate
                )
            
DEBUG - 2026-09-07 07:54:44 --> MemorySQLFactory terminé pour type=agents_cde_camwater_contrat, section=loading : 2/2 réussies, 0 échouées
DEBUG - 2026-09-07 07:54:44 --> Configuration pour le type 'agents_cde_camwater_contrat': {"model":"App\\Models\\SQL\\LoadingQueriesForMemoryPostpaidModel","loading":["LOADING_TB_FACTURES_MEMOIRES_ONLY_WITH_CONTRAT_GENERAL","LOADING_TB_FACTURES_MEMOIRES_INFOS_ONLY_WITH_CONTRAT_GENERAL"],"generation":["AGENTS_CDE_CAMWATER","generateMemoire"]}
DEBUG - 2026-09-07 07:54:44 --> Modèle utilisé : App\Models\SQL\LoadingQueriesForMemoryPostpaidModel
DEBUG - 2026-09-07 07:54:44 --> Répertoire d'exportation vérifié : /var/www/MyMemo/writable/exports/
DEBUG - 2026-09-07 07:54:44 --> DonneesMemoire SQL length: 2089
ERROR - 2026-09-07 07:54:44 --> ErrorException: oci_execute(): ORA-00904: &quot;T&quot;.&quot;TYPE_CLIENT&quot; : identificateur non valide
Help: https://docs.oracle.com/error-help/db/ora-00904/ in /var/www/MyMemo/system/Database/OCI8/Connection.php:225
Stack trace:
#0 [internal function]: CodeIgniter\Debug\Exceptions->errorHandler()
#1 /var/www/MyMemo/system/Database/OCI8/Connection.php(225): oci_execute()
#2 /var/www/MyMemo/system/Database/BaseConnection.php(729): CodeIgniter\Database\OCI8\Connection->execute()
#3 /var/www/MyMemo/system/Database/BaseConnection.php(646): CodeIgniter\Database\BaseConnection->simpleQuery()
#4 /var/www/MyMemo/app/Services/OracleService.php(73): CodeIgniter\Database\BaseConnection->query()
#5 /var/www/MyMemo/app/Services/OracleService.php(336): App\Services\OracleService->executeSql()
#6 /var/www/MyMemo/app/Controllers/MemoryController.php(270): App\Services\OracleService->fetchAll()
#7 /var/www/MyMemo/system/CodeIgniter.php(933): App\Controllers\MemoryController->importAndExport()
#8 /var/www/MyMemo/system/CodeIgniter.php(507): CodeIgniter\CodeIgniter->runController()
#9 /var/www/MyMemo/system/CodeIgniter.php(354): CodeIgniter\CodeIgniter->handleRequest()
#10 /var/www/MyMemo/system/Boot.php(363): CodeIgniter\CodeIgniter->run()
#11 /var/www/MyMemo/system/Boot.php(68): CodeIgniter\Boot::runCodeIgniter()
#12 /var/www/MyMemo/public/index.php(58): CodeIgniter\Boot::bootWeb()
#13 {main}
ERROR - 2026-09-07 07:54:44 --> Oracle SQL error: {"code":904,"message":"ORA-00904: \"T\".\"TYPE_CLIENT\" : identificateur non valide\nHelp: https:\/\/docs.oracle.com\/error-help\/db\/ora-00904\/","offset":620,"sqltext":"\n            select \/*+  parallel(8) *\/ distinct\n                t.type_client region,\n                r.nom_unicom agency,\n                r.calendar_year,\n                r.reading_cycle,\n                t.tutelle regroup_code,\n                t.tutelle regroup_name,\n                r.nis_rad contrat,\n                r.cust_name customer_name,\n                r.pk_cust_id old_account_no,\n                r.meter_no,\n                r.number_wires,\n                r.pot_max_admis subscription_load,\n\n                max(trunc (r.csmo_total_fact)) keep(dense_rank last order by r.f_fact) over(partition by r.num_rec,t.type_client) consumption_billed,\n\n                r.num_rec bill_no,\n                to_char(r.f_fact,'dd\/mm\/yyyy') billing_date,\n                to_char(r.f_prev_puesta,'dd\/mm\/yyyy') dispatch_date,\n                trunc (r.imp_tot_rec) amount_with_tax,\n                r.due_amount,\n                estado(r.est_act) bill_status,\n                substr (tipo(r.tip_contr), 1, 2) cat_cli,\n\n                r.amount_without_vat,\n                r.amount_vat,\n                r.govern_cont_without_vat,\n                r.govern_vat,\n                r.meter_rent,\n\n                c.prev_actual_read,\n                c.hht_current_index,\n                c.coeff,\n                r.cod_cta_pago\n            from (select \/*+ parallel(2) *\/ * from cmsreport.tmp_ref_etat_with_contrat where regexp_like(tutelle || ' ' || tutelle,'CDE|CAMWATER') and regexp_like(tutelle || tutelle,'AGENT')) t\n                join cmsreport.tb_factures_memoires r on t.contrat = r.nis_rad\n                join cmsreport.tb_factures_memoires a on t.contrat = a.nis_rad and r.num_rec_anul = a.num_rec_anul and a.est_act != 'ER018' and a.cod_cta_pago not in (2000000,2000001)\n                left join cmsreport.tb_factures_memoires_infos c on a.num_rec = c.num_rec\n            where r.est_act not in ('ER010', 'ER015', 'ER018', 'ER915', 'ER600')\n                and r.cod_cta_pago in (2000001, 2000000)\n                and r.ind_conversion <> 1\n            order by 1, 2, 7\n                    "}
ERROR - 2026-09-07 07:54:44 --> fetchAll: échec exécution SQL
DEBUG - 2026-09-07 07:54:44 --> DonneesMemoire result count: 0
DEBUG - 2026-09-07 07:54:44 --> DonneesMemoire first row keys: 
ERROR - 2026-09-07 07:54:44 --> Aucune donnée récupérée pour DonneesMemoire.
ERROR - 2026-09-07 07:54:44 --> MEMORY_GENERATION_FAILED : ORA-904 ORA-00904: "T"."TYPE_CLIENT" : identificateur non valide
Help: https://docs.oracle.com/error-help/db/ora-00904/
ERROR - 2026-09-07 07:54:44 --> Trace de l'exception : #0 /var/www/MyMemo/system/CodeIgniter.php(933): App\Controllers\MemoryController->importAndExport()
#1 /var/www/MyMemo/system/CodeIgniter.php(507): CodeIgniter\CodeIgniter->runController()
#2 /var/www/MyMemo/system/CodeIgniter.php(354): CodeIgniter\CodeIgniter->handleRequest()
#3 /var/www/MyMemo/system/Boot.php(363): CodeIgniter\CodeIgniter->run()
#4 /var/www/MyMemo/system/Boot.php(68): CodeIgniter\Boot::runCodeIgniter()
#5 /var/www/MyMemo/public/index.php(58): CodeIgniter\Boot::bootWeb()
#6 {main}
DEBUG - 2026-09-07 07:54:44 --> Session: Class initialized using 'CodeIgniter\Session\Handlers\FileHandler' driver.
DEBUG - 2026-09-07 07:59:36 --> Session: Class initialized using 'CodeIgniter\Session\Handlers\FileHandler' driver.
INFO - 2026-09-07 07:59:36 --> CSRF token verified.
DEBUG - 2026-09-07 07:59:36 --> MemoryController initialisé avec les types : agents_cde_camwater_contrat, bureaux_cde_camwater_contrat, agents_globeleq_contrat, bureaux_globeleq_contrat, grands_comptes_contrat, regions_contrat, agents_cde_camwater_facture, bureaux_cde_camwater_facture, agents_globeleq_facture, bureaux_globeleq_facture, grands_comptes_facture, regions_facture, postpaid_particulier_contrat, postpaid_particulier_facture, etat_bt_contrat, etat_bt_facture, etat_mt_contrat, etat_mt_facture, prepaid_contrat, prepaid_recu
DEBUG - 2026-09-07 07:59:36 --> Contexte en cours = postpaid_general, Type référentiel = bureaux_cde_camwater_contrat
INFO - 2026-09-07 07:59:36 --> Table à tronquer : CMSREPORT.TMP_REF_ETAT_WITH_CONTRAT
INFO - 2026-09-07 07:59:36 --> Table à tronquer : CMSREPORT.TB_FACTURES_MEMOIRES
INFO - 2026-09-07 07:59:36 --> Table à tronquer : CMSREPORT.TB_FACTURES_MEMOIRES_INFOS
INFO - 2026-09-07 07:59:36 --> === START TRUNCATE truncate_6a9e6ee8831292.87987036 ===
DEBUG - 2026-09-07 07:59:36 --> {"trace_id":"truncate_6a9e6ee8831292.87987036","step":"input_received","type":"bureaux_cde_camwater_contrat"}
DEBUG - 2026-09-07 07:59:36 --> {"trace_id":"truncate_6a9e6ee8831292.87987036","step":"config_loaded","available_types":["agents_cde_camwater_contrat","bureaux_cde_camwater_contrat","agents_globeleq_contrat","bureaux_globeleq_contrat","grands_comptes_contrat","regions_contrat","agents_cde_camwater_facture","bureaux_cde_camwater_facture","agents_globeleq_facture","bureaux_globeleq_facture","grands_comptes_facture","regions_facture","postpaid_particulier_contrat","postpaid_particulier_facture","etat_bt_contrat","etat_bt_facture","etat_mt_contrat","etat_mt_facture","prepaid_contrat","prepaid_recu"]}
DEBUG - 2026-09-07 07:59:36 --> {"trace_id":"truncate_6a9e6ee8831292.87987036","step":"truncate_tables_loaded","type":"bureaux_cde_camwater_contrat","tables":["CMSREPORT.TMP_REF_ETAT_WITH_CONTRAT","CMSREPORT.TB_FACTURES_MEMOIRES","CMSREPORT.TB_FACTURES_MEMOIRES_INFOS"]}
INFO - 2026-09-07 07:59:36 --> {"trace_id":"truncate_6a9e6ee8831292.87987036","step":"truncate_start","index":1,"table":"CMSREPORT.TMP_REF_ETAT_WITH_CONTRAT"}
DEBUG - 2026-09-07 07:59:36 --> {"trace_id":"truncate_6a9e6ee8831292.87987036","step":"truncate_result","table":"CMSREPORT.TMP_REF_ETAT_WITH_CONTRAT","success":true,"time_ms":38.4}
INFO - 2026-09-07 07:59:36 --> {"trace_id":"truncate_6a9e6ee8831292.87987036","step":"truncate_start","index":2,"table":"CMSREPORT.TB_FACTURES_MEMOIRES"}
DEBUG - 2026-09-07 07:59:36 --> {"trace_id":"truncate_6a9e6ee8831292.87987036","step":"truncate_result","table":"CMSREPORT.TB_FACTURES_MEMOIRES","success":true,"time_ms":36}
INFO - 2026-09-07 07:59:36 --> {"trace_id":"truncate_6a9e6ee8831292.87987036","step":"truncate_start","index":3,"table":"CMSREPORT.TB_FACTURES_MEMOIRES_INFOS"}
DEBUG - 2026-09-07 07:59:36 --> {"trace_id":"truncate_6a9e6ee8831292.87987036","step":"truncate_result","table":"CMSREPORT.TB_FACTURES_MEMOIRES_INFOS","success":true,"time_ms":45.400000000000006}
INFO - 2026-09-07 07:59:36 --> {"trace_id":"truncate_6a9e6ee8831292.87987036","step":"truncate_finished","type":"bureaux_cde_camwater_contrat","success":true,"duration_ms":120.6}
INFO - 2026-09-07 07:59:36 --> === END TRUNCATE truncate_6a9e6ee8831292.87987036 ===
INFO - 2026-09-07 07:59:36 --> Import Excel démarré : type=bureaux_cde_camwater_contrat, fichier=phplQUk1t
INFO - 2026-09-07 07:59:36 --> Import Excel terminé (type=bureaux_cde_camwater_contrat, table=CMSREPORT.TMP_REF_ETAT_WITH_CONTRAT) en 0.1s : 571 ligne(s) importée(s), 0 rejetée(s), 0 doublon(s) ignoré(s).
DEBUG - 2026-09-07 07:59:36 --> Import terminé : {"context":"postpaid_general","type":"bureaux_cde_camwater_contrat","regroupName":"bureaux_cde_camwater","year":"2026","cycle":"8","documentTypes":["memoires"],"dateDebut":"05\/08\/2026","dateFin":"04\/09\/2026","file":{},"importStats":{"inserted":571,"skipped":0,"duplicates":0,"message":"571 ligne(s) import\u00e9e(s), 0 rejet\u00e9e(s), 0 doublon(s) ignor\u00e9(s)."}}
DEBUG - 2026-09-07 07:59:36 --> Démarrage du processus mémoire avec les paramètres : {"year":"2026","cycle":"8","regroup":"bureaux_cde_camwater","DEBUT":"05\/08\/2026","FIN":"04\/09\/2026"}
DEBUG - 2026-09-07 07:59:36 --> Lancement MemorySQLFactory pour type=bureaux_cde_camwater_contrat avec section=loading et params={"year":"2026","cycle":"8","regroup":"bureaux_cde_camwater","DEBUT":"05\/08\/2026","FIN":"04\/09\/2026"}
DEBUG - 2026-09-07 07:59:36 --> Configuration pour le type 'bureaux_cde_camwater_contrat': {"model":"App\\Models\\SQL\\LoadingQueriesForMemoryPostpaidModel","loading":["LOADING_TB_FACTURES_MEMOIRES_ONLY_WITH_CONTRAT_GENERAL","LOADING_TB_FACTURES_MEMOIRES_INFOS_ONLY_WITH_CONTRAT_GENERAL"],"generation":["BUREAUX_CDE_CAMWATER","generateMemoire"]}
DEBUG - 2026-09-07 07:59:36 --> Modèle utilisé : App\Models\SQL\LoadingQueriesForMemoryPostpaidModel
INFO - 2026-09-07 07:59:36 --> Type général : contrat
INFO - 2026-09-07 07:59:36 --> Type émission : emission
INFO - 2026-09-07 07:59:36 --> Date début: 05/08/2026, Date fin: 04/09/2026
DEBUG - 2026-09-07 07:59:37 --> Requête #0 exécutée avec succès : 
                INSERT /*+ APPEND PARALLEL(t) */ INTO cmsreport.tb_factures_memoires t (
                    SELECT /*+ PARALLEL(8) */ DISTINCT
                        'CENTRALIZED LV' AS region,
                        s.nom_area AS cms_region,
                        s.nom_unicom,
                        :year: AS calendar_year,
                        :cycle: AS reading_cycle,
                        t.tutelle as regroup_id,
                        t.tutelle as regroup_name,
                        r.nis_rad,
                        NVL(TRIM(s.ape1_cli), TRIM(s.cust_name)) AS cust_name,
                        s.pk_cust_id,
                        s.meter_no,
                        DECODE(s.tip_fase, 'FA001', 2, 4) AS number_wires,
                        s.pot_max_admis,
                        sum(case when not regexp_like(codigo(i.co_concepto), 'FIXED PREMIUM CHARGE|COMPENSATION|OVERLOAD CHARGE') then i.csmo_fact else 0 end) over(partition by r.num_rec) csmo_total_fact,
                        r.num_rec,
                        r.f_fact,
                        r.f_prev_puesta,
                        r.imp_tot_rec,
                        r.imp_tot_rec - r.imp_cta AS due_amount,
                        r.est_act,
                        s.tip_contr,
                        r.ind_conversion,
                        r.cod_cta_pago,
                        r.num_rec_anul,
                        s.cod_cnae,
                        s.co_an_vip,
                        sum (case when i.co_concepto not like 'CT%' then i.imp_concepto else 0 end) over(partition by r.num_rec,t.tutelle) amount_without_vat,
                        trunc ((sum (case when i.co_concepto not like 'CT%' then -i.imp_concepto else 0 end) over(partition by r.num_rec,t.tutelle)) + r.imp_tot_rec) amount_vat,
                        sum (case when i.co_concepto in ('CC119', 'CC118') then i.imp_concepto else 0 end) over(partition by r.num_rec,t.tutelle) govern_cont_without_vat,
                        sum (case when i.co_concepto = 'CT841' then i.imp_concepto else 0 end) over(partition by r.num_rec,t.tutelle) govern_vat,
                        sum (case when i.co_concepto = 'CC101' then i.imp_concepto else 0 end) over(partition by r.num_rec,t.tutelle) meter_rent
                    FROM cmsreport.tmp_ref_etat_with_contrat t
                    JOIN cmsadmin.recibos r ON t.contrat = r.nis_rad
                    JOIN cmsreport.tb_customers_infos s ON r.nis_rad = s.nis_rad
                    LEFT JOIN cmsadmin.imp_concepto i ON r.num_rec = i.num_rec
                    WHERE r.tip_rec = 'TR010'
                        AND r.est_act NOT IN ('ER010', 'ER015', 'ER018', 'ER915', 'ER600')
                        AND r.f_prev_puesta BETWEEN TO_DATE(:dateDebut:, 'YYYY-MM-DD') AND TO_DATE(:dateFin:, 'YYYY-MM-DD')
                )
            
DEBUG - 2026-09-07 07:59:45 --> Requête #1 exécutée avec succès : 
                INSERT /*+ append parallel(t) */ INTO cmsreport.tb_factures_memoires_infos t (
                    select /*+  parallel(12) */ distinct
                        t.contrat AS nis_rad,
                        r.num_rec,
                        nvl2(trim(b.prev_reading), b.prev_reading, nvl((max (ap.lect) keep(dense_rank last order by ap.f_lect, ap.f_actual) over(partition by r.num_rec)), 0)) prev_actual_read,
                        nvl2(trim(b.curr_reading), b.curr_reading, nvl((max (ac.lect) keep(dense_rank last order by ac.f_lect, ac.f_actual) over(partition by r.num_rec)), 0)) hht_current_index,
                        nvl((max (ac.cte_apa) keep(dense_rank last order by ac.f_lect, ac.f_actual) over(partition by r.num_rec)), 1) coeff
                        from cmsreport.tmp_ref_etat_with_contrat t
                        join cmsadmin.recibos r on t.contrat = r.nis_rad
                        left join cmsadmin.bill_extraction_list b on r.num_rec = b.num_rec
                        left join cmsadmin.rel_rec_csmo rc on r.num_rec = rc.num_rec
                        left join cmsadmin.apmedida_co ap on rc.id_apco_ant = ap.id_reg
                        left join cmsadmin.apmedida_co ac on rc.id_apco_act = ac.id_reg
                        where r.tip_rec = 'TR010' and r.est_act not in ('ER010', 'ER015', 'ER018', 'ER915', 'ER600') and r.imp_tot_rec - r.imp_cta > 0 
                        and r.f_prev_puesta <= sysdate
                )
            
DEBUG - 2026-09-07 07:59:45 --> MemorySQLFactory terminé pour type=bureaux_cde_camwater_contrat, section=loading : 2/2 réussies, 0 échouées
DEBUG - 2026-09-07 07:59:45 --> Configuration pour le type 'bureaux_cde_camwater_contrat': {"model":"App\\Models\\SQL\\LoadingQueriesForMemoryPostpaidModel","loading":["LOADING_TB_FACTURES_MEMOIRES_ONLY_WITH_CONTRAT_GENERAL","LOADING_TB_FACTURES_MEMOIRES_INFOS_ONLY_WITH_CONTRAT_GENERAL"],"generation":["BUREAUX_CDE_CAMWATER","generateMemoire"]}
DEBUG - 2026-09-07 07:59:45 --> Modèle utilisé : App\Models\SQL\LoadingQueriesForMemoryPostpaidModel
DEBUG - 2026-09-07 07:59:45 --> Répertoire d'exportation vérifié : /var/www/MyMemo/writable/exports/
DEBUG - 2026-09-07 07:59:45 --> Requête exécutée pour Mémoire : {"sql":"\n            SELECT \/*+ parallel(8) *\/ DISTINCT\n                r.cust_name AS customer_name,\n                r.nom_unicom AS agency,\n                r.nis_rad AS service_no,\n                TO_CHAR(r.f_fact, 'dd\/mm\/yyyy') AS billing_date,\n                r.num_rec AS bill_no,\n                r.meter_no,\n                c.prev_actual_read,\n                c.hht_current_index,\n                TRUNC(r.csmo_total_fact) AS consumption_billed,\n                c.coeff,\n                r.meter_rent,\n                r.amount_without_vat,\n                r.amount_vat,\n                TRUNC(r.imp_tot_rec) AS amount_with_tax,\n                r.due_amount,        \n                r.region,\n                r.calendar_year,\n                r.reading_cycle,\n                r.regroup_id,\n                r.regroup_name              \n            FROM cmsreport.tb_factures_memoires r\n            LEFT JOIN cmsreport.tb_factures_memoires_infos c ON r.num_rec = c.num_rec\n        ","binds":[]}
DEBUG - 2026-09-07 07:59:45 --> Header keys retrieved: CUSTOMER_NAME,AGENCY,SERVICE_NO,BILLING_DATE,BILL_NO,METER_NO,PREV_ACTUAL_READ,HHT_CURRENT_INDEX,CONSUMPTION_BILLED,COEFF,METER_RENT,AMOUNT_WITHOUT_VAT,AMOUNT_VAT,AMOUNT_WITH_TAX,DUE_AMOUNT,REGION,CALENDAR_YEAR,READING_CYCLE,REGROUP_ID,REGROUP_NAME
DEBUG - 2026-09-07 07:59:45 --> Nom fichier mémoire généré : /var/www/MyMemo/writable/exports/Memoire_bureaux_cde_camwater_20260907_075945.xlsx
DEBUG - 2026-09-07 07:59:45 --> Insertion données page 1 et ligne 13
DEBUG - 2026-09-07 07:59:45 --> Totaux page 1 => HT: 2446662 | TVA: 470344 | TTC: 2917006
DEBUG - 2026-09-07 07:59:45 --> Insertion footer à partir de ligne 45
DEBUG - 2026-09-07 07:59:45 --> Footer[0] ligne 45 : Bon à savoir / Good to know
DEBUG - 2026-09-07 07:59:45 --> Footer[1] ligne 46 (fond vert)
DEBUG - 2026-09-07 07:59:45 --> Footer[2] ligne 47 (italic bleu)
DEBUG - 2026-09-07 07:59:45 --> Footer[3] ENERGIZING à M48:O48
DEBUG - 2026-09-07 07:59:45 --> Footer[4] Pagination ligne 49 | Page 1/8
DEBUG - 2026-09-07 07:59:45 --> Signature bloc de M42 à O47
DEBUG - 2026-09-07 07:59:45 --> Ajout saut de page après ligne 50
DEBUG - 2026-09-07 07:59:45 --> Insertion données page 2 et ligne 64
DEBUG - 2026-09-07 07:59:45 --> Totaux page 2 => HT: 1567034 | TVA: 301655 | TTC: 1868689
DEBUG - 2026-09-07 07:59:45 --> Insertion footer à partir de ligne 96
DEBUG - 2026-09-07 07:59:45 --> Footer[0] ligne 96 : Bon à savoir / Good to know
DEBUG - 2026-09-07 07:59:45 --> Footer[1] ligne 97 (fond vert)
DEBUG - 2026-09-07 07:59:45 --> Footer[2] ligne 98 (italic bleu)
DEBUG - 2026-09-07 07:59:45 --> Footer[3] ENERGIZING à M99:O99
DEBUG - 2026-09-07 07:59:45 --> Footer[4] Pagination ligne 100 | Page 2/8
DEBUG - 2026-09-07 07:59:45 --> Signature bloc de M93 à O98
DEBUG - 2026-09-07 07:59:45 --> Ajout saut de page après ligne 101
DEBUG - 2026-09-07 07:59:45 --> Insertion données page 3 et ligne 115
DEBUG - 2026-09-07 07:59:45 --> Totaux page 3 => HT: 1407861 | TVA: 271013 | TTC: 1678874
DEBUG - 2026-09-07 07:59:45 --> Insertion footer à partir de ligne 147
DEBUG - 2026-09-07 07:59:45 --> Footer[0] ligne 147 : Bon à savoir / Good to know
DEBUG - 2026-09-07 07:59:45 --> Footer[1] ligne 148 (fond vert)
DEBUG - 2026-09-07 07:59:45 --> Footer[2] ligne 149 (italic bleu)
DEBUG - 2026-09-07 07:59:45 --> Footer[3] ENERGIZING à M150:O150
DEBUG - 2026-09-07 07:59:45 --> Footer[4] Pagination ligne 151 | Page 3/8
DEBUG - 2026-09-07 07:59:45 --> Signature bloc de M144 à O149
DEBUG - 2026-09-07 07:59:45 --> Ajout saut de page après ligne 152
DEBUG - 2026-09-07 07:59:45 --> Insertion données page 4 et ligne 166
DEBUG - 2026-09-07 07:59:45 --> Totaux page 4 => HT: 4341859 | TVA: 835807 | TTC: 5177666
DEBUG - 2026-09-07 07:59:45 --> Insertion footer à partir de ligne 198
DEBUG - 2026-09-07 07:59:45 --> Footer[0] ligne 198 : Bon à savoir / Good to know
DEBUG - 2026-09-07 07:59:45 --> Footer[1] ligne 199 (fond vert)
DEBUG - 2026-09-07 07:59:45 --> Footer[2] ligne 200 (italic bleu)
DEBUG - 2026-09-07 07:59:45 --> Footer[3] ENERGIZING à M201:O201
DEBUG - 2026-09-07 07:59:45 --> Footer[4] Pagination ligne 202 | Page 4/8
DEBUG - 2026-09-07 07:59:45 --> Signature bloc de M195 à O200
DEBUG - 2026-09-07 07:59:45 --> Ajout saut de page après ligne 203
DEBUG - 2026-09-07 07:59:45 --> Insertion données page 5 et ligne 217
DEBUG - 2026-09-07 07:59:45 --> Totaux page 5 => HT: 4663302 | TVA: 897670 | TTC: 5560972
DEBUG - 2026-09-07 07:59:45 --> Insertion footer à partir de ligne 249
DEBUG - 2026-09-07 07:59:45 --> Footer[0] ligne 249 : Bon à savoir / Good to know
DEBUG - 2026-09-07 07:59:45 --> Footer[1] ligne 250 (fond vert)
DEBUG - 2026-09-07 07:59:45 --> Footer[2] ligne 251 (italic bleu)
DEBUG - 2026-09-07 07:59:45 --> Footer[3] ENERGIZING à M252:O252
DEBUG - 2026-09-07 07:59:45 --> Footer[4] Pagination ligne 253 | Page 5/8
DEBUG - 2026-09-07 07:59:45 --> Signature bloc de M246 à O251
DEBUG - 2026-09-07 07:59:45 --> Ajout saut de page après ligne 254
DEBUG - 2026-09-07 07:59:45 --> Insertion données page 6 et ligne 268
DEBUG - 2026-09-07 07:59:45 --> Totaux page 6 => HT: 8040249 | TVA: 1546949 | TTC: 9587198
DEBUG - 2026-09-07 07:59:45 --> Insertion footer à partir de ligne 300
DEBUG - 2026-09-07 07:59:45 --> Footer[0] ligne 300 : Bon à savoir / Good to know
DEBUG - 2026-09-07 07:59:45 --> Footer[1] ligne 301 (fond vert)
DEBUG - 2026-09-07 07:59:45 --> Footer[2] ligne 302 (italic bleu)
DEBUG - 2026-09-07 07:59:45 --> Footer[3] ENERGIZING à M303:O303
DEBUG - 2026-09-07 07:59:45 --> Footer[4] Pagination ligne 304 | Page 6/8
DEBUG - 2026-09-07 07:59:45 --> Signature bloc de M297 à O302
DEBUG - 2026-09-07 07:59:45 --> Ajout saut de page après ligne 305
DEBUG - 2026-09-07 07:59:45 --> Insertion données page 7 et ligne 319
DEBUG - 2026-09-07 07:59:45 --> Totaux page 7 => HT: 5825024 | TVA: 1121318 | TTC: 6946342
DEBUG - 2026-09-07 07:59:45 --> Insertion footer à partir de ligne 351
DEBUG - 2026-09-07 07:59:45 --> Footer[0] ligne 351 : Bon à savoir / Good to know
DEBUG - 2026-09-07 07:59:45 --> Footer[1] ligne 352 (fond vert)
DEBUG - 2026-09-07 07:59:45 --> Footer[2] ligne 353 (italic bleu)
DEBUG - 2026-09-07 07:59:45 --> Footer[3] ENERGIZING à M354:O354
DEBUG - 2026-09-07 07:59:45 --> Footer[4] Pagination ligne 355 | Page 7/8
DEBUG - 2026-09-07 07:59:45 --> Signature bloc de M348 à O353
DEBUG - 2026-09-07 07:59:45 --> Ajout saut de page après ligne 356
DEBUG - 2026-09-07 07:59:45 --> Insertion données page 8 et ligne 370
DEBUG - 2026-09-07 07:59:45 --> Totaux page 8 => HT: 4484966 | TVA: 863355 | TTC: 5348321
DEBUG - 2026-09-07 07:59:45 --> ==============================
DEBUG - 2026-09-07 07:59:45 --> TOTAL GLOBAL
DEBUG - 2026-09-07 07:59:45 --> HT  = 32776957
DEBUG - 2026-09-07 07:59:45 --> TVA = 6308111
DEBUG - 2026-09-07 07:59:45 --> TTC = 39085068
DEBUG - 2026-09-07 07:59:45 --> DUE = 39070728
DEBUG - 2026-09-07 07:59:45 --> ==============================
DEBUG - 2026-09-07 07:59:45 --> Insertion footer à partir de ligne 404
DEBUG - 2026-09-07 07:59:45 --> Footer[0] ligne 404 : Bon à savoir / Good to know
DEBUG - 2026-09-07 07:59:45 --> Footer[1] ligne 405 (fond vert)
DEBUG - 2026-09-07 07:59:45 --> Footer[2] ligne 406 (italic bleu)
DEBUG - 2026-09-07 07:59:45 --> Footer[3] ENERGIZING à M407:O407
DEBUG - 2026-09-07 07:59:45 --> Footer[4] Pagination ligne 408 | Page 8/8
DEBUG - 2026-09-07 07:59:45 --> Signature bloc de M401 à O406
DEBUG - 2026-09-07 07:59:45 --> Fichier généré pour Mémoire : /var/www/MyMemo/writable/exports/Memoire_bureaux_cde_camwater_20260907_075945.xlsx
DEBUG - 2026-09-07 18:27:29 --> Session: Class initialized using 'CodeIgniter\Session\Handlers\FileHandler' driver.
DEBUG - 2026-09-07 18:27:29 --> Session: Class initialized using 'CodeIgniter\Session\Handlers\FileHandler' driver.
DEBUG - 2026-09-07 18:27:39 --> Session: Class initialized using 'CodeIgniter\Session\Handlers\FileHandler' driver.
WARNING - 2026-09-07 18:27:39 --> LDAP bind failed (code 49): Invalid credentials
DEBUG - 2026-09-07 18:27:39 --> Session: Class initialized using 'CodeIgniter\Session\Handlers\FileHandler' driver.
DEBUG - 2026-09-07 18:27:47 --> Session: Class initialized using 'CodeIgniter\Session\Handlers\FileHandler' driver.
WARNING - 2026-09-07 18:27:47 --> LDAP bind failed (code 49): Invalid credentials
DEBUG - 2026-09-07 18:27:47 --> Session: Class initialized using 'CodeIgniter\Session\Handlers\FileHandler' driver.
DEBUG - 2026-09-07 18:27:57 --> Session: Class initialized using 'CodeIgniter\Session\Handlers\FileHandler' driver.
WARNING - 2026-09-07 18:27:57 --> LDAP bind failed (code 49): Invalid credentials
DEBUG - 2026-09-07 18:27:57 --> Session: Class initialized using 'CodeIgniter\Session\Handlers\FileHandler' driver.
DEBUG - 2026-09-07 18:28:09 --> Session: Class initialized using 'CodeIgniter\Session\Handlers\FileHandler' driver.
DEBUG - 2026-09-07 18:28:09 --> Session: Class initialized using 'CodeIgniter\Session\Handlers\FileHandler' driver.
DEBUG - 2026-09-07 18:41:36 --> Session: Class initialized using 'CodeIgniter\Session\Handlers\FileHandler' driver.
DEBUG - 2026-09-07 18:41:36 --> Session: Class initialized using 'CodeIgniter\Session\Handlers\FileHandler' driver.
DEBUG - 2026-09-07 18:53:05 --> Session: Class initialized using 'CodeIgniter\Session\Handlers\FileHandler' driver.
DEBUG - 2026-09-07 18:53:05 --> Session: Class initialized using 'CodeIgniter\Session\Handlers\FileHandler' driver.
DEBUG - 2026-09-07 18:53:56 --> Session: Class initialized using 'CodeIgniter\Session\Handlers\FileHandler' driver.
DEBUG - 2026-09-07 18:53:56 --> Session: Class initialized using 'CodeIgniter\Session\Handlers\FileHandler' driver.
DEBUG - 2026-09-07 18:54:08 --> Session: Class initialized using 'CodeIgniter\Session\Handlers\FileHandler' driver.
DEBUG - 2026-09-07 18:54:08 --> Session: Class initialized using 'CodeIgniter\Session\Handlers\FileHandler' driver.
DEBUG - 2026-09-07 18:54:21 --> Session: Class initialized using 'CodeIgniter\Session\Handlers\FileHandler' driver.
DEBUG - 2026-09-07 18:54:45 --> Session: Class initialized using 'CodeIgniter\Session\Handlers\FileHandler' driver.
INFO - 2026-09-07 18:54:45 --> CSRF token verified.
DEBUG - 2026-09-07 18:54:45 --> MemoryController initialisé avec les types : agents_cde_camwater_contrat, bureaux_cde_camwater_contrat, agents_globeleq_contrat, bureaux_globeleq_contrat, grands_comptes_contrat, regions_contrat, agents_cde_camwater_facture, bureaux_cde_camwater_facture, agents_globeleq_facture, bureaux_globeleq_facture, grands_comptes_facture, regions_facture, postpaid_particulier_contrat, postpaid_particulier_facture, etat_bt_contrat, etat_bt_facture, etat_mt_contrat, etat_mt_facture, prepaid_contrat, prepaid_recu
DEBUG - 2026-09-07 18:54:45 --> Contexte en cours = postpaid_general, Type référentiel = grands_comptes_contrat
INFO - 2026-09-07 18:54:45 --> Table à tronquer : CMSREPORT.TMP_REF_ETAT_WITH_CONTRAT
INFO - 2026-09-07 18:54:45 --> Table à tronquer : CMSREPORT.TB_FACTURES_MEMOIRES
INFO - 2026-09-07 18:54:45 --> Table à tronquer : CMSREPORT.TB_FACTURES_MEMOIRES_INFOS
INFO - 2026-09-07 18:54:45 --> === START TRUNCATE truncate_6a9f087580f599.07713097 ===
DEBUG - 2026-09-07 18:54:45 --> {"trace_id":"truncate_6a9f087580f599.07713097","step":"input_received","type":"grands_comptes_contrat"}
DEBUG - 2026-09-07 18:54:45 --> {"trace_id":"truncate_6a9f087580f599.07713097","step":"config_loaded","available_types":["agents_cde_camwater_contrat","bureaux_cde_camwater_contrat","agents_globeleq_contrat","bureaux_globeleq_contrat","grands_comptes_contrat","regions_contrat","agents_cde_camwater_facture","bureaux_cde_camwater_facture","agents_globeleq_facture","bureaux_globeleq_facture","grands_comptes_facture","regions_facture","postpaid_particulier_contrat","postpaid_particulier_facture","etat_bt_contrat","etat_bt_facture","etat_mt_contrat","etat_mt_facture","prepaid_contrat","prepaid_recu"]}
DEBUG - 2026-09-07 18:54:45 --> {"trace_id":"truncate_6a9f087580f599.07713097","step":"truncate_tables_loaded","type":"grands_comptes_contrat","tables":["CMSREPORT.TMP_REF_ETAT_WITH_CONTRAT","CMSREPORT.TB_FACTURES_MEMOIRES","CMSREPORT.TB_FACTURES_MEMOIRES_INFOS"]}
INFO - 2026-09-07 18:54:45 --> {"trace_id":"truncate_6a9f087580f599.07713097","step":"truncate_start","index":1,"table":"CMSREPORT.TMP_REF_ETAT_WITH_CONTRAT"}
DEBUG - 2026-09-07 18:54:45 --> {"trace_id":"truncate_6a9f087580f599.07713097","step":"truncate_result","table":"CMSREPORT.TMP_REF_ETAT_WITH_CONTRAT","success":true,"time_ms":54.4}
INFO - 2026-09-07 18:54:45 --> {"trace_id":"truncate_6a9f087580f599.07713097","step":"truncate_start","index":2,"table":"CMSREPORT.TB_FACTURES_MEMOIRES"}
DEBUG - 2026-09-07 18:54:45 --> {"trace_id":"truncate_6a9f087580f599.07713097","step":"truncate_result","table":"CMSREPORT.TB_FACTURES_MEMOIRES","success":true,"time_ms":48.7}
INFO - 2026-09-07 18:54:45 --> {"trace_id":"truncate_6a9f087580f599.07713097","step":"truncate_start","index":3,"table":"CMSREPORT.TB_FACTURES_MEMOIRES_INFOS"}
DEBUG - 2026-09-07 18:54:45 --> {"trace_id":"truncate_6a9f087580f599.07713097","step":"truncate_result","table":"CMSREPORT.TB_FACTURES_MEMOIRES_INFOS","success":true,"time_ms":41.300000000000004}
INFO - 2026-09-07 18:54:45 --> {"trace_id":"truncate_6a9f087580f599.07713097","step":"truncate_finished","type":"grands_comptes_contrat","success":true,"duration_ms":145.2}
INFO - 2026-09-07 18:54:45 --> === END TRUNCATE truncate_6a9f087580f599.07713097 ===
INFO - 2026-09-07 18:54:45 --> Import Excel démarré : type=grands_comptes_contrat, fichier=phpZXK5HB
INFO - 2026-09-07 18:54:47 --> Import Excel terminé (type=grands_comptes_contrat, table=CMSREPORT.TMP_REF_ETAT_WITH_CONTRAT) en 1.35s : 8780 ligne(s) importée(s), 0 rejetée(s), 0 doublon(s) ignoré(s).
DEBUG - 2026-09-07 18:54:47 --> Import terminé : {"context":"postpaid_general","type":"grands_comptes_contrat","regroupName":"grands_comptes","year":"2026","cycle":"8","documentTypes":["memoires"],"dateDebut":"05\/08\/2026","dateFin":"04\/09\/2026","file":{},"importStats":{"inserted":8780,"skipped":0,"duplicates":0,"message":"8780 ligne(s) import\u00e9e(s), 0 rejet\u00e9e(s), 0 doublon(s) ignor\u00e9(s)."}}
DEBUG - 2026-09-07 18:54:47 --> Démarrage du processus mémoire avec les paramètres : {"year":"2026","cycle":"8","regroup":"grands_comptes","DEBUT":"05\/08\/2026","FIN":"04\/09\/2026"}
DEBUG - 2026-09-07 18:54:47 --> Lancement MemorySQLFactory pour type=grands_comptes_contrat avec section=loading et params={"year":"2026","cycle":"8","regroup":"grands_comptes","DEBUT":"05\/08\/2026","FIN":"04\/09\/2026"}
DEBUG - 2026-09-07 18:54:47 --> Configuration pour le type 'grands_comptes_contrat': {"model":"App\\Models\\SQL\\LoadingQueriesForMemoryPostpaidModel","loading":["LOADING_TB_FACTURES_MEMOIRES_ONLY_WITH_CONTRAT_GENERAL","LOADING_TB_FACTURES_MEMOIRES_INFOS_ONLY_WITH_CONTRAT_GENERAL"],"generation":["GRANDS_COMPTES","generateMemoire"]}
DEBUG - 2026-09-07 18:54:47 --> Modèle utilisé : App\Models\SQL\LoadingQueriesForMemoryPostpaidModel
INFO - 2026-09-07 18:54:47 --> Type général : contrat
INFO - 2026-09-07 18:54:47 --> Type émission : emission
INFO - 2026-09-07 18:54:47 --> Date début: 05/08/2026, Date fin: 04/09/2026
DEBUG - 2026-09-07 18:54:49 --> Requête #0 exécutée avec succès : 
                INSERT /*+ APPEND PARALLEL(t) */ INTO cmsreport.tb_factures_memoires t (
                    SELECT /*+ PARALLEL(8) */ DISTINCT
                        'CENTRALIZED LV' AS region,
                        s.nom_area AS cms_region,
                        s.nom_unicom,
                        :year: AS calendar_year,
                        :cycle: AS reading_cycle,
                        t.tutelle as regroup_id,
                        t.tutelle as regroup_name,
                        r.nis_rad,
                        NVL(TRIM(s.ape1_cli), TRIM(s.cust_name)) AS cust_name,
                        s.pk_cust_id,
                        s.meter_no,
                        DECODE(s.tip_fase, 'FA001', 2, 4) AS number_wires,
                        s.pot_max_admis,
                        sum(case when not regexp_like(codigo(i.co_concepto), 'FIXED PREMIUM CHARGE|COMPENSATION|OVERLOAD CHARGE') then i.csmo_fact else 0 end) over(partition by r.num_rec) csmo_total_fact,
                        r.num_rec,
                        r.f_fact,
                        r.f_prev_puesta,
                        r.imp_tot_rec,
                        r.imp_tot_rec - r.imp_cta AS due_amount,
                        r.est_act,
                        s.tip_contr,
                        r.ind_conversion,
                        r.cod_cta_pago,
                        r.num_rec_anul,
                        s.cod_cnae,
                        s.co_an_vip,
                        sum (case when i.co_concepto not like 'CT%' then i.imp_concepto else 0 end) over(partition by r.num_rec,t.tutelle) amount_without_vat,
                        trunc ((sum (case when i.co_concepto not like 'CT%' then -i.imp_concepto else 0 end) over(partition by r.num_rec,t.tutelle)) + r.imp_tot_rec) amount_vat,
                        sum (case when i.co_concepto in ('CC119', 'CC118') then i.imp_concepto else 0 end) over(partition by r.num_rec,t.tutelle) govern_cont_without_vat,
                        sum (case when i.co_concepto = 'CT841' then i.imp_concepto else 0 end) over(partition by r.num_rec,t.tutelle) govern_vat,
                        sum (case when i.co_concepto = 'CC101' then i.imp_concepto else 0 end) over(partition by r.num_rec,t.tutelle) meter_rent
                    FROM cmsreport.tmp_ref_etat_with_contrat t
                    JOIN cmsadmin.recibos r ON t.contrat = r.nis_rad
                    JOIN cmsreport.tb_customers_infos s ON r.nis_rad = s.nis_rad
                    LEFT JOIN cmsadmin.imp_concepto i ON r.num_rec = i.num_rec
                    WHERE r.tip_rec = 'TR010'
                        AND r.est_act NOT IN ('ER010', 'ER015', 'ER018', 'ER915', 'ER600')
                        AND r.f_prev_puesta BETWEEN TO_DATE(:dateDebut:, 'YYYY-MM-DD') AND TO_DATE(:dateFin:, 'YYYY-MM-DD')
                )
            
DEBUG - 2026-09-07 18:55:01 --> Requête #1 exécutée avec succès : 
                INSERT /*+ append parallel(t) */ INTO cmsreport.tb_factures_memoires_infos t (
                    select /*+  parallel(12) */ distinct
                        t.contrat AS nis_rad,
                        r.num_rec,
                        nvl2(trim(b.prev_reading), b.prev_reading, nvl((max (ap.lect) keep(dense_rank last order by ap.f_lect, ap.f_actual) over(partition by r.num_rec)), 0)) prev_actual_read,
                        nvl2(trim(b.curr_reading), b.curr_reading, nvl((max (ac.lect) keep(dense_rank last order by ac.f_lect, ac.f_actual) over(partition by r.num_rec)), 0)) hht_current_index,
                        nvl((max (ac.cte_apa) keep(dense_rank last order by ac.f_lect, ac.f_actual) over(partition by r.num_rec)), 1) coeff
                        from cmsreport.tmp_ref_etat_with_contrat t
                        join cmsadmin.recibos r on t.contrat = r.nis_rad
                        left join cmsadmin.bill_extraction_list b on r.num_rec = b.num_rec
                        left join cmsadmin.rel_rec_csmo rc on r.num_rec = rc.num_rec
                        left join cmsadmin.apmedida_co ap on rc.id_apco_ant = ap.id_reg
                        left join cmsadmin.apmedida_co ac on rc.id_apco_act = ac.id_reg
                        where r.tip_rec = 'TR010' and r.est_act not in ('ER010', 'ER015', 'ER018', 'ER915', 'ER600') and r.imp_tot_rec - r.imp_cta > 0 
                        and r.f_prev_puesta <= sysdate
                )
            
DEBUG - 2026-09-07 18:55:01 --> MemorySQLFactory terminé pour type=grands_comptes_contrat, section=loading : 2/2 réussies, 0 échouées
DEBUG - 2026-09-07 18:55:01 --> Configuration pour le type 'grands_comptes_contrat': {"model":"App\\Models\\SQL\\LoadingQueriesForMemoryPostpaidModel","loading":["LOADING_TB_FACTURES_MEMOIRES_ONLY_WITH_CONTRAT_GENERAL","LOADING_TB_FACTURES_MEMOIRES_INFOS_ONLY_WITH_CONTRAT_GENERAL"],"generation":["GRANDS_COMPTES","generateMemoire"]}
DEBUG - 2026-09-07 18:55:01 --> Modèle utilisé : App\Models\SQL\LoadingQueriesForMemoryPostpaidModel
DEBUG - 2026-09-07 18:55:01 --> Répertoire d'exportation vérifié : /var/www/MyMemo/writable/exports/
DEBUG - 2026-09-07 18:55:01 --> Requête exécutée pour Mémoire : {"sql":"\n            SELECT \/*+ parallel(8) *\/ DISTINCT\n                r.cust_name AS customer_name,\n                r.nom_unicom AS agency,\n                r.nis_rad AS service_no,\n                TO_CHAR(r.f_fact, 'dd\/mm\/yyyy') AS billing_date,\n                r.num_rec AS bill_no,\n                r.meter_no,\n                c.prev_actual_read,\n                c.hht_current_index,\n                TRUNC(r.csmo_total_fact) AS consumption_billed,\n                c.coeff,\n                r.meter_rent,\n                r.amount_without_vat,\n                r.amount_vat,\n                TRUNC(r.imp_tot_rec) AS amount_with_tax,\n                r.due_amount,        \n                r.region,\n                r.calendar_year,\n                r.reading_cycle,\n                r.regroup_id,\n                r.regroup_name              \n            FROM cmsreport.tb_factures_memoires r\n            LEFT JOIN cmsreport.tb_factures_memoires_infos c ON r.num_rec = c.num_rec\n        ","binds":[]}
DEBUG - 2026-09-07 18:55:01 --> Header keys retrieved: CUSTOMER_NAME,AGENCY,SERVICE_NO,BILLING_DATE,BILL_NO,METER_NO,PREV_ACTUAL_READ,HHT_CURRENT_INDEX,CONSUMPTION_BILLED,COEFF,METER_RENT,AMOUNT_WITHOUT_VAT,AMOUNT_VAT,AMOUNT_WITH_TAX,DUE_AMOUNT,REGION,CALENDAR_YEAR,READING_CYCLE,REGROUP_ID,REGROUP_NAME
DEBUG - 2026-09-07 18:55:01 --> Nom fichier mémoire généré : /var/www/MyMemo/writable/exports/Memoire_grands_comptes_20260907_185501.xlsx
DEBUG - 2026-09-07 18:55:01 --> Insertion données page 1 et ligne 13
DEBUG - 2026-09-07 18:55:01 --> Totaux page 1 => HT: 1291147 | TVA: 248545 | TTC: 1539692
DEBUG - 2026-09-07 18:55:01 --> ==============================
DEBUG - 2026-09-07 18:55:01 --> TOTAL GLOBAL
DEBUG - 2026-09-07 18:55:01 --> HT  = 1291147
DEBUG - 2026-09-07 18:55:01 --> TVA = 248545
DEBUG - 2026-09-07 18:55:01 --> TTC = 1539692
DEBUG - 2026-09-07 18:55:01 --> DUE = 1539692
DEBUG - 2026-09-07 18:55:01 --> ==============================
DEBUG - 2026-09-07 18:55:01 --> Insertion footer à partir de ligne 27
DEBUG - 2026-09-07 18:55:01 --> Footer[0] ligne 27 : Bon à savoir / Good to know
DEBUG - 2026-09-07 18:55:01 --> Footer[1] ligne 28 (fond vert)
DEBUG - 2026-09-07 18:55:01 --> Footer[2] ligne 29 (italic bleu)
DEBUG - 2026-09-07 18:55:01 --> Footer[3] ENERGIZING à M30:O30
DEBUG - 2026-09-07 18:55:01 --> Footer[4] Pagination ligne 31 | Page 1/1
DEBUG - 2026-09-07 18:55:01 --> Signature bloc de M24 à O29
DEBUG - 2026-09-07 18:55:01 --> Insertion données page 1 et ligne 13
DEBUG - 2026-09-07 18:55:01 --> Totaux page 1 => HT: 8214657 | TVA: 1581324 | TTC: 9795981
DEBUG - 2026-09-07 18:55:01 --> Insertion footer à partir de ligne 45
DEBUG - 2026-09-07 18:55:01 --> Footer[0] ligne 45 : Bon à savoir / Good to know
DEBUG - 2026-09-07 18:55:01 --> Footer[1] ligne 46 (fond vert)
DEBUG - 2026-09-07 18:55:01 --> Footer[2] ligne 47 (italic bleu)
DEBUG - 2026-09-07 18:55:01 --> Footer[3] ENERGIZING à M48:O48
DEBUG - 2026-09-07 18:55:01 --> Footer[4] Pagination ligne 49 | Page 1/2
DEBUG - 2026-09-07 18:55:01 --> Signature bloc de M42 à O47
DEBUG - 2026-09-07 18:55:01 --> Ajout saut de page après ligne 50
DEBUG - 2026-09-07 18:55:01 --> Insertion données page 2 et ligne 64
DEBUG - 2026-09-07 18:55:01 --> Totaux page 2 => HT: 249195 | TVA: 47970 | TTC: 297165
DEBUG - 2026-09-07 18:55:01 --> ==============================
DEBUG - 2026-09-07 18:55:01 --> TOTAL GLOBAL
DEBUG - 2026-09-07 18:55:01 --> HT  = 8463852
DEBUG - 2026-09-07 18:55:01 --> TVA = 1629294
DEBUG - 2026-09-07 18:55:01 --> TTC = 10093146
DEBUG - 2026-09-07 18:55:01 --> DUE = 10093146
DEBUG - 2026-09-07 18:55:01 --> ==============================
DEBUG - 2026-09-07 18:55:01 --> Insertion footer à partir de ligne 72
DEBUG - 2026-09-07 18:55:01 --> Footer[0] ligne 72 : Bon à savoir / Good to know
DEBUG - 2026-09-07 18:55:01 --> Footer[1] ligne 73 (fond vert)
DEBUG - 2026-09-07 18:55:01 --> Footer[2] ligne 74 (italic bleu)
DEBUG - 2026-09-07 18:55:01 --> Footer[3] ENERGIZING à M75:O75
DEBUG - 2026-09-07 18:55:01 --> Footer[4] Pagination ligne 76 | Page 2/2
DEBUG - 2026-09-07 18:55:01 --> Signature bloc de M69 à O74
DEBUG - 2026-09-07 18:55:01 --> Insertion données page 1 et ligne 13
DEBUG - 2026-09-07 18:55:01 --> Totaux page 1 => HT: 165369 | TVA: 7621 | TTC: 172990
DEBUG - 2026-09-07 18:55:01 --> Insertion footer à partir de ligne 45
DEBUG - 2026-09-07 18:55:01 --> Footer[0] ligne 45 : Bon à savoir / Good to know
DEBUG - 2026-09-07 18:55:01 --> Footer[1] ligne 46 (fond vert)
DEBUG - 2026-09-07 18:55:01 --> Footer[2] ligne 47 (italic bleu)
DEBUG - 2026-09-07 18:55:01 --> Footer[3] ENERGIZING à M48:O48
DEBUG - 2026-09-07 18:55:01 --> Footer[4] Pagination ligne 49 | Page 1/43
DEBUG - 2026-09-07 18:55:01 --> Signature bloc de M42 à O47
DEBUG - 2026-09-07 18:55:01 --> Ajout saut de page après ligne 50
DEBUG - 2026-09-07 18:55:01 --> Insertion données page 2 et ligne 64
DEBUG - 2026-09-07 18:55:02 --> Totaux page 2 => HT: 187560 | TVA: 12426 | TTC: 199986
DEBUG - 2026-09-07 18:55:02 --> Insertion footer à partir de ligne 96
DEBUG - 2026-09-07 18:55:02 --> Footer[0] ligne 96 : Bon à savoir / Good to know
DEBUG - 2026-09-07 18:55:02 --> Footer[1] ligne 97 (fond vert)
DEBUG - 2026-09-07 18:55:02 --> Footer[2] ligne 98 (italic bleu)
DEBUG - 2026-09-07 18:55:02 --> Footer[3] ENERGIZING à M99:O99
DEBUG - 2026-09-07 18:55:02 --> Footer[4] Pagination ligne 100 | Page 2/43
DEBUG - 2026-09-07 18:55:02 --> Signature bloc de M93 à O98
DEBUG - 2026-09-07 18:55:02 --> Ajout saut de page après ligne 101
DEBUG - 2026-09-07 18:55:02 --> Insertion données page 3 et ligne 115
DEBUG - 2026-09-07 18:55:02 --> Totaux page 3 => HT: 358135 | TVA: 51728 | TTC: 409863
DEBUG - 2026-09-07 18:55:02 --> Insertion footer à partir de ligne 147
DEBUG - 2026-09-07 18:55:02 --> Footer[0] ligne 147 : Bon à savoir / Good to know
DEBUG - 2026-09-07 18:55:02 --> Footer[1] ligne 148 (fond vert)
DEBUG - 2026-09-07 18:55:02 --> Footer[2] ligne 149 (italic bleu)
DEBUG - 2026-09-07 18:55:02 --> Footer[3] ENERGIZING à M150:O150
DEBUG - 2026-09-07 18:55:02 --> Footer[4] Pagination ligne 151 | Page 3/43
DEBUG - 2026-09-07 18:55:02 --> Signature bloc de M144 à O149
DEBUG - 2026-09-07 18:55:02 --> Ajout saut de page après ligne 152
DEBUG - 2026-09-07 18:55:02 --> Insertion données page 4 et ligne 166
DEBUG - 2026-09-07 18:55:02 --> Totaux page 4 => HT: 138274 | TVA: 4109 | TTC: 142383
DEBUG - 2026-09-07 18:55:02 --> Insertion footer à partir de ligne 198
DEBUG - 2026-09-07 18:55:02 --> Footer[0] ligne 198 : Bon à savoir / Good to know
DEBUG - 2026-09-07 18:55:02 --> Footer[1] ligne 199 (fond vert)
DEBUG - 2026-09-07 18:55:02 --> Footer[2] ligne 200 (italic bleu)
DEBUG - 2026-09-07 18:55:02 --> Footer[3] ENERGIZING à M201:O201
DEBUG - 2026-09-07 18:55:02 --> Footer[4] Pagination ligne 202 | Page 4/43
DEBUG - 2026-09-07 18:55:02 --> Signature bloc de M195 à O200
DEBUG - 2026-09-07 18:55:02 --> Ajout saut de page après ligne 203
DEBUG - 2026-09-07 18:55:02 --> Insertion données page 5 et ligne 217
DEBUG - 2026-09-07 18:55:02 --> Totaux page 5 => HT: 87341 | TVA: 323 | TTC: 87664
DEBUG - 2026-09-07 18:55:02 --> Insertion footer à partir de ligne 249
DEBUG - 2026-09-07 18:55:02 --> Footer[0] ligne 249 : Bon à savoir / Good to know
DEBUG - 2026-09-07 18:55:02 --> Footer[1] ligne 250 (fond vert)
DEBUG - 2026-09-07 18:55:02 --> Footer[2] ligne 251 (italic bleu)
DEBUG - 2026-09-07 18:55:02 --> Footer[3] ENERGIZING à M252:O252
DEBUG - 2026-09-07 18:55:02 --> Footer[4] Pagination ligne 253 | Page 5/43
DEBUG - 2026-09-07 18:55:02 --> Signature bloc de M246 à O251
DEBUG - 2026-09-07 18:55:02 --> Ajout saut de page après ligne 254
DEBUG - 2026-09-07 18:55:02 --> Insertion données page 6 et ligne 268
DEBUG - 2026-09-07 18:55:02 --> Totaux page 6 => HT: 117224 | TVA: 2425 | TTC: 119649
DEBUG - 2026-09-07 18:55:02 --> Insertion footer à partir de ligne 300
DEBUG - 2026-09-07 18:55:02 --> Footer[0] ligne 300 : Bon à savoir / Good to know
DEBUG - 2026-09-07 18:55:02 --> Footer[1] ligne 301 (fond vert)
DEBUG - 2026-09-07 18:55:02 --> Footer[2] ligne 302 (italic bleu)
DEBUG - 2026-09-07 18:55:02 --> Footer[3] ENERGIZING à M303:O303
DEBUG - 2026-09-07 18:55:02 --> Footer[4] Pagination ligne 304 | Page 6/43
DEBUG - 2026-09-07 18:55:02 --> Signature bloc de M297 à O302
DEBUG - 2026-09-07 18:55:02 --> Ajout saut de page après ligne 305
DEBUG - 2026-09-07 18:55:02 --> Insertion données page 7 et ligne 319
DEBUG - 2026-09-07 18:55:02 --> Totaux page 7 => HT: 225633 | TVA: 16830 | TTC: 242463
DEBUG - 2026-09-07 18:55:02 --> Insertion footer à partir de ligne 351
DEBUG - 2026-09-07 18:55:02 --> Footer[0] ligne 351 : Bon à savoir / Good to know
DEBUG - 2026-09-07 18:55:02 --> Footer[1] ligne 352 (fond vert)
DEBUG - 2026-09-07 18:55:02 --> Footer[2] ligne 353 (italic bleu)
DEBUG - 2026-09-07 18:55:02 --> Footer[3] ENERGIZING à M354:O354
DEBUG - 2026-09-07 18:55:02 --> Footer[4] Pagination ligne 355 | Page 7/43
DEBUG - 2026-09-07 18:55:02 --> Signature bloc de M348 à O353
DEBUG - 2026-09-07 18:55:02 --> Ajout saut de page après ligne 356
DEBUG - 2026-09-07 18:55:02 --> Insertion données page 8 et ligne 370
DEBUG - 2026-09-07 18:55:02 --> Totaux page 8 => HT: 163239 | TVA: 14415 | TTC: 177654
DEBUG - 2026-09-07 18:55:02 --> Insertion footer à partir de ligne 402
DEBUG - 2026-09-07 18:55:02 --> Footer[0] ligne 402 : Bon à savoir / Good to know
DEBUG - 2026-09-07 18:55:02 --> Footer[1] ligne 403 (fond vert)
DEBUG - 2026-09-07 18:55:02 --> Footer[2] ligne 404 (italic bleu)
DEBUG - 2026-09-07 18:55:02 --> Footer[3] ENERGIZING à M405:O405
DEBUG - 2026-09-07 18:55:02 --> Footer[4] Pagination ligne 406 | Page 8/43
DEBUG - 2026-09-07 18:55:02 --> Signature bloc de M399 à O404
DEBUG - 2026-09-07 18:55:02 --> Ajout saut de page après ligne 407
DEBUG - 2026-09-07 18:55:02 --> Insertion données page 9 et ligne 421
DEBUG - 2026-09-07 18:55:02 --> Totaux page 9 => HT: 155014 | TVA: 8259 | TTC: 163273
DEBUG - 2026-09-07 18:55:02 --> Insertion footer à partir de ligne 453
DEBUG - 2026-09-07 18:55:02 --> Footer[0] ligne 453 : Bon à savoir / Good to know
DEBUG - 2026-09-07 18:55:02 --> Footer[1] ligne 454 (fond vert)
DEBUG - 2026-09-07 18:55:02 --> Footer[2] ligne 455 (italic bleu)
DEBUG - 2026-09-07 18:55:02 --> Footer[3] ENERGIZING à M456:O456
DEBUG - 2026-09-07 18:55:02 --> Footer[4] Pagination ligne 457 | Page 9/43
DEBUG - 2026-09-07 18:55:02 --> Signature bloc de M450 à O455
DEBUG - 2026-09-07 18:55:02 --> Ajout saut de page après ligne 458
DEBUG - 2026-09-07 18:55:02 --> Insertion données page 10 et ligne 472
DEBUG - 2026-09-07 18:55:02 --> Totaux page 10 => HT: 139765 | TVA: 8823 | TTC: 148588
DEBUG - 2026-09-07 18:55:02 --> Insertion footer à partir de ligne 504
DEBUG - 2026-09-07 18:55:02 --> Footer[0] ligne 504 : Bon à savoir / Good to know
DEBUG - 2026-09-07 18:55:02 --> Footer[1] ligne 505 (fond vert)
DEBUG - 2026-09-07 18:55:02 --> Footer[2] ligne 506 (italic bleu)
DEBUG - 2026-09-07 18:55:02 --> Footer[3] ENERGIZING à M507:O507
DEBUG - 2026-09-07 18:55:02 --> Footer[4] Pagination ligne 508 | Page 10/43
DEBUG - 2026-09-07 18:55:02 --> Signature bloc de M501 à O506
DEBUG - 2026-09-07 18:55:02 --> Ajout saut de page après ligne 509
DEBUG - 2026-09-07 18:55:02 --> Insertion données page 11 et ligne 523
DEBUG - 2026-09-07 18:55:02 --> Totaux page 11 => HT: 136090 | TVA: 1940 | TTC: 138030
DEBUG - 2026-09-07 18:55:02 --> Insertion footer à partir de ligne 555
DEBUG - 2026-09-07 18:55:02 --> Footer[0] ligne 555 : Bon à savoir / Good to know
DEBUG - 2026-09-07 18:55:02 --> Footer[1] ligne 556 (fond vert)
DEBUG - 2026-09-07 18:55:02 --> Footer[2] ligne 557 (italic bleu)
DEBUG - 2026-09-07 18:55:02 --> Footer[3] ENERGIZING à M558:O558
DEBUG - 2026-09-07 18:55:02 --> Footer[4] Pagination ligne 559 | Page 11/43
DEBUG - 2026-09-07 18:55:02 --> Signature bloc de M552 à O557
DEBUG - 2026-09-07 18:55:02 --> Ajout saut de page après ligne 560
DEBUG - 2026-09-07 18:55:02 --> Insertion données page 12 et ligne 574
DEBUG - 2026-09-07 18:55:02 --> Totaux page 12 => HT: 161974 | TVA: 17056 | TTC: 179030
DEBUG - 2026-09-07 18:55:02 --> Insertion footer à partir de ligne 606
DEBUG - 2026-09-07 18:55:02 --> Footer[0] ligne 606 : Bon à savoir / Good to know
DEBUG - 2026-09-07 18:55:02 --> Footer[1] ligne 607 (fond vert)
DEBUG - 2026-09-07 18:55:02 --> Footer[2] ligne 608 (italic bleu)
DEBUG - 2026-09-07 18:55:02 --> Footer[3] ENERGIZING à M609:O609
DEBUG - 2026-09-07 18:55:02 --> Footer[4] Pagination ligne 610 | Page 12/43
DEBUG - 2026-09-07 18:55:02 --> Signature bloc de M603 à O608
DEBUG - 2026-09-07 18:55:02 --> Ajout saut de page après ligne 611
DEBUG - 2026-09-07 18:55:02 --> Insertion données page 13 et ligne 625
DEBUG - 2026-09-07 18:55:02 --> Totaux page 13 => HT: 556621 | TVA: 99902 | TTC: 656523
DEBUG - 2026-09-07 18:55:02 --> Insertion footer à partir de ligne 657
DEBUG - 2026-09-07 18:55:02 --> Footer[0] ligne 657 : Bon à savoir / Good to know
DEBUG - 2026-09-07 18:55:02 --> Footer[1] ligne 658 (fond vert)
DEBUG - 2026-09-07 18:55:02 --> Footer[2] ligne 659 (italic bleu)
DEBUG - 2026-09-07 18:55:02 --> Footer[3] ENERGIZING à M660:O660
DEBUG - 2026-09-07 18:55:02 --> Footer[4] Pagination ligne 661 | Page 13/43
DEBUG - 2026-09-07 18:55:02 --> Signature bloc de M654 à O659
DEBUG - 2026-09-07 18:55:02 --> Ajout saut de page après ligne 662
DEBUG - 2026-09-07 18:55:02 --> Insertion données page 14 et ligne 676
DEBUG - 2026-09-07 18:55:02 --> Totaux page 14 => HT: 217766 | TVA: 24011 | TTC: 241777
DEBUG - 2026-09-07 18:55:02 --> Insertion footer à partir de ligne 708
DEBUG - 2026-09-07 18:55:02 --> Footer[0] ligne 708 : Bon à savoir / Good to know
DEBUG - 2026-09-07 18:55:02 --> Footer[1] ligne 709 (fond vert)
DEBUG - 2026-09-07 18:55:02 --> Footer[2] ligne 710 (italic bleu)
DEBUG - 2026-09-07 18:55:02 --> Footer[3] ENERGIZING à M711:O711
DEBUG - 2026-09-07 18:55:02 --> Footer[4] Pagination ligne 712 | Page 14/43
DEBUG - 2026-09-07 18:55:02 --> Signature bloc de M705 à O710
DEBUG - 2026-09-07 18:55:02 --> Ajout saut de page après ligne 713
DEBUG - 2026-09-07 18:55:02 --> Insertion données page 15 et ligne 727
DEBUG - 2026-09-07 18:55:02 --> Totaux page 15 => HT: 177184 | TVA: 18375 | TTC: 195559
DEBUG - 2026-09-07 18:55:02 --> Insertion footer à partir de ligne 759
DEBUG - 2026-09-07 18:55:02 --> Footer[0] ligne 759 : Bon à savoir / Good to know
DEBUG - 2026-09-07 18:55:02 --> Footer[1] ligne 760 (fond vert)
DEBUG - 2026-09-07 18:55:02 --> Footer[2] ligne 761 (italic bleu)
DEBUG - 2026-09-07 18:55:02 --> Footer[3] ENERGIZING à M762:O762
DEBUG - 2026-09-07 18:55:02 --> Footer[4] Pagination ligne 763 | Page 15/43
DEBUG - 2026-09-07 18:55:02 --> Signature bloc de M756 à O761
DEBUG - 2026-09-07 18:55:02 --> Ajout saut de page après ligne 764
DEBUG - 2026-09-07 18:55:02 --> Insertion données page 16 et ligne 778
DEBUG - 2026-09-07 18:55:02 --> Totaux page 16 => HT: 129595 | TVA: 0 | TTC: 129595
DEBUG - 2026-09-07 18:55:02 --> Insertion footer à partir de ligne 810
DEBUG - 2026-09-07 18:55:02 --> Footer[0] ligne 810 : Bon à savoir / Good to know
DEBUG - 2026-09-07 18:55:02 --> Footer[1] ligne 811 (fond vert)
DEBUG - 2026-09-07 18:55:02 --> Footer[2] ligne 812 (italic bleu)
DEBUG - 2026-09-07 18:55:02 --> Footer[3] ENERGIZING à M813:O813
DEBUG - 2026-09-07 18:55:02 --> Footer[4] Pagination ligne 814 | Page 16/43
DEBUG - 2026-09-07 18:55:02 --> Signature bloc de M807 à O812
DEBUG - 2026-09-07 18:55:02 --> Ajout saut de page après ligne 815
DEBUG - 2026-09-07 18:55:02 --> Insertion données page 17 et ligne 829
DEBUG - 2026-09-07 18:55:02 --> Totaux page 17 => HT: 311365 | TVA: 37506 | TTC: 348871
DEBUG - 2026-09-07 18:55:02 --> Insertion footer à partir de ligne 861
DEBUG - 2026-09-07 18:55:02 --> Footer[0] ligne 861 : Bon à savoir / Good to know
DEBUG - 2026-09-07 18:55:02 --> Footer[1] ligne 862 (fond vert)
DEBUG - 2026-09-07 18:55:02 --> Footer[2] ligne 863 (italic bleu)
DEBUG - 2026-09-07 18:55:02 --> Footer[3] ENERGIZING à M864:O864
DEBUG - 2026-09-07 18:55:02 --> Footer[4] Pagination ligne 865 | Page 17/43
DEBUG - 2026-09-07 18:55:02 --> Signature bloc de M858 à O863
DEBUG - 2026-09-07 18:55:02 --> Ajout saut de page après ligne 866
DEBUG - 2026-09-07 18:55:02 --> Insertion données page 18 et ligne 880
DEBUG - 2026-09-07 18:55:02 --> Totaux page 18 => HT: 149391 | TVA: 14646 | TTC: 164037
DEBUG - 2026-09-07 18:55:02 --> Insertion footer à partir de ligne 912
DEBUG - 2026-09-07 18:55:02 --> Footer[0] ligne 912 : Bon à savoir / Good to know
DEBUG - 2026-09-07 18:55:02 --> Footer[1] ligne 913 (fond vert)
DEBUG - 2026-09-07 18:55:02 --> Footer[2] ligne 914 (italic bleu)
DEBUG - 2026-09-07 18:55:02 --> Footer[3] ENERGIZING à M915:O915
DEBUG - 2026-09-07 18:55:02 --> Footer[4] Pagination ligne 916 | Page 18/43
DEBUG - 2026-09-07 18:55:02 --> Signature bloc de M909 à O914
DEBUG - 2026-09-07 18:55:02 --> Ajout saut de page après ligne 917
DEBUG - 2026-09-07 18:55:02 --> Insertion données page 19 et ligne 931
DEBUG - 2026-09-07 18:55:02 --> Totaux page 19 => HT: 187823 | TVA: 19661 | TTC: 207484
DEBUG - 2026-09-07 18:55:02 --> Insertion footer à partir de ligne 963
DEBUG - 2026-09-07 18:55:02 --> Footer[0] ligne 963 : Bon à savoir / Good to know
DEBUG - 2026-09-07 18:55:02 --> Footer[1] ligne 964 (fond vert)
DEBUG - 2026-09-07 18:55:02 --> Footer[2] ligne 965 (italic bleu)
DEBUG - 2026-09-07 18:55:02 --> Footer[3] ENERGIZING à M966:O966
DEBUG - 2026-09-07 18:55:02 --> Footer[4] Pagination ligne 967 | Page 19/43
DEBUG - 2026-09-07 18:55:02 --> Signature bloc de M960 à O965
DEBUG - 2026-09-07 18:55:02 --> Ajout saut de page après ligne 968
DEBUG - 2026-09-07 18:55:02 --> Insertion données page 20 et ligne 982
DEBUG - 2026-09-07 18:55:02 --> Totaux page 20 => HT: 162112 | TVA: 0 | TTC: 162112
DEBUG - 2026-09-07 18:55:02 --> Insertion footer à partir de ligne 1014
DEBUG - 2026-09-07 18:55:02 --> Footer[0] ligne 1014 : Bon à savoir / Good to know
DEBUG - 2026-09-07 18:55:02 --> Footer[1] ligne 1015 (fond vert)
DEBUG - 2026-09-07 18:55:02 --> Footer[2] ligne 1016 (italic bleu)
DEBUG - 2026-09-07 18:55:02 --> Footer[3] ENERGIZING à M1017:O1017
DEBUG - 2026-09-07 18:55:02 --> Footer[4] Pagination ligne 1018 | Page 20/43
DEBUG - 2026-09-07 18:55:02 --> Signature bloc de M1011 à O1016
DEBUG - 2026-09-07 18:55:02 --> Ajout saut de page après ligne 1019
DEBUG - 2026-09-07 18:55:02 --> Insertion données page 21 et ligne 1033
DEBUG - 2026-09-07 18:55:02 --> Totaux page 21 => HT: 172731 | TVA: 14097 | TTC: 186828
DEBUG - 2026-09-07 18:55:02 --> Insertion footer à partir de ligne 1065
DEBUG - 2026-09-07 18:55:02 --> Footer[0] ligne 1065 : Bon à savoir / Good to know
DEBUG - 2026-09-07 18:55:02 --> Footer[1] ligne 1066 (fond vert)
DEBUG - 2026-09-07 18:55:02 --> Footer[2] ligne 1067 (italic bleu)
DEBUG - 2026-09-07 18:55:02 --> Footer[3] ENERGIZING à M1068:O1068
DEBUG - 2026-09-07 18:55:02 --> Footer[4] Pagination ligne 1069 | Page 21/43
DEBUG - 2026-09-07 18:55:02 --> Signature bloc de M1062 à O1067
DEBUG - 2026-09-07 18:55:02 --> Ajout saut de page après ligne 1070
DEBUG - 2026-09-07 18:55:02 --> Insertion données page 22 et ligne 1084
DEBUG - 2026-09-07 18:55:02 --> Totaux page 22 => HT: 90286 | TVA: 323 | TTC: 90609
DEBUG - 2026-09-07 18:55:02 --> Insertion footer à partir de ligne 1116
DEBUG - 2026-09-07 18:55:02 --> Footer[0] ligne 1116 : Bon à savoir / Good to know
DEBUG - 2026-09-07 18:55:02 --> Footer[1] ligne 1117 (fond vert)
DEBUG - 2026-09-07 18:55:02 --> Footer[2] ligne 1118 (italic bleu)
DEBUG - 2026-09-07 18:55:02 --> Footer[3] ENERGIZING à M1119:O1119
DEBUG - 2026-09-07 18:55:02 --> Footer[4] Pagination ligne 1120 | Page 22/43
DEBUG - 2026-09-07 18:55:02 --> Signature bloc de M1113 à O1118
DEBUG - 2026-09-07 18:55:02 --> Ajout saut de page après ligne 1121
DEBUG - 2026-09-07 18:55:02 --> Insertion données page 23 et ligne 1135
DEBUG - 2026-09-07 18:55:02 --> Totaux page 23 => HT: 127262 | TVA: 5505 | TTC: 132767
DEBUG - 2026-09-07 18:55:02 --> Insertion footer à partir de ligne 1167
DEBUG - 2026-09-07 18:55:02 --> Footer[0] ligne 1167 : Bon à savoir / Good to know
DEBUG - 2026-09-07 18:55:02 --> Footer[1] ligne 1168 (fond vert)
DEBUG - 2026-09-07 18:55:02 --> Footer[2] ligne 1169 (italic bleu)
DEBUG - 2026-09-07 18:55:02 --> Footer[3] ENERGIZING à M1170:O1170
DEBUG - 2026-09-07 18:55:02 --> Footer[4] Pagination ligne 1171 | Page 23/43
DEBUG - 2026-09-07 18:55:02 --> Signature bloc de M1164 à O1169
DEBUG - 2026-09-07 18:55:02 --> Ajout saut de page après ligne 1172
DEBUG - 2026-09-07 18:55:02 --> Insertion données page 24 et ligne 1186
DEBUG - 2026-09-07 18:55:02 --> Totaux page 24 => HT: 112145 | TVA: 6554 | TTC: 118699
DEBUG - 2026-09-07 18:55:02 --> Insertion footer à partir de ligne 1218
DEBUG - 2026-09-07 18:55:02 --> Footer[0] ligne 1218 : Bon à savoir / Good to know
DEBUG - 2026-09-07 18:55:02 --> Footer[1] ligne 1219 (fond vert)
DEBUG - 2026-09-07 18:55:02 --> Footer[2] ligne 1220 (italic bleu)
DEBUG - 2026-09-07 18:55:02 --> Footer[3] ENERGIZING à M1221:O1221
DEBUG - 2026-09-07 18:55:02 --> Footer[4] Pagination ligne 1222 | Page 24/43
DEBUG - 2026-09-07 18:55:02 --> Signature bloc de M1215 à O1220
DEBUG - 2026-09-07 18:55:02 --> Ajout saut de page après ligne 1223
DEBUG - 2026-09-07 18:55:02 --> Insertion données page 25 et ligne 1237
DEBUG - 2026-09-07 18:55:02 --> Totaux page 25 => HT: 219303 | TVA: 28075 | TTC: 247378
DEBUG - 2026-09-07 18:55:02 --> Insertion footer à partir de ligne 1269
DEBUG - 2026-09-07 18:55:02 --> Footer[0] ligne 1269 : Bon à savoir / Good to know
DEBUG - 2026-09-07 18:55:02 --> Footer[1] ligne 1270 (fond vert)
DEBUG - 2026-09-07 18:55:02 --> Footer[2] ligne 1271 (italic bleu)
DEBUG - 2026-09-07 18:55:02 --> Footer[3] ENERGIZING à M1272:O1272
DEBUG - 2026-09-07 18:55:02 --> Footer[4] Pagination ligne 1273 | Page 25/43
DEBUG - 2026-09-07 18:55:02 --> Signature bloc de M1266 à O1271
DEBUG - 2026-09-07 18:55:02 --> Ajout saut de page après ligne 1274
DEBUG - 2026-09-07 18:55:02 --> Insertion données page 26 et ligne 1288
DEBUG - 2026-09-07 18:55:02 --> Totaux page 26 => HT: 238666 | TVA: 34161 | TTC: 272827
DEBUG - 2026-09-07 18:55:02 --> Insertion footer à partir de ligne 1320
DEBUG - 2026-09-07 18:55:02 --> Footer[0] ligne 1320 : Bon à savoir / Good to know
DEBUG - 2026-09-07 18:55:02 --> Footer[1] ligne 1321 (fond vert)
DEBUG - 2026-09-07 18:55:02 --> Footer[2] ligne 1322 (italic bleu)
DEBUG - 2026-09-07 18:55:02 --> Footer[3] ENERGIZING à M1323:O1323
DEBUG - 2026-09-07 18:55:02 --> Footer[4] Pagination ligne 1324 | Page 26/43
DEBUG - 2026-09-07 18:55:02 --> Signature bloc de M1317 à O1322
DEBUG - 2026-09-07 18:55:02 --> Ajout saut de page après ligne 1325
DEBUG - 2026-09-07 18:55:02 --> Insertion données page 27 et ligne 1339
DEBUG - 2026-09-07 18:55:02 --> Totaux page 27 => HT: 254863 | TVA: 31086 | TTC: 285949
DEBUG - 2026-09-07 18:55:02 --> Insertion footer à partir de ligne 1371
DEBUG - 2026-09-07 18:55:02 --> Footer[0] ligne 1371 : Bon à savoir / Good to know
DEBUG - 2026-09-07 18:55:02 --> Footer[1] ligne 1372 (fond vert)
DEBUG - 2026-09-07 18:55:02 --> Footer[2] ligne 1373 (italic bleu)
DEBUG - 2026-09-07 18:55:02 --> Footer[3] ENERGIZING à M1374:O1374
DEBUG - 2026-09-07 18:55:02 --> Footer[4] Pagination ligne 1375 | Page 27/43
DEBUG - 2026-09-07 18:55:02 --> Signature bloc de M1368 à O1373
DEBUG - 2026-09-07 18:55:02 --> Ajout saut de page après ligne 1376
DEBUG - 2026-09-07 18:55:02 --> Insertion données page 28 et ligne 1390
DEBUG - 2026-09-07 18:55:03 --> Totaux page 28 => HT: 164602 | TVA: 17723 | TTC: 182325
DEBUG - 2026-09-07 18:55:03 --> Insertion footer à partir de ligne 1422
DEBUG - 2026-09-07 18:55:03 --> Footer[0] ligne 1422 : Bon à savoir / Good to know
DEBUG - 2026-09-07 18:55:03 --> Footer[1] ligne 1423 (fond vert)
DEBUG - 2026-09-07 18:55:03 --> Footer[2] ligne 1424 (italic bleu)
DEBUG - 2026-09-07 18:55:03 --> Footer[3] ENERGIZING à M1425:O1425
DEBUG - 2026-09-07 18:55:03 --> Footer[4] Pagination ligne 1426 | Page 28/43
DEBUG - 2026-09-07 18:55:03 --> Signature bloc de M1419 à O1424
DEBUG - 2026-09-07 18:55:03 --> Ajout saut de page après ligne 1427
DEBUG - 2026-09-07 18:55:03 --> Insertion données page 29 et ligne 1441
DEBUG - 2026-09-07 18:55:03 --> Totaux page 29 => HT: 120640 | TVA: 12318 | TTC: 132958
DEBUG - 2026-09-07 18:55:03 --> Insertion footer à partir de ligne 1473
DEBUG - 2026-09-07 18:55:03 --> Footer[0] ligne 1473 : Bon à savoir / Good to know
DEBUG - 2026-09-07 18:55:03 --> Footer[1] ligne 1474 (fond vert)
DEBUG - 2026-09-07 18:55:03 --> Footer[2] ligne 1475 (italic bleu)
DEBUG - 2026-09-07 18:55:03 --> Footer[3] ENERGIZING à M1476:O1476
DEBUG - 2026-09-07 18:55:03 --> Footer[4] Pagination ligne 1477 | Page 29/43
DEBUG - 2026-09-07 18:55:03 --> Signature bloc de M1470 à O1475
DEBUG - 2026-09-07 18:55:03 --> Ajout saut de page après ligne 1478
DEBUG - 2026-09-07 18:55:03 --> Insertion données page 30 et ligne 1492
DEBUG - 2026-09-07 18:55:03 --> Totaux page 30 => HT: 41431 | TVA: 0 | TTC: 41431
DEBUG - 2026-09-07 18:55:03 --> Insertion footer à partir de ligne 1524
DEBUG - 2026-09-07 18:55:03 --> Footer[0] ligne 1524 : Bon à savoir / Good to know
DEBUG - 2026-09-07 18:55:03 --> Footer[1] ligne 1525 (fond vert)
DEBUG - 2026-09-07 18:55:03 --> Footer[2] ligne 1526 (italic bleu)
DEBUG - 2026-09-07 18:55:03 --> Footer[3] ENERGIZING à M1527:O1527
DEBUG - 2026-09-07 18:55:03 --> Footer[4] Pagination ligne 1528 | Page 30/43
DEBUG - 2026-09-07 18:55:03 --> Signature bloc de M1521 à O1526
DEBUG - 2026-09-07 18:55:03 --> Ajout saut de page après ligne 1529
DEBUG - 2026-09-07 18:55:03 --> Insertion données page 31 et ligne 1543
DEBUG - 2026-09-07 18:55:03 --> Totaux page 31 => HT: 178666 | TVA: 12637 | TTC: 191303
DEBUG - 2026-09-07 18:55:03 --> Insertion footer à partir de ligne 1575
DEBUG - 2026-09-07 18:55:03 --> Footer[0] ligne 1575 : Bon à savoir / Good to know
DEBUG - 2026-09-07 18:55:03 --> Footer[1] ligne 1576 (fond vert)
DEBUG - 2026-09-07 18:55:03 --> Footer[2] ligne 1577 (italic bleu)
DEBUG - 2026-09-07 18:55:03 --> Footer[3] ENERGIZING à M1578:O1578
DEBUG - 2026-09-07 18:55:03 --> Footer[4] Pagination ligne 1579 | Page 31/43
DEBUG - 2026-09-07 18:55:03 --> Signature bloc de M1572 à O1577
DEBUG - 2026-09-07 18:55:03 --> Ajout saut de page après ligne 1580
DEBUG - 2026-09-07 18:55:03 --> Insertion données page 32 et ligne 1594
DEBUG - 2026-09-07 18:55:03 --> Totaux page 32 => HT: 123444 | TVA: 0 | TTC: 123444
DEBUG - 2026-09-07 18:55:03 --> Insertion footer à partir de ligne 1626
DEBUG - 2026-09-07 18:55:03 --> Footer[0] ligne 1626 : Bon à savoir / Good to know
DEBUG - 2026-09-07 18:55:03 --> Footer[1] ligne 1627 (fond vert)
DEBUG - 2026-09-07 18:55:03 --> Footer[2] ligne 1628 (italic bleu)
DEBUG - 2026-09-07 18:55:03 --> Footer[3] ENERGIZING à M1629:O1629
DEBUG - 2026-09-07 18:55:03 --> Footer[4] Pagination ligne 1630 | Page 32/43
DEBUG - 2026-09-07 18:55:03 --> Signature bloc de M1623 à O1628
DEBUG - 2026-09-07 18:55:03 --> Ajout saut de page après ligne 1631
DEBUG - 2026-09-07 18:55:03 --> Insertion données page 33 et ligne 1645
DEBUG - 2026-09-07 18:55:03 --> Totaux page 33 => HT: 391419 | TVA: 48774 | TTC: 440193
DEBUG - 2026-09-07 18:55:03 --> Insertion footer à partir de ligne 1677
DEBUG - 2026-09-07 18:55:03 --> Footer[0] ligne 1677 : Bon à savoir / Good to know
DEBUG - 2026-09-07 18:55:03 --> Footer[1] ligne 1678 (fond vert)
DEBUG - 2026-09-07 18:55:03 --> Footer[2] ligne 1679 (italic bleu)
DEBUG - 2026-09-07 18:55:03 --> Footer[3] ENERGIZING à M1680:O1680
DEBUG - 2026-09-07 18:55:03 --> Footer[4] Pagination ligne 1681 | Page 33/43
DEBUG - 2026-09-07 18:55:03 --> Signature bloc de M1674 à O1679
DEBUG - 2026-09-07 18:55:03 --> Ajout saut de page après ligne 1682
DEBUG - 2026-09-07 18:55:03 --> Insertion données page 34 et ligne 1696
DEBUG - 2026-09-07 18:55:03 --> Totaux page 34 => HT: 146130 | TVA: 13672 | TTC: 159802
DEBUG - 2026-09-07 18:55:03 --> Insertion footer à partir de ligne 1728
DEBUG - 2026-09-07 18:55:03 --> Footer[0] ligne 1728 : Bon à savoir / Good to know
DEBUG - 2026-09-07 18:55:03 --> Footer[1] ligne 1729 (fond vert)
DEBUG - 2026-09-07 18:55:03 --> Footer[2] ligne 1730 (italic bleu)
DEBUG - 2026-09-07 18:55:03 --> Footer[3] ENERGIZING à M1731:O1731
DEBUG - 2026-09-07 18:55:03 --> Footer[4] Pagination ligne 1732 | Page 34/43
DEBUG - 2026-09-07 18:55:03 --> Signature bloc de M1725 à O1730
DEBUG - 2026-09-07 18:55:03 --> Ajout saut de page après ligne 1733
DEBUG - 2026-09-07 18:55:03 --> Insertion données page 35 et ligne 1747
DEBUG - 2026-09-07 18:55:03 --> Totaux page 35 => HT: 1343356 | TVA: 232788 | TTC: 1576144
DEBUG - 2026-09-07 18:55:03 --> Insertion footer à partir de ligne 1779
DEBUG - 2026-09-07 18:55:03 --> Footer[0] ligne 1779 : Bon à savoir / Good to know
DEBUG - 2026-09-07 18:55:03 --> Footer[1] ligne 1780 (fond vert)
DEBUG - 2026-09-07 18:55:03 --> Footer[2] ligne 1781 (italic bleu)
DEBUG - 2026-09-07 18:55:03 --> Footer[3] ENERGIZING à M1782:O1782
DEBUG - 2026-09-07 18:55:03 --> Footer[4] Pagination ligne 1783 | Page 35/43
DEBUG - 2026-09-07 18:55:03 --> Signature bloc de M1776 à O1781
DEBUG - 2026-09-07 18:55:03 --> Ajout saut de page après ligne 1784
DEBUG - 2026-09-07 18:55:03 --> Insertion données page 36 et ligne 1798
DEBUG - 2026-09-07 18:55:03 --> Totaux page 36 => HT: 213546 | TVA: 33379 | TTC: 246925
DEBUG - 2026-09-07 18:55:03 --> Insertion footer à partir de ligne 1830
DEBUG - 2026-09-07 18:55:03 --> Footer[0] ligne 1830 : Bon à savoir / Good to know
DEBUG - 2026-09-07 18:55:03 --> Footer[1] ligne 1831 (fond vert)
DEBUG - 2026-09-07 18:55:03 --> Footer[2] ligne 1832 (italic bleu)
DEBUG - 2026-09-07 18:55:03 --> Footer[3] ENERGIZING à M1833:O1833
DEBUG - 2026-09-07 18:55:03 --> Footer[4] Pagination ligne 1834 | Page 36/43
DEBUG - 2026-09-07 18:55:03 --> Signature bloc de M1827 à O1832
DEBUG - 2026-09-07 18:55:03 --> Ajout saut de page après ligne 1835
DEBUG - 2026-09-07 18:55:03 --> Insertion données page 37 et ligne 1849
DEBUG - 2026-09-07 18:55:03 --> Totaux page 37 => HT: 145769 | TVA: 8531 | TTC: 154300
DEBUG - 2026-09-07 18:55:03 --> Insertion footer à partir de ligne 1881
DEBUG - 2026-09-07 18:55:03 --> Footer[0] ligne 1881 : Bon à savoir / Good to know
DEBUG - 2026-09-07 18:55:03 --> Footer[1] ligne 1882 (fond vert)
DEBUG - 2026-09-07 18:55:03 --> Footer[2] ligne 1883 (italic bleu)
DEBUG - 2026-09-07 18:55:03 --> Footer[3] ENERGIZING à M1884:O1884
DEBUG - 2026-09-07 18:55:03 --> Footer[4] Pagination ligne 1885 | Page 37/43
DEBUG - 2026-09-07 18:55:03 --> Signature bloc de M1878 à O1883
DEBUG - 2026-09-07 18:55:03 --> Ajout saut de page après ligne 1886
DEBUG - 2026-09-07 18:55:03 --> Insertion données page 38 et ligne 1900
DEBUG - 2026-09-07 18:55:03 --> Totaux page 38 => HT: 38060 | TVA: 0 | TTC: 38060
DEBUG - 2026-09-07 18:55:03 --> Insertion footer à partir de ligne 1932
DEBUG - 2026-09-07 18:55:03 --> Footer[0] ligne 1932 : Bon à savoir / Good to know
DEBUG - 2026-09-07 18:55:03 --> Footer[1] ligne 1933 (fond vert)
DEBUG - 2026-09-07 18:55:03 --> Footer[2] ligne 1934 (italic bleu)
DEBUG - 2026-09-07 18:55:03 --> Footer[3] ENERGIZING à M1935:O1935
DEBUG - 2026-09-07 18:55:03 --> Footer[4] Pagination ligne 1936 | Page 38/43
DEBUG - 2026-09-07 18:55:03 --> Signature bloc de M1929 à O1934
DEBUG - 2026-09-07 18:55:03 --> Ajout saut de page après ligne 1937
DEBUG - 2026-09-07 18:55:03 --> Insertion données page 39 et ligne 1951
DEBUG - 2026-09-07 18:55:03 --> Totaux page 39 => HT: 155213 | TVA: 8107 | TTC: 163320
DEBUG - 2026-09-07 18:55:03 --> Insertion footer à partir de ligne 1983
DEBUG - 2026-09-07 18:55:03 --> Footer[0] ligne 1983 : Bon à savoir / Good to know
DEBUG - 2026-09-07 18:55:03 --> Footer[1] ligne 1984 (fond vert)
DEBUG - 2026-09-07 18:55:03 --> Footer[2] ligne 1985 (italic bleu)
DEBUG - 2026-09-07 18:55:03 --> Footer[3] ENERGIZING à M1986:O1986
DEBUG - 2026-09-07 18:55:03 --> Footer[4] Pagination ligne 1987 | Page 39/43
DEBUG - 2026-09-07 18:55:03 --> Signature bloc de M1980 à O1985
DEBUG - 2026-09-07 18:55:03 --> Ajout saut de page après ligne 1988
DEBUG - 2026-09-07 18:55:03 --> Insertion données page 40 et ligne 2002
DEBUG - 2026-09-07 18:55:03 --> Totaux page 40 => HT: 359832 | TVA: 45313 | TTC: 405145
DEBUG - 2026-09-07 18:55:03 --> Insertion footer à partir de ligne 2034
DEBUG - 2026-09-07 18:55:03 --> Footer[0] ligne 2034 : Bon à savoir / Good to know
DEBUG - 2026-09-07 18:55:03 --> Footer[1] ligne 2035 (fond vert)
DEBUG - 2026-09-07 18:55:03 --> Footer[2] ligne 2036 (italic bleu)
DEBUG - 2026-09-07 18:55:03 --> Footer[3] ENERGIZING à M2037:O2037
DEBUG - 2026-09-07 18:55:03 --> Footer[4] Pagination ligne 2038 | Page 40/43
DEBUG - 2026-09-07 18:55:03 --> Signature bloc de M2031 à O2036
DEBUG - 2026-09-07 18:55:03 --> Ajout saut de page après ligne 2039
DEBUG - 2026-09-07 18:55:03 --> Insertion données page 41 et ligne 2053
DEBUG - 2026-09-07 18:55:03 --> Totaux page 41 => HT: 224914 | TVA: 25108 | TTC: 250022
DEBUG - 2026-09-07 18:55:03 --> Insertion footer à partir de ligne 2085
DEBUG - 2026-09-07 18:55:03 --> Footer[0] ligne 2085 : Bon à savoir / Good to know
DEBUG - 2026-09-07 18:55:03 --> Footer[1] ligne 2086 (fond vert)
DEBUG - 2026-09-07 18:55:03 --> Footer[2] ligne 2087 (italic bleu)
DEBUG - 2026-09-07 18:55:03 --> Footer[3] ENERGIZING à M2088:O2088
DEBUG - 2026-09-07 18:55:03 --> Footer[4] Pagination ligne 2089 | Page 41/43
DEBUG - 2026-09-07 18:55:03 --> Signature bloc de M2082 à O2087
DEBUG - 2026-09-07 18:55:03 --> Ajout saut de page après ligne 2090
DEBUG - 2026-09-07 18:55:03 --> Insertion données page 42 et ligne 2104
DEBUG - 2026-09-07 18:55:03 --> Totaux page 42 => HT: 175421 | TVA: 16439 | TTC: 191860
DEBUG - 2026-09-07 18:55:03 --> Insertion footer à partir de ligne 2136
DEBUG - 2026-09-07 18:55:03 --> Footer[0] ligne 2136 : Bon à savoir / Good to know
DEBUG - 2026-09-07 18:55:03 --> Footer[1] ligne 2137 (fond vert)
DEBUG - 2026-09-07 18:55:03 --> Footer[2] ligne 2138 (italic bleu)
DEBUG - 2026-09-07 18:55:03 --> Footer[3] ENERGIZING à M2139:O2139
DEBUG - 2026-09-07 18:55:03 --> Footer[4] Pagination ligne 2140 | Page 42/43
DEBUG - 2026-09-07 18:55:03 --> Signature bloc de M2133 à O2138
DEBUG - 2026-09-07 18:55:03 --> Ajout saut de page après ligne 2141
DEBUG - 2026-09-07 18:55:03 --> Insertion données page 43 et ligne 2155
DEBUG - 2026-09-07 18:55:03 --> Totaux page 43 => HT: 20905 | TVA: 0 | TTC: 20905
DEBUG - 2026-09-07 18:55:03 --> ==============================
DEBUG - 2026-09-07 18:55:03 --> TOTAL GLOBAL
DEBUG - 2026-09-07 18:55:03 --> HT  = 8986079
DEBUG - 2026-09-07 18:55:03 --> TVA = 954646
DEBUG - 2026-09-07 18:55:03 --> TTC = 9940725
DEBUG - 2026-09-07 18:55:03 --> DUE = 9919457
DEBUG - 2026-09-07 18:55:03 --> ==============================
DEBUG - 2026-09-07 18:55:03 --> Insertion footer à partir de ligne 2169
DEBUG - 2026-09-07 18:55:03 --> Footer[0] ligne 2169 : Bon à savoir / Good to know
DEBUG - 2026-09-07 18:55:03 --> Footer[1] ligne 2170 (fond vert)
DEBUG - 2026-09-07 18:55:03 --> Footer[2] ligne 2171 (italic bleu)
DEBUG - 2026-09-07 18:55:03 --> Footer[3] ENERGIZING à M2172:O2172
DEBUG - 2026-09-07 18:55:03 --> Footer[4] Pagination ligne 2173 | Page 43/43
DEBUG - 2026-09-07 18:55:03 --> Signature bloc de M2166 à O2171
DEBUG - 2026-09-07 18:55:03 --> Insertion données page 1 et ligne 13
DEBUG - 2026-09-07 18:55:03 --> Totaux page 1 => HT: 13323504 | TVA: 2564775 | TTC: 15888279
DEBUG - 2026-09-07 18:55:03 --> Insertion footer à partir de ligne 45
DEBUG - 2026-09-07 18:55:03 --> Footer[0] ligne 45 : Bon à savoir / Good to know
DEBUG - 2026-09-07 18:55:03 --> Footer[1] ligne 46 (fond vert)
DEBUG - 2026-09-07 18:55:03 --> Footer[2] ligne 47 (italic bleu)
DEBUG - 2026-09-07 18:55:03 --> Footer[3] ENERGIZING à M48:O48
DEBUG - 2026-09-07 18:55:03 --> Footer[4] Pagination ligne 49 | Page 1/63
DEBUG - 2026-09-07 18:55:03 --> Signature bloc de M42 à O47
DEBUG - 2026-09-07 18:55:03 --> Ajout saut de page après ligne 50
DEBUG - 2026-09-07 18:55:03 --> Insertion données page 2 et ligne 64
DEBUG - 2026-09-07 18:55:03 --> Totaux page 2 => HT: 14258955 | TVA: 2744846 | TTC: 17003801
DEBUG - 2026-09-07 18:55:03 --> Insertion footer à partir de ligne 96
DEBUG - 2026-09-07 18:55:03 --> Footer[0] ligne 96 : Bon à savoir / Good to know
DEBUG - 2026-09-07 18:55:03 --> Footer[1] ligne 97 (fond vert)
DEBUG - 2026-09-07 18:55:03 --> Footer[2] ligne 98 (italic bleu)
DEBUG - 2026-09-07 18:55:03 --> Footer[3] ENERGIZING à M99:O99
DEBUG - 2026-09-07 18:55:03 --> Footer[4] Pagination ligne 100 | Page 2/63
DEBUG - 2026-09-07 18:55:03 --> Signature bloc de M93 à O98
DEBUG - 2026-09-07 18:55:03 --> Ajout saut de page après ligne 101
DEBUG - 2026-09-07 18:55:03 --> Insertion données page 3 et ligne 115
DEBUG - 2026-09-07 18:55:03 --> Totaux page 3 => HT: 10961720 | TVA: 2110130 | TTC: 13071850
DEBUG - 2026-09-07 18:55:03 --> Insertion footer à partir de ligne 147
DEBUG - 2026-09-07 18:55:03 --> Footer[0] ligne 147 : Bon à savoir / Good to know
DEBUG - 2026-09-07 18:55:03 --> Footer[1] ligne 148 (fond vert)
DEBUG - 2026-09-07 18:55:03 --> Footer[2] ligne 149 (italic bleu)
DEBUG - 2026-09-07 18:55:03 --> Footer[3] ENERGIZING à M150:O150
DEBUG - 2026-09-07 18:55:03 --> Footer[4] Pagination ligne 151 | Page 3/63
DEBUG - 2026-09-07 18:55:03 --> Signature bloc de M144 à O149
DEBUG - 2026-09-07 18:55:03 --> Ajout saut de page après ligne 152
DEBUG - 2026-09-07 18:55:03 --> Insertion données page 4 et ligne 166
DEBUG - 2026-09-07 18:55:03 --> Totaux page 4 => HT: 12408848 | TVA: 2388705 | TTC: 14797553
DEBUG - 2026-09-07 18:55:03 --> Insertion footer à partir de ligne 198
DEBUG - 2026-09-07 18:55:03 --> Footer[0] ligne 198 : Bon à savoir / Good to know
DEBUG - 2026-09-07 18:55:03 --> Footer[1] ligne 199 (fond vert)
DEBUG - 2026-09-07 18:55:03 --> Footer[2] ligne 200 (italic bleu)
DEBUG - 2026-09-07 18:55:03 --> Footer[3] ENERGIZING à M201:O201
DEBUG - 2026-09-07 18:55:03 --> Footer[4] Pagination ligne 202 | Page 4/63
DEBUG - 2026-09-07 18:55:03 --> Signature bloc de M195 à O200
DEBUG - 2026-09-07 18:55:03 --> Ajout saut de page après ligne 203
DEBUG - 2026-09-07 18:55:03 --> Insertion données page 5 et ligne 217
DEBUG - 2026-09-07 18:55:03 --> Totaux page 5 => HT: 10796146 | TVA: 2078259 | TTC: 12874405
DEBUG - 2026-09-07 18:55:03 --> Insertion footer à partir de ligne 249
DEBUG - 2026-09-07 18:55:03 --> Footer[0] ligne 249 : Bon à savoir / Good to know
DEBUG - 2026-09-07 18:55:03 --> Footer[1] ligne 250 (fond vert)
DEBUG - 2026-09-07 18:55:03 --> Footer[2] ligne 251 (italic bleu)
DEBUG - 2026-09-07 18:55:03 --> Footer[3] ENERGIZING à M252:O252
DEBUG - 2026-09-07 18:55:03 --> Footer[4] Pagination ligne 253 | Page 5/63
DEBUG - 2026-09-07 18:55:03 --> Signature bloc de M246 à O251
DEBUG - 2026-09-07 18:55:03 --> Ajout saut de page après ligne 254
DEBUG - 2026-09-07 18:55:03 --> Insertion données page 6 et ligne 268
DEBUG - 2026-09-07 18:55:03 --> Totaux page 6 => HT: 12447490 | TVA: 2396141 | TTC: 14843631
DEBUG - 2026-09-07 18:55:03 --> Insertion footer à partir de ligne 300
DEBUG - 2026-09-07 18:55:03 --> Footer[0] ligne 300 : Bon à savoir / Good to know
DEBUG - 2026-09-07 18:55:03 --> Footer[1] ligne 301 (fond vert)
DEBUG - 2026-09-07 18:55:03 --> Footer[2] ligne 302 (italic bleu)
DEBUG - 2026-09-07 18:55:03 --> Footer[3] ENERGIZING à M303:O303
DEBUG - 2026-09-07 18:55:03 --> Footer[4] Pagination ligne 304 | Page 6/63
DEBUG - 2026-09-07 18:55:03 --> Signature bloc de M297 à O302
DEBUG - 2026-09-07 18:55:03 --> Ajout saut de page après ligne 305
DEBUG - 2026-09-07 18:55:03 --> Insertion données page 7 et ligne 319
DEBUG - 2026-09-07 18:55:03 --> Totaux page 7 => HT: 11168168 | TVA: 2149872 | TTC: 13318040
DEBUG - 2026-09-07 18:55:03 --> Insertion footer à partir de ligne 351
DEBUG - 2026-09-07 18:55:03 --> Footer[0] ligne 351 : Bon à savoir / Good to know
DEBUG - 2026-09-07 18:55:03 --> Footer[1] ligne 352 (fond vert)
DEBUG - 2026-09-07 18:55:03 --> Footer[2] ligne 353 (italic bleu)
DEBUG - 2026-09-07 18:55:03 --> Footer[3] ENERGIZING à M354:O354
DEBUG - 2026-09-07 18:55:03 --> Footer[4] Pagination ligne 355 | Page 7/63
DEBUG - 2026-09-07 18:55:03 --> Signature bloc de M348 à O353
DEBUG - 2026-09-07 18:55:03 --> Ajout saut de page après ligne 356
DEBUG - 2026-09-07 18:55:03 --> Insertion données page 8 et ligne 370
DEBUG - 2026-09-07 18:55:03 --> Totaux page 8 => HT: 12740751 | TVA: 2452594 | TTC: 15193345
DEBUG - 2026-09-07 18:55:03 --> Insertion footer à partir de ligne 402
DEBUG - 2026-09-07 18:55:03 --> Footer[0] ligne 402 : Bon à savoir / Good to know
DEBUG - 2026-09-07 18:55:03 --> Footer[1] ligne 403 (fond vert)
DEBUG - 2026-09-07 18:55:03 --> Footer[2] ligne 404 (italic bleu)
DEBUG - 2026-09-07 18:55:03 --> Footer[3] ENERGIZING à M405:O405
DEBUG - 2026-09-07 18:55:03 --> Footer[4] Pagination ligne 406 | Page 8/63
DEBUG - 2026-09-07 18:55:03 --> Signature bloc de M399 à O404
DEBUG - 2026-09-07 18:55:03 --> Ajout saut de page après ligne 407
DEBUG - 2026-09-07 18:55:03 --> Insertion données page 9 et ligne 421
DEBUG - 2026-09-07 18:55:03 --> Totaux page 9 => HT: 12603228 | TVA: 2426126 | TTC: 15029354
DEBUG - 2026-09-07 18:55:03 --> Insertion footer à partir de ligne 453
DEBUG - 2026-09-07 18:55:03 --> Footer[0] ligne 453 : Bon à savoir / Good to know
DEBUG - 2026-09-07 18:55:03 --> Footer[1] ligne 454 (fond vert)
DEBUG - 2026-09-07 18:55:03 --> Footer[2] ligne 455 (italic bleu)
DEBUG - 2026-09-07 18:55:03 --> Footer[3] ENERGIZING à M456:O456
DEBUG - 2026-09-07 18:55:03 --> Footer[4] Pagination ligne 457 | Page 9/63
DEBUG - 2026-09-07 18:55:03 --> Signature bloc de M450 à O455
DEBUG - 2026-09-07 18:55:03 --> Ajout saut de page après ligne 458
DEBUG - 2026-09-07 18:55:03 --> Insertion données page 10 et ligne 472
DEBUG - 2026-09-07 18:55:03 --> Totaux page 10 => HT: 9234038 | TVA: 1777554 | TTC: 11011592
DEBUG - 2026-09-07 18:55:03 --> Insertion footer à partir de ligne 504
DEBUG - 2026-09-07 18:55:03 --> Footer[0] ligne 504 : Bon à savoir / Good to know
DEBUG - 2026-09-07 18:55:03 --> Footer[1] ligne 505 (fond vert)
DEBUG - 2026-09-07 18:55:03 --> Footer[2] ligne 506 (italic bleu)
DEBUG - 2026-09-07 18:55:03 --> Footer[3] ENERGIZING à M507:O507
DEBUG - 2026-09-07 18:55:03 --> Footer[4] Pagination ligne 508 | Page 10/63
DEBUG - 2026-09-07 18:55:03 --> Signature bloc de M501 à O506
DEBUG - 2026-09-07 18:55:03 --> Ajout saut de page après ligne 509
DEBUG - 2026-09-07 18:55:03 --> Insertion données page 11 et ligne 523
DEBUG - 2026-09-07 18:55:04 --> Totaux page 11 => HT: 13808433 | TVA: 2658125 | TTC: 16466558
DEBUG - 2026-09-07 18:55:04 --> Insertion footer à partir de ligne 555
DEBUG - 2026-09-07 18:55:04 --> Footer[0] ligne 555 : Bon à savoir / Good to know
DEBUG - 2026-09-07 18:55:04 --> Footer[1] ligne 556 (fond vert)
DEBUG - 2026-09-07 18:55:04 --> Footer[2] ligne 557 (italic bleu)
DEBUG - 2026-09-07 18:55:04 --> Footer[3] ENERGIZING à M558:O558
DEBUG - 2026-09-07 18:55:04 --> Footer[4] Pagination ligne 559 | Page 11/63
DEBUG - 2026-09-07 18:55:04 --> Signature bloc de M552 à O557
DEBUG - 2026-09-07 18:55:04 --> Ajout saut de page après ligne 560
DEBUG - 2026-09-07 18:55:04 --> Insertion données page 12 et ligne 574
DEBUG - 2026-09-07 18:55:04 --> Totaux page 12 => HT: 11859921 | TVA: 2283037 | TTC: 14142958
DEBUG - 2026-09-07 18:55:04 --> Insertion footer à partir de ligne 606
DEBUG - 2026-09-07 18:55:04 --> Footer[0] ligne 606 : Bon à savoir / Good to know
DEBUG - 2026-09-07 18:55:04 --> Footer[1] ligne 607 (fond vert)
DEBUG - 2026-09-07 18:55:04 --> Footer[2] ligne 608 (italic bleu)
DEBUG - 2026-09-07 18:55:04 --> Footer[3] ENERGIZING à M609:O609
DEBUG - 2026-09-07 18:55:04 --> Footer[4] Pagination ligne 610 | Page 12/63
DEBUG - 2026-09-07 18:55:04 --> Signature bloc de M603 à O608
DEBUG - 2026-09-07 18:55:04 --> Ajout saut de page après ligne 611
DEBUG - 2026-09-07 18:55:04 --> Insertion données page 13 et ligne 625
DEBUG - 2026-09-07 18:55:04 --> Totaux page 13 => HT: 14424177 | TVA: 2776644 | TTC: 17200821
DEBUG - 2026-09-07 18:55:04 --> Insertion footer à partir de ligne 657
DEBUG - 2026-09-07 18:55:04 --> Footer[0] ligne 657 : Bon à savoir / Good to know
DEBUG - 2026-09-07 18:55:04 --> Footer[1] ligne 658 (fond vert)
DEBUG - 2026-09-07 18:55:04 --> Footer[2] ligne 659 (italic bleu)
DEBUG - 2026-09-07 18:55:04 --> Footer[3] ENERGIZING à M660:O660
DEBUG - 2026-09-07 18:55:04 --> Footer[4] Pagination ligne 661 | Page 13/63
DEBUG - 2026-09-07 18:55:04 --> Signature bloc de M654 à O659
DEBUG - 2026-09-07 18:55:04 --> Ajout saut de page après ligne 662
DEBUG - 2026-09-07 18:55:04 --> Insertion données page 14 et ligne 676
DEBUG - 2026-09-07 18:55:04 --> Totaux page 14 => HT: 10695147 | TVA: 2058817 | TTC: 12753964
DEBUG - 2026-09-07 18:55:04 --> Insertion footer à partir de ligne 708
DEBUG - 2026-09-07 18:55:04 --> Footer[0] ligne 708 : Bon à savoir / Good to know
DEBUG - 2026-09-07 18:55:04 --> Footer[1] ligne 709 (fond vert)
DEBUG - 2026-09-07 18:55:04 --> Footer[2] ligne 710 (italic bleu)
DEBUG - 2026-09-07 18:55:04 --> Footer[3] ENERGIZING à M711:O711
DEBUG - 2026-09-07 18:55:04 --> Footer[4] Pagination ligne 712 | Page 14/63
DEBUG - 2026-09-07 18:55:04 --> Signature bloc de M705 à O710
DEBUG - 2026-09-07 18:55:04 --> Ajout saut de page après ligne 713
DEBUG - 2026-09-07 18:55:04 --> Insertion données page 15 et ligne 727
DEBUG - 2026-09-07 18:55:04 --> Totaux page 15 => HT: 7229195 | TVA: 1391623 | TTC: 8620818
DEBUG - 2026-09-07 18:55:04 --> Insertion footer à partir de ligne 759
DEBUG - 2026-09-07 18:55:04 --> Footer[0] ligne 759 : Bon à savoir / Good to know
DEBUG - 2026-09-07 18:55:04 --> Footer[1] ligne 760 (fond vert)
DEBUG - 2026-09-07 18:55:04 --> Footer[2] ligne 761 (italic bleu)
DEBUG - 2026-09-07 18:55:04 --> Footer[3] ENERGIZING à M762:O762
DEBUG - 2026-09-07 18:55:04 --> Footer[4] Pagination ligne 763 | Page 15/63
DEBUG - 2026-09-07 18:55:04 --> Signature bloc de M756 à O761
DEBUG - 2026-09-07 18:55:04 --> Ajout saut de page après ligne 764
DEBUG - 2026-09-07 18:55:04 --> Insertion données page 16 et ligne 778
DEBUG - 2026-09-07 18:55:04 --> Totaux page 16 => HT: 11871845 | TVA: 2283142 | TTC: 14154987
DEBUG - 2026-09-07 18:55:04 --> Insertion footer à partir de ligne 810
DEBUG - 2026-09-07 18:55:04 --> Footer[0] ligne 810 : Bon à savoir / Good to know
DEBUG - 2026-09-07 18:55:04 --> Footer[1] ligne 811 (fond vert)
DEBUG - 2026-09-07 18:55:04 --> Footer[2] ligne 812 (italic bleu)
DEBUG - 2026-09-07 18:55:04 --> Footer[3] ENERGIZING à M813:O813
DEBUG - 2026-09-07 18:55:04 --> Footer[4] Pagination ligne 814 | Page 16/63
DEBUG - 2026-09-07 18:55:04 --> Signature bloc de M807 à O812
DEBUG - 2026-09-07 18:55:04 --> Ajout saut de page après ligne 815
DEBUG - 2026-09-07 18:55:04 --> Insertion données page 17 et ligne 829
DEBUG - 2026-09-07 18:55:04 --> Totaux page 17 => HT: 11157452 | TVA: 2147810 | TTC: 13305262
DEBUG - 2026-09-07 18:55:04 --> Insertion footer à partir de ligne 861
DEBUG - 2026-09-07 18:55:04 --> Footer[0] ligne 861 : Bon à savoir / Good to know
DEBUG - 2026-09-07 18:55:04 --> Footer[1] ligne 862 (fond vert)
DEBUG - 2026-09-07 18:55:04 --> Footer[2] ligne 863 (italic bleu)
DEBUG - 2026-09-07 18:55:04 --> Footer[3] ENERGIZING à M864:O864
DEBUG - 2026-09-07 18:55:04 --> Footer[4] Pagination ligne 865 | Page 17/63
DEBUG - 2026-09-07 18:55:04 --> Signature bloc de M858 à O863
DEBUG - 2026-09-07 18:55:04 --> Ajout saut de page après ligne 866
DEBUG - 2026-09-07 18:55:04 --> Insertion données page 18 et ligne 880
DEBUG - 2026-09-07 18:55:04 --> Totaux page 18 => HT: 12505197 | TVA: 2407250 | TTC: 14912447
DEBUG - 2026-09-07 18:55:04 --> Insertion footer à partir de ligne 912
DEBUG - 2026-09-07 18:55:04 --> Footer[0] ligne 912 : Bon à savoir / Good to know
DEBUG - 2026-09-07 18:55:04 --> Footer[1] ligne 913 (fond vert)
DEBUG - 2026-09-07 18:55:04 --> Footer[2] ligne 914 (italic bleu)
DEBUG - 2026-09-07 18:55:04 --> Footer[3] ENERGIZING à M915:O915
DEBUG - 2026-09-07 18:55:04 --> Footer[4] Pagination ligne 916 | Page 18/63
DEBUG - 2026-09-07 18:55:04 --> Signature bloc de M909 à O914
DEBUG - 2026-09-07 18:55:04 --> Ajout saut de page après ligne 917
DEBUG - 2026-09-07 18:55:04 --> Insertion données page 19 et ligne 931
DEBUG - 2026-09-07 18:55:04 --> Totaux page 19 => HT: 12624908 | TVA: 2430297 | TTC: 15055205
DEBUG - 2026-09-07 18:55:04 --> Insertion footer à partir de ligne 963
DEBUG - 2026-09-07 18:55:04 --> Footer[0] ligne 963 : Bon à savoir / Good to know
DEBUG - 2026-09-07 18:55:04 --> Footer[1] ligne 964 (fond vert)
DEBUG - 2026-09-07 18:55:04 --> Footer[2] ligne 965 (italic bleu)
DEBUG - 2026-09-07 18:55:04 --> Footer[3] ENERGIZING à M966:O966
DEBUG - 2026-09-07 18:55:04 --> Footer[4] Pagination ligne 967 | Page 19/63
DEBUG - 2026-09-07 18:55:04 --> Signature bloc de M960 à O965
DEBUG - 2026-09-07 18:55:04 --> Ajout saut de page après ligne 968
DEBUG - 2026-09-07 18:55:04 --> Insertion données page 20 et ligne 982
DEBUG - 2026-09-07 18:55:04 --> Totaux page 20 => HT: 13487405 | TVA: 2596324 | TTC: 16083729
DEBUG - 2026-09-07 18:55:04 --> Insertion footer à partir de ligne 1014
DEBUG - 2026-09-07 18:55:04 --> Footer[0] ligne 1014 : Bon à savoir / Good to know
DEBUG - 2026-09-07 18:55:04 --> Footer[1] ligne 1015 (fond vert)
DEBUG - 2026-09-07 18:55:04 --> Footer[2] ligne 1016 (italic bleu)
DEBUG - 2026-09-07 18:55:04 --> Footer[3] ENERGIZING à M1017:O1017
DEBUG - 2026-09-07 18:55:04 --> Footer[4] Pagination ligne 1018 | Page 20/63
DEBUG - 2026-09-07 18:55:04 --> Signature bloc de M1011 à O1016
DEBUG - 2026-09-07 18:55:04 --> Ajout saut de page après ligne 1019
DEBUG - 2026-09-07 18:55:04 --> Insertion données page 21 et ligne 1033
DEBUG - 2026-09-07 18:55:04 --> Totaux page 21 => HT: 10551301 | TVA: 2031125 | TTC: 12582426
DEBUG - 2026-09-07 18:55:04 --> Insertion footer à partir de ligne 1065
DEBUG - 2026-09-07 18:55:04 --> Footer[0] ligne 1065 : Bon à savoir / Good to know
DEBUG - 2026-09-07 18:55:04 --> Footer[1] ligne 1066 (fond vert)
DEBUG - 2026-09-07 18:55:04 --> Footer[2] ligne 1067 (italic bleu)
DEBUG - 2026-09-07 18:55:04 --> Footer[3] ENERGIZING à M1068:O1068
DEBUG - 2026-09-07 18:55:04 --> Footer[4] Pagination ligne 1069 | Page 21/63
DEBUG - 2026-09-07 18:55:04 --> Signature bloc de M1062 à O1067
DEBUG - 2026-09-07 18:55:04 --> Ajout saut de page après ligne 1070
DEBUG - 2026-09-07 18:55:04 --> Insertion données page 22 et ligne 1084
DEBUG - 2026-09-07 18:55:04 --> Totaux page 22 => HT: 9691379 | TVA: 1865589 | TTC: 11556968
DEBUG - 2026-09-07 18:55:04 --> Insertion footer à partir de ligne 1116
DEBUG - 2026-09-07 18:55:04 --> Footer[0] ligne 1116 : Bon à savoir / Good to know
DEBUG - 2026-09-07 18:55:04 --> Footer[1] ligne 1117 (fond vert)
DEBUG - 2026-09-07 18:55:04 --> Footer[2] ligne 1118 (italic bleu)
DEBUG - 2026-09-07 18:55:04 --> Footer[3] ENERGIZING à M1119:O1119
DEBUG - 2026-09-07 18:55:04 --> Footer[4] Pagination ligne 1120 | Page 22/63
DEBUG - 2026-09-07 18:55:04 --> Signature bloc de M1113 à O1118
DEBUG - 2026-09-07 18:55:04 --> Ajout saut de page après ligne 1121
DEBUG - 2026-09-07 18:55:04 --> Insertion données page 23 et ligne 1135
DEBUG - 2026-09-07 18:55:04 --> Totaux page 23 => HT: 11810260 | TVA: 2273475 | TTC: 14083735
DEBUG - 2026-09-07 18:55:04 --> Insertion footer à partir de ligne 1167
DEBUG - 2026-09-07 18:55:04 --> Footer[0] ligne 1167 : Bon à savoir / Good to know
DEBUG - 2026-09-07 18:55:04 --> Footer[1] ligne 1168 (fond vert)
DEBUG - 2026-09-07 18:55:04 --> Footer[2] ligne 1169 (italic bleu)
DEBUG - 2026-09-07 18:55:04 --> Footer[3] ENERGIZING à M1170:O1170
DEBUG - 2026-09-07 18:55:04 --> Footer[4] Pagination ligne 1171 | Page 23/63
DEBUG - 2026-09-07 18:55:04 --> Signature bloc de M1164 à O1169
DEBUG - 2026-09-07 18:55:04 --> Ajout saut de page après ligne 1172
DEBUG - 2026-09-07 18:55:04 --> Insertion données page 24 et ligne 1186
DEBUG - 2026-09-07 18:55:04 --> Totaux page 24 => HT: 8208285 | TVA: 1579423 | TTC: 9787708
DEBUG - 2026-09-07 18:55:04 --> Insertion footer à partir de ligne 1218
DEBUG - 2026-09-07 18:55:04 --> Footer[0] ligne 1218 : Bon à savoir / Good to know
DEBUG - 2026-09-07 18:55:04 --> Footer[1] ligne 1219 (fond vert)
DEBUG - 2026-09-07 18:55:04 --> Footer[2] ligne 1220 (italic bleu)
DEBUG - 2026-09-07 18:55:04 --> Footer[3] ENERGIZING à M1221:O1221
DEBUG - 2026-09-07 18:55:04 --> Footer[4] Pagination ligne 1222 | Page 24/63
DEBUG - 2026-09-07 18:55:04 --> Signature bloc de M1215 à O1220
DEBUG - 2026-09-07 18:55:04 --> Ajout saut de page après ligne 1223
DEBUG - 2026-09-07 18:55:04 --> Insertion données page 25 et ligne 1237
DEBUG - 2026-09-07 18:55:04 --> Totaux page 25 => HT: 11380509 | TVA: 2190747 | TTC: 13571256
DEBUG - 2026-09-07 18:55:04 --> Insertion footer à partir de ligne 1269
DEBUG - 2026-09-07 18:55:04 --> Footer[0] ligne 1269 : Bon à savoir / Good to know
DEBUG - 2026-09-07 18:55:04 --> Footer[1] ligne 1270 (fond vert)
DEBUG - 2026-09-07 18:55:04 --> Footer[2] ligne 1271 (italic bleu)
DEBUG - 2026-09-07 18:55:04 --> Footer[3] ENERGIZING à M1272:O1272
DEBUG - 2026-09-07 18:55:04 --> Footer[4] Pagination ligne 1273 | Page 25/63
DEBUG - 2026-09-07 18:55:04 --> Signature bloc de M1266 à O1271
DEBUG - 2026-09-07 18:55:04 --> Ajout saut de page après ligne 1274
DEBUG - 2026-09-07 18:55:04 --> Insertion données page 26 et ligne 1288
DEBUG - 2026-09-07 18:55:04 --> Totaux page 26 => HT: 11162739 | TVA: 2148826 | TTC: 13311565
DEBUG - 2026-09-07 18:55:04 --> Insertion footer à partir de ligne 1320
DEBUG - 2026-09-07 18:55:04 --> Footer[0] ligne 1320 : Bon à savoir / Good to know
DEBUG - 2026-09-07 18:55:04 --> Footer[1] ligne 1321 (fond vert)
DEBUG - 2026-09-07 18:55:04 --> Footer[2] ligne 1322 (italic bleu)
DEBUG - 2026-09-07 18:55:04 --> Footer[3] ENERGIZING à M1323:O1323
DEBUG - 2026-09-07 18:55:04 --> Footer[4] Pagination ligne 1324 | Page 26/63
DEBUG - 2026-09-07 18:55:04 --> Signature bloc de M1317 à O1322
DEBUG - 2026-09-07 18:55:04 --> Ajout saut de page après ligne 1325
DEBUG - 2026-09-07 18:55:04 --> Insertion données page 27 et ligne 1339
DEBUG - 2026-09-07 18:55:04 --> Totaux page 27 => HT: 10838218 | TVA: 2086358 | TTC: 12924576
DEBUG - 2026-09-07 18:55:04 --> Insertion footer à partir de ligne 1371
DEBUG - 2026-09-07 18:55:04 --> Footer[0] ligne 1371 : Bon à savoir / Good to know
DEBUG - 2026-09-07 18:55:04 --> Footer[1] ligne 1372 (fond vert)
DEBUG - 2026-09-07 18:55:04 --> Footer[2] ligne 1373 (italic bleu)
DEBUG - 2026-09-07 18:55:04 --> Footer[3] ENERGIZING à M1374:O1374
DEBUG - 2026-09-07 18:55:04 --> Footer[4] Pagination ligne 1375 | Page 27/63
DEBUG - 2026-09-07 18:55:04 --> Signature bloc de M1368 à O1373
DEBUG - 2026-09-07 18:55:04 --> Ajout saut de page après ligne 1376
DEBUG - 2026-09-07 18:55:04 --> Insertion données page 28 et ligne 1390
DEBUG - 2026-09-07 18:55:04 --> Totaux page 28 => HT: 11725404 | TVA: 2257144 | TTC: 13982548
DEBUG - 2026-09-07 18:55:04 --> Insertion footer à partir de ligne 1422
DEBUG - 2026-09-07 18:55:04 --> Footer[0] ligne 1422 : Bon à savoir / Good to know
DEBUG - 2026-09-07 18:55:04 --> Footer[1] ligne 1423 (fond vert)
DEBUG - 2026-09-07 18:55:04 --> Footer[2] ligne 1424 (italic bleu)
DEBUG - 2026-09-07 18:55:04 --> Footer[3] ENERGIZING à M1425:O1425
DEBUG - 2026-09-07 18:55:04 --> Footer[4] Pagination ligne 1426 | Page 28/63
DEBUG - 2026-09-07 18:55:04 --> Signature bloc de M1419 à O1424
DEBUG - 2026-09-07 18:55:04 --> Ajout saut de page après ligne 1427
DEBUG - 2026-09-07 18:55:04 --> Insertion données page 29 et ligne 1441
DEBUG - 2026-09-07 18:55:04 --> Totaux page 29 => HT: 6871054 | TVA: 1322679 | TTC: 8193733
DEBUG - 2026-09-07 18:55:04 --> Insertion footer à partir de ligne 1473
DEBUG - 2026-09-07 18:55:04 --> Footer[0] ligne 1473 : Bon à savoir / Good to know
DEBUG - 2026-09-07 18:55:04 --> Footer[1] ligne 1474 (fond vert)
DEBUG - 2026-09-07 18:55:04 --> Footer[2] ligne 1475 (italic bleu)
DEBUG - 2026-09-07 18:55:04 --> Footer[3] ENERGIZING à M1476:O1476
DEBUG - 2026-09-07 18:55:04 --> Footer[4] Pagination ligne 1477 | Page 29/63
DEBUG - 2026-09-07 18:55:04 --> Signature bloc de M1470 à O1475
DEBUG - 2026-09-07 18:55:04 --> Ajout saut de page après ligne 1478
DEBUG - 2026-09-07 18:55:04 --> Insertion données page 30 et ligne 1492
DEBUG - 2026-09-07 18:55:04 --> Totaux page 30 => HT: 9700338 | TVA: 1867314 | TTC: 11567652
DEBUG - 2026-09-07 18:55:04 --> Insertion footer à partir de ligne 1524
DEBUG - 2026-09-07 18:55:04 --> Footer[0] ligne 1524 : Bon à savoir / Good to know
DEBUG - 2026-09-07 18:55:04 --> Footer[1] ligne 1525 (fond vert)
DEBUG - 2026-09-07 18:55:04 --> Footer[2] ligne 1526 (italic bleu)
DEBUG - 2026-09-07 18:55:04 --> Footer[3] ENERGIZING à M1527:O1527
DEBUG - 2026-09-07 18:55:04 --> Footer[4] Pagination ligne 1528 | Page 30/63
DEBUG - 2026-09-07 18:55:04 --> Signature bloc de M1521 à O1526
DEBUG - 2026-09-07 18:55:04 --> Ajout saut de page après ligne 1529
DEBUG - 2026-09-07 18:55:04 --> Insertion données page 31 et ligne 1543
DEBUG - 2026-09-07 18:55:04 --> Totaux page 31 => HT: 9518210 | TVA: 1832255 | TTC: 11350465
DEBUG - 2026-09-07 18:55:04 --> Insertion footer à partir de ligne 1575
DEBUG - 2026-09-07 18:55:04 --> Footer[0] ligne 1575 : Bon à savoir / Good to know
DEBUG - 2026-09-07 18:55:04 --> Footer[1] ligne 1576 (fond vert)
DEBUG - 2026-09-07 18:55:04 --> Footer[2] ligne 1577 (italic bleu)
DEBUG - 2026-09-07 18:55:04 --> Footer[3] ENERGIZING à M1578:O1578
DEBUG - 2026-09-07 18:55:04 --> Footer[4] Pagination ligne 1579 | Page 31/63
DEBUG - 2026-09-07 18:55:04 --> Signature bloc de M1572 à O1577
DEBUG - 2026-09-07 18:55:04 --> Ajout saut de page après ligne 1580
DEBUG - 2026-09-07 18:55:04 --> Insertion données page 32 et ligne 1594
DEBUG - 2026-09-07 18:55:04 --> Totaux page 32 => HT: 8448102 | TVA: 1626260 | TTC: 10074362
DEBUG - 2026-09-07 18:55:04 --> Insertion footer à partir de ligne 1626
DEBUG - 2026-09-07 18:55:04 --> Footer[0] ligne 1626 : Bon à savoir / Good to know
DEBUG - 2026-09-07 18:55:04 --> Footer[1] ligne 1627 (fond vert)
DEBUG - 2026-09-07 18:55:04 --> Footer[2] ligne 1628 (italic bleu)
DEBUG - 2026-09-07 18:55:04 --> Footer[3] ENERGIZING à M1629:O1629
DEBUG - 2026-09-07 18:55:04 --> Footer[4] Pagination ligne 1630 | Page 32/63
DEBUG - 2026-09-07 18:55:04 --> Signature bloc de M1623 à O1628
DEBUG - 2026-09-07 18:55:04 --> Ajout saut de page après ligne 1631
DEBUG - 2026-09-07 18:55:04 --> Insertion données page 33 et ligne 1645
DEBUG - 2026-09-07 18:55:04 --> Totaux page 33 => HT: 13225123 | TVA: 2545836 | TTC: 15770959
DEBUG - 2026-09-07 18:55:04 --> Insertion footer à partir de ligne 1677
DEBUG - 2026-09-07 18:55:04 --> Footer[0] ligne 1677 : Bon à savoir / Good to know
DEBUG - 2026-09-07 18:55:04 --> Footer[1] ligne 1678 (fond vert)
DEBUG - 2026-09-07 18:55:04 --> Footer[2] ligne 1679 (italic bleu)
DEBUG - 2026-09-07 18:55:04 --> Footer[3] ENERGIZING à M1680:O1680
DEBUG - 2026-09-07 18:55:04 --> Footer[4] Pagination ligne 1681 | Page 33/63
DEBUG - 2026-09-07 18:55:04 --> Signature bloc de M1674 à O1679
DEBUG - 2026-09-07 18:55:04 --> Ajout saut de page après ligne 1682
DEBUG - 2026-09-07 18:55:04 --> Insertion données page 34 et ligne 1696
DEBUG - 2026-09-07 18:55:04 --> Totaux page 34 => HT: 8625805 | TVA: 1660467 | TTC: 10286272
DEBUG - 2026-09-07 18:55:04 --> Insertion footer à partir de ligne 1728
DEBUG - 2026-09-07 18:55:04 --> Footer[0] ligne 1728 : Bon à savoir / Good to know
DEBUG - 2026-09-07 18:55:04 --> Footer[1] ligne 1729 (fond vert)
DEBUG - 2026-09-07 18:55:04 --> Footer[2] ligne 1730 (italic bleu)
DEBUG - 2026-09-07 18:55:04 --> Footer[3] ENERGIZING à M1731:O1731
DEBUG - 2026-09-07 18:55:04 --> Footer[4] Pagination ligne 1732 | Page 34/63
DEBUG - 2026-09-07 18:55:04 --> Signature bloc de M1725 à O1730
DEBUG - 2026-09-07 18:55:04 --> Ajout saut de page après ligne 1733
DEBUG - 2026-09-07 18:55:04 --> Insertion données page 35 et ligne 1747
DEBUG - 2026-09-07 18:55:04 --> Totaux page 35 => HT: 12674711 | TVA: 2439884 | TTC: 15114595
DEBUG - 2026-09-07 18:55:04 --> Insertion footer à partir de ligne 1779
DEBUG - 2026-09-07 18:55:04 --> Footer[0] ligne 1779 : Bon à savoir / Good to know
DEBUG - 2026-09-07 18:55:04 --> Footer[1] ligne 1780 (fond vert)
DEBUG - 2026-09-07 18:55:04 --> Footer[2] ligne 1781 (italic bleu)
DEBUG - 2026-09-07 18:55:04 --> Footer[3] ENERGIZING à M1782:O1782
DEBUG - 2026-09-07 18:55:04 --> Footer[4] Pagination ligne 1783 | Page 35/63
DEBUG - 2026-09-07 18:55:04 --> Signature bloc de M1776 à O1781
DEBUG - 2026-09-07 18:55:04 --> Ajout saut de page après ligne 1784
DEBUG - 2026-09-07 18:55:04 --> Insertion données page 36 et ligne 1798
DEBUG - 2026-09-07 18:55:04 --> Totaux page 36 => HT: 12591909 | TVA: 2423942 | TTC: 15015851
DEBUG - 2026-09-07 18:55:04 --> Insertion footer à partir de ligne 1830
DEBUG - 2026-09-07 18:55:04 --> Footer[0] ligne 1830 : Bon à savoir / Good to know
DEBUG - 2026-09-07 18:55:04 --> Footer[1] ligne 1831 (fond vert)
DEBUG - 2026-09-07 18:55:04 --> Footer[2] ligne 1832 (italic bleu)
DEBUG - 2026-09-07 18:55:04 --> Footer[3] ENERGIZING à M1833:O1833
DEBUG - 2026-09-07 18:55:04 --> Footer[4] Pagination ligne 1834 | Page 36/63
DEBUG - 2026-09-07 18:55:04 --> Signature bloc de M1827 à O1832
DEBUG - 2026-09-07 18:55:04 --> Ajout saut de page après ligne 1835
DEBUG - 2026-09-07 18:55:04 --> Insertion données page 37 et ligne 1849
DEBUG - 2026-09-07 18:55:05 --> Totaux page 37 => HT: 10429843 | TVA: 2007744 | TTC: 12437587
DEBUG - 2026-09-07 18:55:05 --> Insertion footer à partir de ligne 1881
DEBUG - 2026-09-07 18:55:05 --> Footer[0] ligne 1881 : Bon à savoir / Good to know
DEBUG - 2026-09-07 18:55:05 --> Footer[1] ligne 1882 (fond vert)
DEBUG - 2026-09-07 18:55:05 --> Footer[2] ligne 1883 (italic bleu)
DEBUG - 2026-09-07 18:55:05 --> Footer[3] ENERGIZING à M1884:O1884
DEBUG - 2026-09-07 18:55:05 --> Footer[4] Pagination ligne 1885 | Page 37/63
DEBUG - 2026-09-07 18:55:05 --> Signature bloc de M1878 à O1883
DEBUG - 2026-09-07 18:55:05 --> Ajout saut de page après ligne 1886
DEBUG - 2026-09-07 18:55:05 --> Insertion données page 38 et ligne 1900
DEBUG - 2026-09-07 18:55:05 --> Totaux page 38 => HT: 10202908 | TVA: 1964059 | TTC: 12166967
DEBUG - 2026-09-07 18:55:05 --> Insertion footer à partir de ligne 1932
DEBUG - 2026-09-07 18:55:05 --> Footer[0] ligne 1932 : Bon à savoir / Good to know
DEBUG - 2026-09-07 18:55:05 --> Footer[1] ligne 1933 (fond vert)
DEBUG - 2026-09-07 18:55:05 --> Footer[2] ligne 1934 (italic bleu)
DEBUG - 2026-09-07 18:55:05 --> Footer[3] ENERGIZING à M1935:O1935
DEBUG - 2026-09-07 18:55:05 --> Footer[4] Pagination ligne 1936 | Page 38/63
DEBUG - 2026-09-07 18:55:05 --> Signature bloc de M1929 à O1934
DEBUG - 2026-09-07 18:55:05 --> Ajout saut de page après ligne 1937
DEBUG - 2026-09-07 18:55:05 --> Insertion données page 39 et ligne 1951
DEBUG - 2026-09-07 18:55:05 --> Totaux page 39 => HT: 13239302 | TVA: 2548565 | TTC: 15787867
DEBUG - 2026-09-07 18:55:05 --> Insertion footer à partir de ligne 1983
DEBUG - 2026-09-07 18:55:05 --> Footer[0] ligne 1983 : Bon à savoir / Good to know
DEBUG - 2026-09-07 18:55:05 --> Footer[1] ligne 1984 (fond vert)
DEBUG - 2026-09-07 18:55:05 --> Footer[2] ligne 1985 (italic bleu)
DEBUG - 2026-09-07 18:55:05 --> Footer[3] ENERGIZING à M1986:O1986
DEBUG - 2026-09-07 18:55:05 --> Footer[4] Pagination ligne 1987 | Page 39/63
DEBUG - 2026-09-07 18:55:05 --> Signature bloc de M1980 à O1985
DEBUG - 2026-09-07 18:55:05 --> Ajout saut de page après ligne 1988
DEBUG - 2026-09-07 18:55:05 --> Insertion données page 40 et ligne 2002
DEBUG - 2026-09-07 18:55:05 --> Totaux page 40 => HT: 11638302 | TVA: 2240371 | TTC: 13878673
DEBUG - 2026-09-07 18:55:05 --> Insertion footer à partir de ligne 2034
DEBUG - 2026-09-07 18:55:05 --> Footer[0] ligne 2034 : Bon à savoir / Good to know
DEBUG - 2026-09-07 18:55:05 --> Footer[1] ligne 2035 (fond vert)
DEBUG - 2026-09-07 18:55:05 --> Footer[2] ligne 2036 (italic bleu)
DEBUG - 2026-09-07 18:55:05 --> Footer[3] ENERGIZING à M2037:O2037
DEBUG - 2026-09-07 18:55:05 --> Footer[4] Pagination ligne 2038 | Page 40/63
DEBUG - 2026-09-07 18:55:05 --> Signature bloc de M2031 à O2036
DEBUG - 2026-09-07 18:55:05 --> Ajout saut de page après ligne 2039
DEBUG - 2026-09-07 18:55:05 --> Insertion données page 41 et ligne 2053
DEBUG - 2026-09-07 18:55:05 --> Totaux page 41 => HT: 9712086 | TVA: 1869577 | TTC: 11581663
DEBUG - 2026-09-07 18:55:05 --> Insertion footer à partir de ligne 2085
DEBUG - 2026-09-07 18:55:05 --> Footer[0] ligne 2085 : Bon à savoir / Good to know
DEBUG - 2026-09-07 18:55:05 --> Footer[1] ligne 2086 (fond vert)
DEBUG - 2026-09-07 18:55:05 --> Footer[2] ligne 2087 (italic bleu)
DEBUG - 2026-09-07 18:55:05 --> Footer[3] ENERGIZING à M2088:O2088
DEBUG - 2026-09-07 18:55:05 --> Footer[4] Pagination ligne 2089 | Page 41/63
DEBUG - 2026-09-07 18:55:05 --> Signature bloc de M2082 à O2087
DEBUG - 2026-09-07 18:55:05 --> Ajout saut de page après ligne 2090
DEBUG - 2026-09-07 18:55:05 --> Insertion données page 42 et ligne 2104
DEBUG - 2026-09-07 18:55:05 --> Totaux page 42 => HT: 13405031 | TVA: 2580470 | TTC: 15985501
DEBUG - 2026-09-07 18:55:05 --> Insertion footer à partir de ligne 2136
DEBUG - 2026-09-07 18:55:05 --> Footer[0] ligne 2136 : Bon à savoir / Good to know
DEBUG - 2026-09-07 18:55:05 --> Footer[1] ligne 2137 (fond vert)
DEBUG - 2026-09-07 18:55:05 --> Footer[2] ligne 2138 (italic bleu)
DEBUG - 2026-09-07 18:55:05 --> Footer[3] ENERGIZING à M2139:O2139
DEBUG - 2026-09-07 18:55:05 --> Footer[4] Pagination ligne 2140 | Page 42/63
DEBUG - 2026-09-07 18:55:05 --> Signature bloc de M2133 à O2138
DEBUG - 2026-09-07 18:55:05 --> Ajout saut de page après ligne 2141
DEBUG - 2026-09-07 18:55:05 --> Insertion données page 43 et ligne 2155
DEBUG - 2026-09-07 18:55:05 --> Totaux page 43 => HT: 10040359 | TVA: 1932769 | TTC: 11973128
DEBUG - 2026-09-07 18:55:05 --> Insertion footer à partir de ligne 2187
DEBUG - 2026-09-07 18:55:05 --> Footer[0] ligne 2187 : Bon à savoir / Good to know
DEBUG - 2026-09-07 18:55:05 --> Footer[1] ligne 2188 (fond vert)
DEBUG - 2026-09-07 18:55:05 --> Footer[2] ligne 2189 (italic bleu)
DEBUG - 2026-09-07 18:55:05 --> Footer[3] ENERGIZING à M2190:O2190
DEBUG - 2026-09-07 18:55:05 --> Footer[4] Pagination ligne 2191 | Page 43/63
DEBUG - 2026-09-07 18:55:05 --> Signature bloc de M2184 à O2189
DEBUG - 2026-09-07 18:55:05 --> Ajout saut de page après ligne 2192
DEBUG - 2026-09-07 18:55:05 --> Insertion données page 44 et ligne 2206
DEBUG - 2026-09-07 18:55:05 --> Totaux page 44 => HT: 11939739 | TVA: 2298400 | TTC: 14238139
DEBUG - 2026-09-07 18:55:05 --> Insertion footer à partir de ligne 2238
DEBUG - 2026-09-07 18:55:05 --> Footer[0] ligne 2238 : Bon à savoir / Good to know
DEBUG - 2026-09-07 18:55:05 --> Footer[1] ligne 2239 (fond vert)
DEBUG - 2026-09-07 18:55:05 --> Footer[2] ligne 2240 (italic bleu)
DEBUG - 2026-09-07 18:55:05 --> Footer[3] ENERGIZING à M2241:O2241
DEBUG - 2026-09-07 18:55:05 --> Footer[4] Pagination ligne 2242 | Page 44/63
DEBUG - 2026-09-07 18:55:05 --> Signature bloc de M2235 à O2240
DEBUG - 2026-09-07 18:55:05 --> Ajout saut de page après ligne 2243
DEBUG - 2026-09-07 18:55:05 --> Insertion données page 45 et ligne 2257
DEBUG - 2026-09-07 18:55:05 --> Totaux page 45 => HT: 10888152 | TVA: 2095971 | TTC: 12984123
DEBUG - 2026-09-07 18:55:05 --> Insertion footer à partir de ligne 2289
DEBUG - 2026-09-07 18:55:05 --> Footer[0] ligne 2289 : Bon à savoir / Good to know
DEBUG - 2026-09-07 18:55:05 --> Footer[1] ligne 2290 (fond vert)
DEBUG - 2026-09-07 18:55:05 --> Footer[2] ligne 2291 (italic bleu)
DEBUG - 2026-09-07 18:55:05 --> Footer[3] ENERGIZING à M2292:O2292
DEBUG - 2026-09-07 18:55:05 --> Footer[4] Pagination ligne 2293 | Page 45/63
DEBUG - 2026-09-07 18:55:05 --> Signature bloc de M2286 à O2291
DEBUG - 2026-09-07 18:55:05 --> Ajout saut de page après ligne 2294
DEBUG - 2026-09-07 18:55:05 --> Insertion données page 46 et ligne 2308
DEBUG - 2026-09-07 18:55:05 --> Totaux page 46 => HT: 7119982 | TVA: 1370596 | TTC: 8490578
DEBUG - 2026-09-07 18:55:05 --> Insertion footer à partir de ligne 2340
DEBUG - 2026-09-07 18:55:05 --> Footer[0] ligne 2340 : Bon à savoir / Good to know
DEBUG - 2026-09-07 18:55:05 --> Footer[1] ligne 2341 (fond vert)
DEBUG - 2026-09-07 18:55:05 --> Footer[2] ligne 2342 (italic bleu)
DEBUG - 2026-09-07 18:55:05 --> Footer[3] ENERGIZING à M2343:O2343
DEBUG - 2026-09-07 18:55:05 --> Footer[4] Pagination ligne 2344 | Page 46/63
DEBUG - 2026-09-07 18:55:05 --> Signature bloc de M2337 à O2342
DEBUG - 2026-09-07 18:55:05 --> Ajout saut de page après ligne 2345
DEBUG - 2026-09-07 18:55:05 --> Insertion données page 47 et ligne 2359
DEBUG - 2026-09-07 18:55:05 --> Totaux page 47 => HT: 14338949 | TVA: 2760246 | TTC: 17099195
DEBUG - 2026-09-07 18:55:05 --> Insertion footer à partir de ligne 2391
DEBUG - 2026-09-07 18:55:05 --> Footer[0] ligne 2391 : Bon à savoir / Good to know
DEBUG - 2026-09-07 18:55:05 --> Footer[1] ligne 2392 (fond vert)
DEBUG - 2026-09-07 18:55:05 --> Footer[2] ligne 2393 (italic bleu)
DEBUG - 2026-09-07 18:55:05 --> Footer[3] ENERGIZING à M2394:O2394
DEBUG - 2026-09-07 18:55:05 --> Footer[4] Pagination ligne 2395 | Page 47/63
DEBUG - 2026-09-07 18:55:05 --> Signature bloc de M2388 à O2393
DEBUG - 2026-09-07 18:55:05 --> Ajout saut de page après ligne 2396
DEBUG - 2026-09-07 18:55:05 --> Insertion données page 48 et ligne 2410
DEBUG - 2026-09-07 18:55:05 --> Totaux page 48 => HT: 11940195 | TVA: 2298487 | TTC: 14238682
DEBUG - 2026-09-07 18:55:05 --> Insertion footer à partir de ligne 2442
DEBUG - 2026-09-07 18:55:05 --> Footer[0] ligne 2442 : Bon à savoir / Good to know
DEBUG - 2026-09-07 18:55:05 --> Footer[1] ligne 2443 (fond vert)
DEBUG - 2026-09-07 18:55:05 --> Footer[2] ligne 2444 (italic bleu)
DEBUG - 2026-09-07 18:55:05 --> Footer[3] ENERGIZING à M2445:O2445
DEBUG - 2026-09-07 18:55:05 --> Footer[4] Pagination ligne 2446 | Page 48/63
DEBUG - 2026-09-07 18:55:05 --> Signature bloc de M2439 à O2444
DEBUG - 2026-09-07 18:55:05 --> Ajout saut de page après ligne 2447
DEBUG - 2026-09-07 18:55:05 --> Insertion données page 49 et ligne 2461
DEBUG - 2026-09-07 18:55:05 --> Totaux page 49 => HT: 11859598 | TVA: 2282972 | TTC: 14142570
DEBUG - 2026-09-07 18:55:05 --> Insertion footer à partir de ligne 2493
DEBUG - 2026-09-07 18:55:05 --> Footer[0] ligne 2493 : Bon à savoir / Good to know
DEBUG - 2026-09-07 18:55:05 --> Footer[1] ligne 2494 (fond vert)
DEBUG - 2026-09-07 18:55:05 --> Footer[2] ligne 2495 (italic bleu)
DEBUG - 2026-09-07 18:55:05 --> Footer[3] ENERGIZING à M2496:O2496
DEBUG - 2026-09-07 18:55:05 --> Footer[4] Pagination ligne 2497 | Page 49/63
DEBUG - 2026-09-07 18:55:05 --> Signature bloc de M2490 à O2495
DEBUG - 2026-09-07 18:55:05 --> Ajout saut de page après ligne 2498
DEBUG - 2026-09-07 18:55:05 --> Insertion données page 50 et ligne 2512
DEBUG - 2026-09-07 18:55:05 --> Totaux page 50 => HT: 14188454 | TVA: 2731280 | TTC: 16919734
DEBUG - 2026-09-07 18:55:05 --> Insertion footer à partir de ligne 2544
DEBUG - 2026-09-07 18:55:05 --> Footer[0] ligne 2544 : Bon à savoir / Good to know
DEBUG - 2026-09-07 18:55:05 --> Footer[1] ligne 2545 (fond vert)
DEBUG - 2026-09-07 18:55:05 --> Footer[2] ligne 2546 (italic bleu)
DEBUG - 2026-09-07 18:55:05 --> Footer[3] ENERGIZING à M2547:O2547
DEBUG - 2026-09-07 18:55:05 --> Footer[4] Pagination ligne 2548 | Page 50/63
DEBUG - 2026-09-07 18:55:05 --> Signature bloc de M2541 à O2546
DEBUG - 2026-09-07 18:55:05 --> Ajout saut de page après ligne 2549
DEBUG - 2026-09-07 18:55:05 --> Insertion données page 51 et ligne 2563
DEBUG - 2026-09-07 18:55:05 --> Totaux page 51 => HT: 14425051 | TVA: 2776823 | TTC: 17201874
DEBUG - 2026-09-07 18:55:05 --> Insertion footer à partir de ligne 2595
DEBUG - 2026-09-07 18:55:05 --> Footer[0] ligne 2595 : Bon à savoir / Good to know
DEBUG - 2026-09-07 18:55:05 --> Footer[1] ligne 2596 (fond vert)
DEBUG - 2026-09-07 18:55:05 --> Footer[2] ligne 2597 (italic bleu)
DEBUG - 2026-09-07 18:55:05 --> Footer[3] ENERGIZING à M2598:O2598
DEBUG - 2026-09-07 18:55:05 --> Footer[4] Pagination ligne 2599 | Page 51/63
DEBUG - 2026-09-07 18:55:05 --> Signature bloc de M2592 à O2597
DEBUG - 2026-09-07 18:55:05 --> Ajout saut de page après ligne 2600
DEBUG - 2026-09-07 18:55:05 --> Insertion données page 52 et ligne 2614
DEBUG - 2026-09-07 18:55:05 --> Totaux page 52 => HT: 11268529 | TVA: 2169194 | TTC: 13437723
DEBUG - 2026-09-07 18:55:05 --> Insertion footer à partir de ligne 2646
DEBUG - 2026-09-07 18:55:05 --> Footer[0] ligne 2646 : Bon à savoir / Good to know
DEBUG - 2026-09-07 18:55:05 --> Footer[1] ligne 2647 (fond vert)
DEBUG - 2026-09-07 18:55:05 --> Footer[2] ligne 2648 (italic bleu)
DEBUG - 2026-09-07 18:55:05 --> Footer[3] ENERGIZING à M2649:O2649
DEBUG - 2026-09-07 18:55:05 --> Footer[4] Pagination ligne 2650 | Page 52/63
DEBUG - 2026-09-07 18:55:05 --> Signature bloc de M2643 à O2648
DEBUG - 2026-09-07 18:55:05 --> Ajout saut de page après ligne 2651
DEBUG - 2026-09-07 18:55:05 --> Insertion données page 53 et ligne 2665
DEBUG - 2026-09-07 18:55:05 --> Totaux page 53 => HT: 11647078 | TVA: 2242061 | TTC: 13889139
DEBUG - 2026-09-07 18:55:05 --> Insertion footer à partir de ligne 2697
DEBUG - 2026-09-07 18:55:05 --> Footer[0] ligne 2697 : Bon à savoir / Good to know
DEBUG - 2026-09-07 18:55:05 --> Footer[1] ligne 2698 (fond vert)
DEBUG - 2026-09-07 18:55:05 --> Footer[2] ligne 2699 (italic bleu)
DEBUG - 2026-09-07 18:55:05 --> Footer[3] ENERGIZING à M2700:O2700
DEBUG - 2026-09-07 18:55:05 --> Footer[4] Pagination ligne 2701 | Page 53/63
DEBUG - 2026-09-07 18:55:05 --> Signature bloc de M2694 à O2699
DEBUG - 2026-09-07 18:55:05 --> Ajout saut de page après ligne 2702
DEBUG - 2026-09-07 18:55:05 --> Insertion données page 54 et ligne 2716
DEBUG - 2026-09-07 18:55:05 --> Totaux page 54 => HT: 10842671 | TVA: 2087212 | TTC: 12929883
DEBUG - 2026-09-07 18:55:05 --> Insertion footer à partir de ligne 2748
DEBUG - 2026-09-07 18:55:05 --> Footer[0] ligne 2748 : Bon à savoir / Good to know
DEBUG - 2026-09-07 18:55:05 --> Footer[1] ligne 2749 (fond vert)
DEBUG - 2026-09-07 18:55:05 --> Footer[2] ligne 2750 (italic bleu)
DEBUG - 2026-09-07 18:55:05 --> Footer[3] ENERGIZING à M2751:O2751
DEBUG - 2026-09-07 18:55:05 --> Footer[4] Pagination ligne 2752 | Page 54/63
DEBUG - 2026-09-07 18:55:05 --> Signature bloc de M2745 à O2750
DEBUG - 2026-09-07 18:55:05 --> Ajout saut de page après ligne 2753
DEBUG - 2026-09-07 18:55:05 --> Insertion données page 55 et ligne 2767
DEBUG - 2026-09-07 18:55:05 --> Totaux page 55 => HT: 10336624 | TVA: 1989800 | TTC: 12326424
DEBUG - 2026-09-07 18:55:05 --> Insertion footer à partir de ligne 2799
DEBUG - 2026-09-07 18:55:05 --> Footer[0] ligne 2799 : Bon à savoir / Good to know
DEBUG - 2026-09-07 18:55:05 --> Footer[1] ligne 2800 (fond vert)
DEBUG - 2026-09-07 18:55:05 --> Footer[2] ligne 2801 (italic bleu)
DEBUG - 2026-09-07 18:55:05 --> Footer[3] ENERGIZING à M2802:O2802
DEBUG - 2026-09-07 18:55:05 --> Footer[4] Pagination ligne 2803 | Page 55/63
DEBUG - 2026-09-07 18:55:05 --> Signature bloc de M2796 à O2801
DEBUG - 2026-09-07 18:55:05 --> Ajout saut de page après ligne 2804
DEBUG - 2026-09-07 18:55:05 --> Insertion données page 56 et ligne 2818
DEBUG - 2026-09-07 18:55:05 --> Totaux page 56 => HT: 9229891 | TVA: 1776755 | TTC: 11006646
DEBUG - 2026-09-07 18:55:05 --> Insertion footer à partir de ligne 2850
DEBUG - 2026-09-07 18:55:05 --> Footer[0] ligne 2850 : Bon à savoir / Good to know
DEBUG - 2026-09-07 18:55:05 --> Footer[1] ligne 2851 (fond vert)
DEBUG - 2026-09-07 18:55:05 --> Footer[2] ligne 2852 (italic bleu)
DEBUG - 2026-09-07 18:55:05 --> Footer[3] ENERGIZING à M2853:O2853
DEBUG - 2026-09-07 18:55:05 --> Footer[4] Pagination ligne 2854 | Page 56/63
DEBUG - 2026-09-07 18:55:05 --> Signature bloc de M2847 à O2852
DEBUG - 2026-09-07 18:55:05 --> Ajout saut de page après ligne 2855
DEBUG - 2026-09-07 18:55:05 --> Insertion données page 57 et ligne 2869
DEBUG - 2026-09-07 18:55:05 --> Totaux page 57 => HT: 9922544 | TVA: 1910090 | TTC: 11832634
DEBUG - 2026-09-07 18:55:05 --> Insertion footer à partir de ligne 2901
DEBUG - 2026-09-07 18:55:05 --> Footer[0] ligne 2901 : Bon à savoir / Good to know
DEBUG - 2026-09-07 18:55:05 --> Footer[1] ligne 2902 (fond vert)
DEBUG - 2026-09-07 18:55:05 --> Footer[2] ligne 2903 (italic bleu)
DEBUG - 2026-09-07 18:55:05 --> Footer[3] ENERGIZING à M2904:O2904
DEBUG - 2026-09-07 18:55:05 --> Footer[4] Pagination ligne 2905 | Page 57/63
DEBUG - 2026-09-07 18:55:05 --> Signature bloc de M2898 à O2903
DEBUG - 2026-09-07 18:55:05 --> Ajout saut de page après ligne 2906
DEBUG - 2026-09-07 18:55:05 --> Insertion données page 58 et ligne 2920
DEBUG - 2026-09-07 18:55:05 --> Totaux page 58 => HT: 11199343 | TVA: 2155874 | TTC: 13355217
DEBUG - 2026-09-07 18:55:05 --> Insertion footer à partir de ligne 2952
DEBUG - 2026-09-07 18:55:05 --> Footer[0] ligne 2952 : Bon à savoir / Good to know
DEBUG - 2026-09-07 18:55:05 --> Footer[1] ligne 2953 (fond vert)
DEBUG - 2026-09-07 18:55:05 --> Footer[2] ligne 2954 (italic bleu)
DEBUG - 2026-09-07 18:55:05 --> Footer[3] ENERGIZING à M2955:O2955
DEBUG - 2026-09-07 18:55:05 --> Footer[4] Pagination ligne 2956 | Page 58/63
DEBUG - 2026-09-07 18:55:05 --> Signature bloc de M2949 à O2954
DEBUG - 2026-09-07 18:55:05 --> Ajout saut de page après ligne 2957
DEBUG - 2026-09-07 18:55:05 --> Insertion données page 59 et ligne 2971
DEBUG - 2026-09-07 18:55:05 --> Totaux page 59 => HT: 12086166 | TVA: 2326586 | TTC: 14412752
DEBUG - 2026-09-07 18:55:05 --> Insertion footer à partir de ligne 3003
DEBUG - 2026-09-07 18:55:05 --> Footer[0] ligne 3003 : Bon à savoir / Good to know
DEBUG - 2026-09-07 18:55:05 --> Footer[1] ligne 3004 (fond vert)
DEBUG - 2026-09-07 18:55:05 --> Footer[2] ligne 3005 (italic bleu)
DEBUG - 2026-09-07 18:55:05 --> Footer[3] ENERGIZING à M3006:O3006
DEBUG - 2026-09-07 18:55:05 --> Footer[4] Pagination ligne 3007 | Page 59/63
DEBUG - 2026-09-07 18:55:05 --> Signature bloc de M3000 à O3005
DEBUG - 2026-09-07 18:55:05 --> Ajout saut de page après ligne 3008
DEBUG - 2026-09-07 18:55:05 --> Insertion données page 60 et ligne 3022
DEBUG - 2026-09-07 18:55:05 --> Totaux page 60 => HT: 11550261 | TVA: 2223426 | TTC: 13773687
DEBUG - 2026-09-07 18:55:05 --> Insertion footer à partir de ligne 3054
DEBUG - 2026-09-07 18:55:05 --> Footer[0] ligne 3054 : Bon à savoir / Good to know
DEBUG - 2026-09-07 18:55:05 --> Footer[1] ligne 3055 (fond vert)
DEBUG - 2026-09-07 18:55:05 --> Footer[2] ligne 3056 (italic bleu)
DEBUG - 2026-09-07 18:55:05 --> Footer[3] ENERGIZING à M3057:O3057
DEBUG - 2026-09-07 18:55:05 --> Footer[4] Pagination ligne 3058 | Page 60/63
DEBUG - 2026-09-07 18:55:05 --> Signature bloc de M3051 à O3056
DEBUG - 2026-09-07 18:55:05 --> Ajout saut de page après ligne 3059
DEBUG - 2026-09-07 18:55:05 --> Insertion données page 61 et ligne 3073
DEBUG - 2026-09-07 18:55:05 --> Totaux page 61 => HT: 12381361 | TVA: 2383412 | TTC: 14764773
DEBUG - 2026-09-07 18:55:05 --> Insertion footer à partir de ligne 3105
DEBUG - 2026-09-07 18:55:05 --> Footer[0] ligne 3105 : Bon à savoir / Good to know
DEBUG - 2026-09-07 18:55:05 --> Footer[1] ligne 3106 (fond vert)
DEBUG - 2026-09-07 18:55:05 --> Footer[2] ligne 3107 (italic bleu)
DEBUG - 2026-09-07 18:55:05 --> Footer[3] ENERGIZING à M3108:O3108
DEBUG - 2026-09-07 18:55:05 --> Footer[4] Pagination ligne 3109 | Page 61/63
DEBUG - 2026-09-07 18:55:05 --> Signature bloc de M3102 à O3107
DEBUG - 2026-09-07 18:55:05 --> Ajout saut de page après ligne 3110
DEBUG - 2026-09-07 18:55:05 --> Insertion données page 62 et ligne 3124
DEBUG - 2026-09-07 18:55:05 --> Totaux page 62 => HT: 9748842 | TVA: 1876653 | TTC: 11625495
DEBUG - 2026-09-07 18:55:05 --> Insertion footer à partir de ligne 3156
DEBUG - 2026-09-07 18:55:05 --> Footer[0] ligne 3156 : Bon à savoir / Good to know
DEBUG - 2026-09-07 18:55:05 --> Footer[1] ligne 3157 (fond vert)
DEBUG - 2026-09-07 18:55:05 --> Footer[2] ligne 3158 (italic bleu)
DEBUG - 2026-09-07 18:55:05 --> Footer[3] ENERGIZING à M3159:O3159
DEBUG - 2026-09-07 18:55:05 --> Footer[4] Pagination ligne 3160 | Page 62/63
DEBUG - 2026-09-07 18:55:06 --> Signature bloc de M3153 à O3158
DEBUG - 2026-09-07 18:55:06 --> Ajout saut de page après ligne 3161
DEBUG - 2026-09-07 18:55:06 --> Insertion données page 63 et ligne 3175
DEBUG - 2026-09-07 18:55:06 --> Totaux page 63 => HT: 4339129 | TVA: 835283 | TTC: 5174412
DEBUG - 2026-09-07 18:55:06 --> ==============================
DEBUG - 2026-09-07 18:55:06 --> TOTAL GLOBAL
DEBUG - 2026-09-07 18:55:06 --> HT  = 706550265
DEBUG - 2026-09-07 18:55:06 --> TVA = 136008071
DEBUG - 2026-09-07 18:55:06 --> TTC = 842558336
DEBUG - 2026-09-07 18:55:06 --> DUE = 841350054
DEBUG - 2026-09-07 18:55:06 --> ==============================
DEBUG - 2026-09-07 18:55:06 --> Insertion footer à partir de ligne 3196
DEBUG - 2026-09-07 18:55:06 --> Footer[0] ligne 3196 : Bon à savoir / Good to know
DEBUG - 2026-09-07 18:55:06 --> Footer[1] ligne 3197 (fond vert)
DEBUG - 2026-09-07 18:55:06 --> Footer[2] ligne 3198 (italic bleu)
DEBUG - 2026-09-07 18:55:06 --> Footer[3] ENERGIZING à M3199:O3199
DEBUG - 2026-09-07 18:55:06 --> Footer[4] Pagination ligne 3200 | Page 63/63
DEBUG - 2026-09-07 18:55:06 --> Signature bloc de M3193 à O3198
DEBUG - 2026-09-07 18:55:06 --> Insertion données page 1 et ligne 13
DEBUG - 2026-09-07 18:55:06 --> Totaux page 1 => HT: 4703614 | TVA: 905447 | TTC: 5609061
DEBUG - 2026-09-07 18:55:06 --> Insertion footer à partir de ligne 45
DEBUG - 2026-09-07 18:55:06 --> Footer[0] ligne 45 : Bon à savoir / Good to know
DEBUG - 2026-09-07 18:55:06 --> Footer[1] ligne 46 (fond vert)
DEBUG - 2026-09-07 18:55:06 --> Footer[2] ligne 47 (italic bleu)
DEBUG - 2026-09-07 18:55:06 --> Footer[3] ENERGIZING à M48:O48
DEBUG - 2026-09-07 18:55:06 --> Footer[4] Pagination ligne 49 | Page 1/7
DEBUG - 2026-09-07 18:55:06 --> Signature bloc de M42 à O47
DEBUG - 2026-09-07 18:55:06 --> Ajout saut de page après ligne 50
DEBUG - 2026-09-07 18:55:06 --> Insertion données page 2 et ligne 64
DEBUG - 2026-09-07 18:55:06 --> Totaux page 2 => HT: 7590055 | TVA: 1460627 | TTC: 9050682
DEBUG - 2026-09-07 18:55:06 --> Insertion footer à partir de ligne 96
DEBUG - 2026-09-07 18:55:06 --> Footer[0] ligne 96 : Bon à savoir / Good to know
DEBUG - 2026-09-07 18:55:06 --> Footer[1] ligne 97 (fond vert)
DEBUG - 2026-09-07 18:55:06 --> Footer[2] ligne 98 (italic bleu)
DEBUG - 2026-09-07 18:55:06 --> Footer[3] ENERGIZING à M99:O99
DEBUG - 2026-09-07 18:55:06 --> Footer[4] Pagination ligne 100 | Page 2/7
DEBUG - 2026-09-07 18:55:06 --> Signature bloc de M93 à O98
DEBUG - 2026-09-07 18:55:06 --> Ajout saut de page après ligne 101
DEBUG - 2026-09-07 18:55:06 --> Insertion données page 3 et ligne 115
DEBUG - 2026-09-07 18:55:06 --> Totaux page 3 => HT: 7443019 | TVA: 1432781 | TTC: 8875800
DEBUG - 2026-09-07 18:55:06 --> Insertion footer à partir de ligne 147
DEBUG - 2026-09-07 18:55:06 --> Footer[0] ligne 147 : Bon à savoir / Good to know
DEBUG - 2026-09-07 18:55:06 --> Footer[1] ligne 148 (fond vert)
DEBUG - 2026-09-07 18:55:06 --> Footer[2] ligne 149 (italic bleu)
DEBUG - 2026-09-07 18:55:06 --> Footer[3] ENERGIZING à M150:O150
DEBUG - 2026-09-07 18:55:06 --> Footer[4] Pagination ligne 151 | Page 3/7
DEBUG - 2026-09-07 18:55:06 --> Signature bloc de M144 à O149
DEBUG - 2026-09-07 18:55:06 --> Ajout saut de page après ligne 152
DEBUG - 2026-09-07 18:55:06 --> Insertion données page 4 et ligne 166
DEBUG - 2026-09-07 18:55:06 --> Totaux page 4 => HT: 6677754 | TVA: 1284698 | TTC: 7962452
DEBUG - 2026-09-07 18:55:06 --> Insertion footer à partir de ligne 198
DEBUG - 2026-09-07 18:55:06 --> Footer[0] ligne 198 : Bon à savoir / Good to know
DEBUG - 2026-09-07 18:55:06 --> Footer[1] ligne 199 (fond vert)
DEBUG - 2026-09-07 18:55:06 --> Footer[2] ligne 200 (italic bleu)
DEBUG - 2026-09-07 18:55:06 --> Footer[3] ENERGIZING à M201:O201
DEBUG - 2026-09-07 18:55:06 --> Footer[4] Pagination ligne 202 | Page 4/7
DEBUG - 2026-09-07 18:55:06 --> Signature bloc de M195 à O200
DEBUG - 2026-09-07 18:55:06 --> Ajout saut de page après ligne 203
DEBUG - 2026-09-07 18:55:06 --> Insertion données page 5 et ligne 217
DEBUG - 2026-09-07 18:55:06 --> Totaux page 5 => HT: 7337488 | TVA: 1412465 | TTC: 8749953
DEBUG - 2026-09-07 18:55:06 --> Insertion footer à partir de ligne 249
DEBUG - 2026-09-07 18:55:06 --> Footer[0] ligne 249 : Bon à savoir / Good to know
DEBUG - 2026-09-07 18:55:06 --> Footer[1] ligne 250 (fond vert)
DEBUG - 2026-09-07 18:55:06 --> Footer[2] ligne 251 (italic bleu)
DEBUG - 2026-09-07 18:55:06 --> Footer[3] ENERGIZING à M252:O252
DEBUG - 2026-09-07 18:55:06 --> Footer[4] Pagination ligne 253 | Page 5/7
DEBUG - 2026-09-07 18:55:06 --> Signature bloc de M246 à O251
DEBUG - 2026-09-07 18:55:06 --> Ajout saut de page après ligne 254
DEBUG - 2026-09-07 18:55:06 --> Insertion données page 6 et ligne 268
DEBUG - 2026-09-07 18:55:06 --> Totaux page 6 => HT: 6431496 | TVA: 1238062 | TTC: 7669558
DEBUG - 2026-09-07 18:55:06 --> Insertion footer à partir de ligne 300
DEBUG - 2026-09-07 18:55:06 --> Footer[0] ligne 300 : Bon à savoir / Good to know
DEBUG - 2026-09-07 18:55:06 --> Footer[1] ligne 301 (fond vert)
DEBUG - 2026-09-07 18:55:06 --> Footer[2] ligne 302 (italic bleu)
DEBUG - 2026-09-07 18:55:06 --> Footer[3] ENERGIZING à M303:O303
DEBUG - 2026-09-07 18:55:06 --> Footer[4] Pagination ligne 304 | Page 6/7
DEBUG - 2026-09-07 18:55:06 --> Signature bloc de M297 à O302
DEBUG - 2026-09-07 18:55:06 --> Ajout saut de page après ligne 305
DEBUG - 2026-09-07 18:55:06 --> Insertion données page 7 et ligne 319
DEBUG - 2026-09-07 18:55:06 --> Totaux page 7 => HT: 2143491 | TVA: 412622 | TTC: 2556113
DEBUG - 2026-09-07 18:55:06 --> ==============================
DEBUG - 2026-09-07 18:55:06 --> TOTAL GLOBAL
DEBUG - 2026-09-07 18:55:06 --> HT  = 42326917
DEBUG - 2026-09-07 18:55:06 --> TVA = 8146702
DEBUG - 2026-09-07 18:55:06 --> TTC = 50473619
DEBUG - 2026-09-07 18:55:06 --> DUE = 50472617
DEBUG - 2026-09-07 18:55:06 --> ==============================
DEBUG - 2026-09-07 18:55:06 --> Insertion footer à partir de ligne 333
DEBUG - 2026-09-07 18:55:06 --> Footer[0] ligne 333 : Bon à savoir / Good to know
DEBUG - 2026-09-07 18:55:06 --> Footer[1] ligne 334 (fond vert)
DEBUG - 2026-09-07 18:55:06 --> Footer[2] ligne 335 (italic bleu)
DEBUG - 2026-09-07 18:55:06 --> Footer[3] ENERGIZING à M336:O336
DEBUG - 2026-09-07 18:55:06 --> Footer[4] Pagination ligne 337 | Page 7/7
DEBUG - 2026-09-07 18:55:06 --> Signature bloc de M330 à O335
DEBUG - 2026-09-07 18:55:06 --> Insertion données page 1 et ligne 13
DEBUG - 2026-09-07 18:55:06 --> Totaux page 1 => HT: 11985749 | TVA: 2307248 | TTC: 14292997
DEBUG - 2026-09-07 18:55:06 --> Insertion footer à partir de ligne 45
DEBUG - 2026-09-07 18:55:06 --> Footer[0] ligne 45 : Bon à savoir / Good to know
DEBUG - 2026-09-07 18:55:06 --> Footer[1] ligne 46 (fond vert)
DEBUG - 2026-09-07 18:55:06 --> Footer[2] ligne 47 (italic bleu)
DEBUG - 2026-09-07 18:55:06 --> Footer[3] ENERGIZING à M48:O48
DEBUG - 2026-09-07 18:55:06 --> Footer[4] Pagination ligne 49 | Page 1/9
DEBUG - 2026-09-07 18:55:06 --> Signature bloc de M42 à O47
DEBUG - 2026-09-07 18:55:06 --> Ajout saut de page après ligne 50
DEBUG - 2026-09-07 18:55:06 --> Insertion données page 2 et ligne 64
DEBUG - 2026-09-07 18:55:06 --> Totaux page 2 => HT: 13408047 | TVA: 2581048 | TTC: 15989095
DEBUG - 2026-09-07 18:55:06 --> Insertion footer à partir de ligne 96
DEBUG - 2026-09-07 18:55:06 --> Footer[0] ligne 96 : Bon à savoir / Good to know
DEBUG - 2026-09-07 18:55:06 --> Footer[1] ligne 97 (fond vert)
DEBUG - 2026-09-07 18:55:06 --> Footer[2] ligne 98 (italic bleu)
DEBUG - 2026-09-07 18:55:06 --> Footer[3] ENERGIZING à M99:O99
DEBUG - 2026-09-07 18:55:06 --> Footer[4] Pagination ligne 100 | Page 2/9
DEBUG - 2026-09-07 18:55:06 --> Signature bloc de M93 à O98
DEBUG - 2026-09-07 18:55:06 --> Ajout saut de page après ligne 101
DEBUG - 2026-09-07 18:55:06 --> Insertion données page 3 et ligne 115
DEBUG - 2026-09-07 18:55:06 --> Totaux page 3 => HT: 13388051 | TVA: 2577201 | TTC: 15965252
DEBUG - 2026-09-07 18:55:06 --> Insertion footer à partir de ligne 147
DEBUG - 2026-09-07 18:55:06 --> Footer[0] ligne 147 : Bon à savoir / Good to know
DEBUG - 2026-09-07 18:55:06 --> Footer[1] ligne 148 (fond vert)
DEBUG - 2026-09-07 18:55:06 --> Footer[2] ligne 149 (italic bleu)
DEBUG - 2026-09-07 18:55:06 --> Footer[3] ENERGIZING à M150:O150
DEBUG - 2026-09-07 18:55:06 --> Footer[4] Pagination ligne 151 | Page 3/9
DEBUG - 2026-09-07 18:55:06 --> Signature bloc de M144 à O149
DEBUG - 2026-09-07 18:55:06 --> Ajout saut de page après ligne 152
DEBUG - 2026-09-07 18:55:06 --> Insertion données page 4 et ligne 166
DEBUG - 2026-09-07 18:55:06 --> Totaux page 4 => HT: 13418591 | TVA: 2583081 | TTC: 16001672
DEBUG - 2026-09-07 18:55:06 --> Insertion footer à partir de ligne 198
DEBUG - 2026-09-07 18:55:06 --> Footer[0] ligne 198 : Bon à savoir / Good to know
DEBUG - 2026-09-07 18:55:06 --> Footer[1] ligne 199 (fond vert)
DEBUG - 2026-09-07 18:55:06 --> Footer[2] ligne 200 (italic bleu)
DEBUG - 2026-09-07 18:55:06 --> Footer[3] ENERGIZING à M201:O201
DEBUG - 2026-09-07 18:55:06 --> Footer[4] Pagination ligne 202 | Page 4/9
DEBUG - 2026-09-07 18:55:06 --> Signature bloc de M195 à O200
DEBUG - 2026-09-07 18:55:06 --> Ajout saut de page après ligne 203
DEBUG - 2026-09-07 18:55:06 --> Insertion données page 5 et ligne 217
DEBUG - 2026-09-07 18:55:06 --> Totaux page 5 => HT: 6015895 | TVA: 1158061 | TTC: 7173956
DEBUG - 2026-09-07 18:55:06 --> Insertion footer à partir de ligne 249
DEBUG - 2026-09-07 18:55:06 --> Footer[0] ligne 249 : Bon à savoir / Good to know
DEBUG - 2026-09-07 18:55:06 --> Footer[1] ligne 250 (fond vert)
DEBUG - 2026-09-07 18:55:06 --> Footer[2] ligne 251 (italic bleu)
DEBUG - 2026-09-07 18:55:06 --> Footer[3] ENERGIZING à M252:O252
DEBUG - 2026-09-07 18:55:06 --> Footer[4] Pagination ligne 253 | Page 5/9
DEBUG - 2026-09-07 18:55:06 --> Signature bloc de M246 à O251
DEBUG - 2026-09-07 18:55:06 --> Ajout saut de page après ligne 254
DEBUG - 2026-09-07 18:55:06 --> Insertion données page 6 et ligne 268
DEBUG - 2026-09-07 18:55:06 --> Totaux page 6 => HT: 45398697 | TVA: 8739251 | TTC: 54137948
DEBUG - 2026-09-07 18:55:06 --> Insertion footer à partir de ligne 300
DEBUG - 2026-09-07 18:55:06 --> Footer[0] ligne 300 : Bon à savoir / Good to know
DEBUG - 2026-09-07 18:55:06 --> Footer[1] ligne 301 (fond vert)
DEBUG - 2026-09-07 18:55:06 --> Footer[2] ligne 302 (italic bleu)
DEBUG - 2026-09-07 18:55:06 --> Footer[3] ENERGIZING à M303:O303
DEBUG - 2026-09-07 18:55:06 --> Footer[4] Pagination ligne 304 | Page 6/9
DEBUG - 2026-09-07 18:55:06 --> Signature bloc de M297 à O302
DEBUG - 2026-09-07 18:55:06 --> Ajout saut de page après ligne 305
DEBUG - 2026-09-07 18:55:06 --> Insertion données page 7 et ligne 319
DEBUG - 2026-09-07 18:55:06 --> Totaux page 7 => HT: 86129213 | TVA: 16579873 | TTC: 102709086
DEBUG - 2026-09-07 18:55:06 --> Insertion footer à partir de ligne 351
DEBUG - 2026-09-07 18:55:06 --> Footer[0] ligne 351 : Bon à savoir / Good to know
DEBUG - 2026-09-07 18:55:06 --> Footer[1] ligne 352 (fond vert)
DEBUG - 2026-09-07 18:55:06 --> Footer[2] ligne 353 (italic bleu)
DEBUG - 2026-09-07 18:55:06 --> Footer[3] ENERGIZING à M354:O354
DEBUG - 2026-09-07 18:55:06 --> Footer[4] Pagination ligne 355 | Page 7/9
DEBUG - 2026-09-07 18:55:06 --> Signature bloc de M348 à O353
DEBUG - 2026-09-07 18:55:06 --> Ajout saut de page après ligne 356
DEBUG - 2026-09-07 18:55:06 --> Insertion données page 8 et ligne 370
DEBUG - 2026-09-07 18:55:06 --> Totaux page 8 => HT: 5713460 | TVA: 1099843 | TTC: 6813303
DEBUG - 2026-09-07 18:55:06 --> Insertion footer à partir de ligne 402
DEBUG - 2026-09-07 18:55:06 --> Footer[0] ligne 402 : Bon à savoir / Good to know
DEBUG - 2026-09-07 18:55:06 --> Footer[1] ligne 403 (fond vert)
DEBUG - 2026-09-07 18:55:06 --> Footer[2] ligne 404 (italic bleu)
DEBUG - 2026-09-07 18:55:06 --> Footer[3] ENERGIZING à M405:O405
DEBUG - 2026-09-07 18:55:06 --> Footer[4] Pagination ligne 406 | Page 8/9
DEBUG - 2026-09-07 18:55:06 --> Signature bloc de M399 à O404
DEBUG - 2026-09-07 18:55:06 --> Ajout saut de page après ligne 407
DEBUG - 2026-09-07 18:55:06 --> Insertion données page 9 et ligne 421
DEBUG - 2026-09-07 18:55:06 --> Totaux page 9 => HT: 431259 | TVA: 83017 | TTC: 514276
DEBUG - 2026-09-07 18:55:06 --> ==============================
DEBUG - 2026-09-07 18:55:06 --> TOTAL GLOBAL
DEBUG - 2026-09-07 18:55:06 --> HT  = 195888962
DEBUG - 2026-09-07 18:55:06 --> TVA = 37708623
DEBUG - 2026-09-07 18:55:06 --> TTC = 233597585
DEBUG - 2026-09-07 18:55:06 --> DUE = 233597284
DEBUG - 2026-09-07 18:55:06 --> ==============================
DEBUG - 2026-09-07 18:55:06 --> Insertion footer à partir de ligne 429
DEBUG - 2026-09-07 18:55:06 --> Footer[0] ligne 429 : Bon à savoir / Good to know
DEBUG - 2026-09-07 18:55:06 --> Footer[1] ligne 430 (fond vert)
DEBUG - 2026-09-07 18:55:06 --> Footer[2] ligne 431 (italic bleu)
DEBUG - 2026-09-07 18:55:06 --> Footer[3] ENERGIZING à M432:O432
DEBUG - 2026-09-07 18:55:06 --> Footer[4] Pagination ligne 433 | Page 9/9
DEBUG - 2026-09-07 18:55:06 --> Signature bloc de M426 à O431
DEBUG - 2026-09-07 18:55:06 --> Insertion données page 1 et ligne 13
DEBUG - 2026-09-07 18:55:06 --> Totaux page 1 => HT: 29333882 | TVA: 5646769 | TTC: 34980651
DEBUG - 2026-09-07 18:55:06 --> Insertion footer à partir de ligne 45
DEBUG - 2026-09-07 18:55:06 --> Footer[0] ligne 45 : Bon à savoir / Good to know
DEBUG - 2026-09-07 18:55:06 --> Footer[1] ligne 46 (fond vert)
DEBUG - 2026-09-07 18:55:06 --> Footer[2] ligne 47 (italic bleu)
DEBUG - 2026-09-07 18:55:06 --> Footer[3] ENERGIZING à M48:O48
DEBUG - 2026-09-07 18:55:06 --> Footer[4] Pagination ligne 49 | Page 1/15
DEBUG - 2026-09-07 18:55:06 --> Signature bloc de M42 à O47
DEBUG - 2026-09-07 18:55:06 --> Ajout saut de page après ligne 50
DEBUG - 2026-09-07 18:55:06 --> Insertion données page 2 et ligne 64
DEBUG - 2026-09-07 18:55:06 --> Totaux page 2 => HT: 5307650 | TVA: 1021209 | TTC: 6328859
DEBUG - 2026-09-07 18:55:06 --> Insertion footer à partir de ligne 96
DEBUG - 2026-09-07 18:55:06 --> Footer[0] ligne 96 : Bon à savoir / Good to know
DEBUG - 2026-09-07 18:55:06 --> Footer[1] ligne 97 (fond vert)
DEBUG - 2026-09-07 18:55:06 --> Footer[2] ligne 98 (italic bleu)
DEBUG - 2026-09-07 18:55:06 --> Footer[3] ENERGIZING à M99:O99
DEBUG - 2026-09-07 18:55:06 --> Footer[4] Pagination ligne 100 | Page 2/15
DEBUG - 2026-09-07 18:55:06 --> Signature bloc de M93 à O98
DEBUG - 2026-09-07 18:55:06 --> Ajout saut de page après ligne 101
DEBUG - 2026-09-07 18:55:06 --> Insertion données page 3 et ligne 115
DEBUG - 2026-09-07 18:55:06 --> Totaux page 3 => HT: 16303982 | TVA: 3138518 | TTC: 19442500
DEBUG - 2026-09-07 18:55:06 --> Insertion footer à partir de ligne 147
DEBUG - 2026-09-07 18:55:06 --> Footer[0] ligne 147 : Bon à savoir / Good to know
DEBUG - 2026-09-07 18:55:06 --> Footer[1] ligne 148 (fond vert)
DEBUG - 2026-09-07 18:55:06 --> Footer[2] ligne 149 (italic bleu)
DEBUG - 2026-09-07 18:55:06 --> Footer[3] ENERGIZING à M150:O150
DEBUG - 2026-09-07 18:55:06 --> Footer[4] Pagination ligne 151 | Page 3/15
DEBUG - 2026-09-07 18:55:06 --> Signature bloc de M144 à O149
DEBUG - 2026-09-07 18:55:06 --> Ajout saut de page après ligne 152
DEBUG - 2026-09-07 18:55:06 --> Insertion données page 4 et ligne 166
DEBUG - 2026-09-07 18:55:06 --> Totaux page 4 => HT: 6773772 | TVA: 1303950 | TTC: 8077722
DEBUG - 2026-09-07 18:55:06 --> Insertion footer à partir de ligne 198
DEBUG - 2026-09-07 18:55:06 --> Footer[0] ligne 198 : Bon à savoir / Good to know
DEBUG - 2026-09-07 18:55:06 --> Footer[1] ligne 199 (fond vert)
DEBUG - 2026-09-07 18:55:06 --> Footer[2] ligne 200 (italic bleu)
DEBUG - 2026-09-07 18:55:06 --> Footer[3] ENERGIZING à M201:O201
DEBUG - 2026-09-07 18:55:06 --> Footer[4] Pagination ligne 202 | Page 4/15
DEBUG - 2026-09-07 18:55:06 --> Signature bloc de M195 à O200
DEBUG - 2026-09-07 18:55:06 --> Ajout saut de page après ligne 203
DEBUG - 2026-09-07 18:55:06 --> Insertion données page 5 et ligne 217
DEBUG - 2026-09-07 18:55:06 --> Totaux page 5 => HT: 3739069 | TVA: 719771 | TTC: 4458840
DEBUG - 2026-09-07 18:55:06 --> Insertion footer à partir de ligne 249
DEBUG - 2026-09-07 18:55:06 --> Footer[0] ligne 249 : Bon à savoir / Good to know
DEBUG - 2026-09-07 18:55:06 --> Footer[1] ligne 250 (fond vert)
DEBUG - 2026-09-07 18:55:06 --> Footer[2] ligne 251 (italic bleu)
DEBUG - 2026-09-07 18:55:06 --> Footer[3] ENERGIZING à M252:O252
DEBUG - 2026-09-07 18:55:06 --> Footer[4] Pagination ligne 253 | Page 5/15
DEBUG - 2026-09-07 18:55:06 --> Signature bloc de M246 à O251
DEBUG - 2026-09-07 18:55:06 --> Ajout saut de page après ligne 254
DEBUG - 2026-09-07 18:55:06 --> Insertion données page 6 et ligne 268
DEBUG - 2026-09-07 18:55:06 --> Totaux page 6 => HT: 9397251 | TVA: 1808969 | TTC: 11206220
DEBUG - 2026-09-07 18:55:06 --> Insertion footer à partir de ligne 300
DEBUG - 2026-09-07 18:55:06 --> Footer[0] ligne 300 : Bon à savoir / Good to know
DEBUG - 2026-09-07 18:55:06 --> Footer[1] ligne 301 (fond vert)
DEBUG - 2026-09-07 18:55:06 --> Footer[2] ligne 302 (italic bleu)
DEBUG - 2026-09-07 18:55:06 --> Footer[3] ENERGIZING à M303:O303
DEBUG - 2026-09-07 18:55:06 --> Footer[4] Pagination ligne 304 | Page 6/15
DEBUG - 2026-09-07 18:55:06 --> Signature bloc de M297 à O302
DEBUG - 2026-09-07 18:55:06 --> Ajout saut de page après ligne 305
DEBUG - 2026-09-07 18:55:06 --> Insertion données page 7 et ligne 319
DEBUG - 2026-09-07 18:55:06 --> Totaux page 7 => HT: 7152036 | TVA: 1376768 | TTC: 8528804
DEBUG - 2026-09-07 18:55:06 --> Insertion footer à partir de ligne 351
DEBUG - 2026-09-07 18:55:07 --> Footer[0] ligne 351 : Bon à savoir / Good to know
DEBUG - 2026-09-07 18:55:07 --> Footer[1] ligne 352 (fond vert)
DEBUG - 2026-09-07 18:55:07 --> Footer[2] ligne 353 (italic bleu)
DEBUG - 2026-09-07 18:55:07 --> Footer[3] ENERGIZING à M354:O354
DEBUG - 2026-09-07 18:55:07 --> Footer[4] Pagination ligne 355 | Page 7/15
DEBUG - 2026-09-07 18:55:07 --> Signature bloc de M348 à O353
DEBUG - 2026-09-07 18:55:07 --> Ajout saut de page après ligne 356
DEBUG - 2026-09-07 18:55:07 --> Insertion données page 8 et ligne 370
DEBUG - 2026-09-07 18:55:07 --> Totaux page 8 => HT: 4391367 | TVA: 845340 | TTC: 5236707
DEBUG - 2026-09-07 18:55:07 --> Insertion footer à partir de ligne 402
DEBUG - 2026-09-07 18:55:07 --> Footer[0] ligne 402 : Bon à savoir / Good to know
DEBUG - 2026-09-07 18:55:07 --> Footer[1] ligne 403 (fond vert)
DEBUG - 2026-09-07 18:55:07 --> Footer[2] ligne 404 (italic bleu)
DEBUG - 2026-09-07 18:55:07 --> Footer[3] ENERGIZING à M405:O405
DEBUG - 2026-09-07 18:55:07 --> Footer[4] Pagination ligne 406 | Page 8/15
DEBUG - 2026-09-07 18:55:07 --> Signature bloc de M399 à O404
DEBUG - 2026-09-07 18:55:07 --> Ajout saut de page après ligne 407
DEBUG - 2026-09-07 18:55:07 --> Insertion données page 9 et ligne 421
DEBUG - 2026-09-07 18:55:07 --> Totaux page 9 => HT: 29613434 | TVA: 5700584 | TTC: 35314018
DEBUG - 2026-09-07 18:55:07 --> Insertion footer à partir de ligne 453
DEBUG - 2026-09-07 18:55:07 --> Footer[0] ligne 453 : Bon à savoir / Good to know
DEBUG - 2026-09-07 18:55:07 --> Footer[1] ligne 454 (fond vert)
DEBUG - 2026-09-07 18:55:07 --> Footer[2] ligne 455 (italic bleu)
DEBUG - 2026-09-07 18:55:07 --> Footer[3] ENERGIZING à M456:O456
DEBUG - 2026-09-07 18:55:07 --> Footer[4] Pagination ligne 457 | Page 9/15
DEBUG - 2026-09-07 18:55:07 --> Signature bloc de M450 à O455
DEBUG - 2026-09-07 18:55:07 --> Ajout saut de page après ligne 458
DEBUG - 2026-09-07 18:55:07 --> Insertion données page 10 et ligne 472
DEBUG - 2026-09-07 18:55:07 --> Totaux page 10 => HT: 12818162 | TVA: 2467495 | TTC: 15285657
DEBUG - 2026-09-07 18:55:07 --> Insertion footer à partir de ligne 504
DEBUG - 2026-09-07 18:55:07 --> Footer[0] ligne 504 : Bon à savoir / Good to know
DEBUG - 2026-09-07 18:55:07 --> Footer[1] ligne 505 (fond vert)
DEBUG - 2026-09-07 18:55:07 --> Footer[2] ligne 506 (italic bleu)
DEBUG - 2026-09-07 18:55:07 --> Footer[3] ENERGIZING à M507:O507
DEBUG - 2026-09-07 18:55:07 --> Footer[4] Pagination ligne 508 | Page 10/15
DEBUG - 2026-09-07 18:55:07 --> Signature bloc de M501 à O506
DEBUG - 2026-09-07 18:55:07 --> Ajout saut de page après ligne 509
DEBUG - 2026-09-07 18:55:07 --> Insertion données page 11 et ligne 523
DEBUG - 2026-09-07 18:55:07 --> Totaux page 11 => HT: 4671144 | TVA: 899195 | TTC: 5570339
DEBUG - 2026-09-07 18:55:07 --> Insertion footer à partir de ligne 555
DEBUG - 2026-09-07 18:55:07 --> Footer[0] ligne 555 : Bon à savoir / Good to know
DEBUG - 2026-09-07 18:55:07 --> Footer[1] ligne 556 (fond vert)
DEBUG - 2026-09-07 18:55:07 --> Footer[2] ligne 557 (italic bleu)
DEBUG - 2026-09-07 18:55:07 --> Footer[3] ENERGIZING à M558:O558
DEBUG - 2026-09-07 18:55:07 --> Footer[4] Pagination ligne 559 | Page 11/15
DEBUG - 2026-09-07 18:55:07 --> Signature bloc de M552 à O557
DEBUG - 2026-09-07 18:55:07 --> Ajout saut de page après ligne 560
DEBUG - 2026-09-07 18:55:07 --> Insertion données page 12 et ligne 574
DEBUG - 2026-09-07 18:55:07 --> Totaux page 12 => HT: 5162671 | TVA: 993816 | TTC: 6156487
DEBUG - 2026-09-07 18:55:07 --> Insertion footer à partir de ligne 606
DEBUG - 2026-09-07 18:55:07 --> Footer[0] ligne 606 : Bon à savoir / Good to know
DEBUG - 2026-09-07 18:55:07 --> Footer[1] ligne 607 (fond vert)
DEBUG - 2026-09-07 18:55:07 --> Footer[2] ligne 608 (italic bleu)
DEBUG - 2026-09-07 18:55:07 --> Footer[3] ENERGIZING à M609:O609
DEBUG - 2026-09-07 18:55:07 --> Footer[4] Pagination ligne 610 | Page 12/15
DEBUG - 2026-09-07 18:55:07 --> Signature bloc de M603 à O608
DEBUG - 2026-09-07 18:55:07 --> Ajout saut de page après ligne 611
DEBUG - 2026-09-07 18:55:07 --> Insertion données page 13 et ligne 625
DEBUG - 2026-09-07 18:55:07 --> Totaux page 13 => HT: 7441790 | TVA: 1432543 | TTC: 8874333
DEBUG - 2026-09-07 18:55:07 --> Insertion footer à partir de ligne 657
DEBUG - 2026-09-07 18:55:07 --> Footer[0] ligne 657 : Bon à savoir / Good to know
DEBUG - 2026-09-07 18:55:07 --> Footer[1] ligne 658 (fond vert)
DEBUG - 2026-09-07 18:55:07 --> Footer[2] ligne 659 (italic bleu)
DEBUG - 2026-09-07 18:55:07 --> Footer[3] ENERGIZING à M660:O660
DEBUG - 2026-09-07 18:55:07 --> Footer[4] Pagination ligne 661 | Page 13/15
DEBUG - 2026-09-07 18:55:07 --> Signature bloc de M654 à O659
DEBUG - 2026-09-07 18:55:07 --> Ajout saut de page après ligne 662
DEBUG - 2026-09-07 18:55:07 --> Insertion données page 14 et ligne 676
DEBUG - 2026-09-07 18:55:07 --> Totaux page 14 => HT: 4548767 | TVA: 875636 | TTC: 5424403
DEBUG - 2026-09-07 18:55:07 --> Insertion footer à partir de ligne 708
DEBUG - 2026-09-07 18:55:07 --> Footer[0] ligne 708 : Bon à savoir / Good to know
DEBUG - 2026-09-07 18:55:07 --> Footer[1] ligne 709 (fond vert)
DEBUG - 2026-09-07 18:55:07 --> Footer[2] ligne 710 (italic bleu)
DEBUG - 2026-09-07 18:55:07 --> Footer[3] ENERGIZING à M711:O711
DEBUG - 2026-09-07 18:55:07 --> Footer[4] Pagination ligne 712 | Page 14/15
DEBUG - 2026-09-07 18:55:07 --> Signature bloc de M705 à O710
DEBUG - 2026-09-07 18:55:07 --> Ajout saut de page après ligne 713
DEBUG - 2026-09-07 18:55:07 --> Insertion données page 15 et ligne 727
DEBUG - 2026-09-07 18:55:07 --> Totaux page 15 => HT: 24454664 | TVA: 4707523 | TTC: 29162187
DEBUG - 2026-09-07 18:55:07 --> ==============================
DEBUG - 2026-09-07 18:55:07 --> TOTAL GLOBAL
DEBUG - 2026-09-07 18:55:07 --> HT  = 171109641
DEBUG - 2026-09-07 18:55:07 --> TVA = 32938086
DEBUG - 2026-09-07 18:55:07 --> TTC = 204047727
DEBUG - 2026-09-07 18:55:07 --> DUE = 203852621
DEBUG - 2026-09-07 18:55:07 --> ==============================
DEBUG - 2026-09-07 18:55:07 --> Insertion footer à partir de ligne 757
DEBUG - 2026-09-07 18:55:07 --> Footer[0] ligne 757 : Bon à savoir / Good to know
DEBUG - 2026-09-07 18:55:07 --> Footer[1] ligne 758 (fond vert)
DEBUG - 2026-09-07 18:55:07 --> Footer[2] ligne 759 (italic bleu)
DEBUG - 2026-09-07 18:55:07 --> Footer[3] ENERGIZING à M760:O760
DEBUG - 2026-09-07 18:55:07 --> Footer[4] Pagination ligne 761 | Page 15/15
DEBUG - 2026-09-07 18:55:07 --> Signature bloc de M754 à O759
DEBUG - 2026-09-07 18:55:07 --> Insertion données page 1 et ligne 13
DEBUG - 2026-09-07 18:55:07 --> Totaux page 1 => HT: 346387 | TVA: 65631 | TTC: 412018
DEBUG - 2026-09-07 18:55:07 --> Insertion footer à partir de ligne 45
DEBUG - 2026-09-07 18:55:07 --> Footer[0] ligne 45 : Bon à savoir / Good to know
DEBUG - 2026-09-07 18:55:07 --> Footer[1] ligne 46 (fond vert)
DEBUG - 2026-09-07 18:55:07 --> Footer[2] ligne 47 (italic bleu)
DEBUG - 2026-09-07 18:55:07 --> Footer[3] ENERGIZING à M48:O48
DEBUG - 2026-09-07 18:55:07 --> Footer[4] Pagination ligne 49 | Page 1/7
DEBUG - 2026-09-07 18:55:07 --> Signature bloc de M42 à O47
DEBUG - 2026-09-07 18:55:07 --> Ajout saut de page après ligne 50
DEBUG - 2026-09-07 18:55:07 --> Insertion données page 2 et ligne 64
DEBUG - 2026-09-07 18:55:07 --> Totaux page 2 => HT: 1216197 | TVA: 234117 | TTC: 1450314
DEBUG - 2026-09-07 18:55:07 --> Insertion footer à partir de ligne 96
DEBUG - 2026-09-07 18:55:07 --> Footer[0] ligne 96 : Bon à savoir / Good to know
DEBUG - 2026-09-07 18:55:07 --> Footer[1] ligne 97 (fond vert)
DEBUG - 2026-09-07 18:55:07 --> Footer[2] ligne 98 (italic bleu)
DEBUG - 2026-09-07 18:55:07 --> Footer[3] ENERGIZING à M99:O99
DEBUG - 2026-09-07 18:55:07 --> Footer[4] Pagination ligne 100 | Page 2/7
DEBUG - 2026-09-07 18:55:07 --> Signature bloc de M93 à O98
DEBUG - 2026-09-07 18:55:07 --> Ajout saut de page après ligne 101
DEBUG - 2026-09-07 18:55:07 --> Insertion données page 3 et ligne 115
DEBUG - 2026-09-07 18:55:07 --> Totaux page 3 => HT: 521639 | TVA: 100165 | TTC: 621804
DEBUG - 2026-09-07 18:55:07 --> Insertion footer à partir de ligne 147
DEBUG - 2026-09-07 18:55:07 --> Footer[0] ligne 147 : Bon à savoir / Good to know
DEBUG - 2026-09-07 18:55:07 --> Footer[1] ligne 148 (fond vert)
DEBUG - 2026-09-07 18:55:07 --> Footer[2] ligne 149 (italic bleu)
DEBUG - 2026-09-07 18:55:07 --> Footer[3] ENERGIZING à M150:O150
DEBUG - 2026-09-07 18:55:07 --> Footer[4] Pagination ligne 151 | Page 3/7
DEBUG - 2026-09-07 18:55:07 --> Signature bloc de M144 à O149
DEBUG - 2026-09-07 18:55:07 --> Ajout saut de page après ligne 152
DEBUG - 2026-09-07 18:55:07 --> Insertion données page 4 et ligne 166
DEBUG - 2026-09-07 18:55:07 --> Totaux page 4 => HT: 2345756 | TVA: 451559 | TTC: 2797315
DEBUG - 2026-09-07 18:55:07 --> Insertion footer à partir de ligne 198
DEBUG - 2026-09-07 18:55:07 --> Footer[0] ligne 198 : Bon à savoir / Good to know
DEBUG - 2026-09-07 18:55:07 --> Footer[1] ligne 199 (fond vert)
DEBUG - 2026-09-07 18:55:07 --> Footer[2] ligne 200 (italic bleu)
DEBUG - 2026-09-07 18:55:07 --> Footer[3] ENERGIZING à M201:O201
DEBUG - 2026-09-07 18:55:07 --> Footer[4] Pagination ligne 202 | Page 4/7
DEBUG - 2026-09-07 18:55:07 --> Signature bloc de M195 à O200
DEBUG - 2026-09-07 18:55:07 --> Ajout saut de page après ligne 203
DEBUG - 2026-09-07 18:55:07 --> Insertion données page 5 et ligne 217
DEBUG - 2026-09-07 18:55:07 --> Totaux page 5 => HT: 525564 | TVA: 101172 | TTC: 626736
DEBUG - 2026-09-07 18:55:07 --> Insertion footer à partir de ligne 249
DEBUG - 2026-09-07 18:55:07 --> Footer[0] ligne 249 : Bon à savoir / Good to know
DEBUG - 2026-09-07 18:55:07 --> Footer[1] ligne 250 (fond vert)
DEBUG - 2026-09-07 18:55:07 --> Footer[2] ligne 251 (italic bleu)
DEBUG - 2026-09-07 18:55:07 --> Footer[3] ENERGIZING à M252:O252
DEBUG - 2026-09-07 18:55:07 --> Footer[4] Pagination ligne 253 | Page 5/7
DEBUG - 2026-09-07 18:55:07 --> Signature bloc de M246 à O251
DEBUG - 2026-09-07 18:55:07 --> Ajout saut de page après ligne 254
DEBUG - 2026-09-07 18:55:07 --> Insertion données page 6 et ligne 268
DEBUG - 2026-09-07 18:55:07 --> Totaux page 6 => HT: 240141 | TVA: 45284 | TTC: 285425
DEBUG - 2026-09-07 18:55:07 --> Insertion footer à partir de ligne 300
DEBUG - 2026-09-07 18:55:07 --> Footer[0] ligne 300 : Bon à savoir / Good to know
DEBUG - 2026-09-07 18:55:07 --> Footer[1] ligne 301 (fond vert)
DEBUG - 2026-09-07 18:55:07 --> Footer[2] ligne 302 (italic bleu)
DEBUG - 2026-09-07 18:55:07 --> Footer[3] ENERGIZING à M303:O303
DEBUG - 2026-09-07 18:55:07 --> Footer[4] Pagination ligne 304 | Page 6/7
DEBUG - 2026-09-07 18:55:07 --> Signature bloc de M297 à O302
DEBUG - 2026-09-07 18:55:07 --> Ajout saut de page après ligne 305
DEBUG - 2026-09-07 18:55:07 --> Insertion données page 7 et ligne 319
DEBUG - 2026-09-07 18:55:07 --> Totaux page 7 => HT: 597791 | TVA: 115074 | TTC: 712865
DEBUG - 2026-09-07 18:55:07 --> ==============================
DEBUG - 2026-09-07 18:55:07 --> TOTAL GLOBAL
DEBUG - 2026-09-07 18:55:07 --> HT  = 5793475
DEBUG - 2026-09-07 18:55:07 --> TVA = 1113002
DEBUG - 2026-09-07 18:55:07 --> TTC = 6906477
DEBUG - 2026-09-07 18:55:07 --> DUE = 6895718
DEBUG - 2026-09-07 18:55:07 --> ==============================
DEBUG - 2026-09-07 18:55:07 --> Insertion footer à partir de ligne 353
DEBUG - 2026-09-07 18:55:07 --> Footer[0] ligne 353 : Bon à savoir / Good to know
DEBUG - 2026-09-07 18:55:07 --> Footer[1] ligne 354 (fond vert)
DEBUG - 2026-09-07 18:55:07 --> Footer[2] ligne 355 (italic bleu)
DEBUG - 2026-09-07 18:55:07 --> Footer[3] ENERGIZING à M356:O356
DEBUG - 2026-09-07 18:55:07 --> Footer[4] Pagination ligne 357 | Page 7/7
DEBUG - 2026-09-07 18:55:07 --> Signature bloc de M350 à O355
DEBUG - 2026-09-07 18:55:07 --> Insertion données page 1 et ligne 13
DEBUG - 2026-09-07 18:55:07 --> Totaux page 1 => HT: 10052685 | TVA: 1935143 | TTC: 11987828
DEBUG - 2026-09-07 18:55:07 --> Insertion footer à partir de ligne 45
DEBUG - 2026-09-07 18:55:07 --> Footer[0] ligne 45 : Bon à savoir / Good to know
DEBUG - 2026-09-07 18:55:07 --> Footer[1] ligne 46 (fond vert)
DEBUG - 2026-09-07 18:55:07 --> Footer[2] ligne 47 (italic bleu)
DEBUG - 2026-09-07 18:55:07 --> Footer[3] ENERGIZING à M48:O48
DEBUG - 2026-09-07 18:55:07 --> Footer[4] Pagination ligne 49 | Page 1/2
DEBUG - 2026-09-07 18:55:07 --> Signature bloc de M42 à O47
DEBUG - 2026-09-07 18:55:07 --> Ajout saut de page après ligne 50
DEBUG - 2026-09-07 18:55:07 --> Insertion données page 2 et ligne 64
DEBUG - 2026-09-07 18:55:07 --> Totaux page 2 => HT: 1358420 | TVA: 261496 | TTC: 1619916
DEBUG - 2026-09-07 18:55:07 --> ==============================
DEBUG - 2026-09-07 18:55:07 --> TOTAL GLOBAL
DEBUG - 2026-09-07 18:55:07 --> HT  = 11411105
DEBUG - 2026-09-07 18:55:07 --> TVA = 2196639
DEBUG - 2026-09-07 18:55:07 --> TTC = 13607744
DEBUG - 2026-09-07 18:55:07 --> DUE = 13607744
DEBUG - 2026-09-07 18:55:07 --> ==============================
DEBUG - 2026-09-07 18:55:07 --> Insertion footer à partir de ligne 74
DEBUG - 2026-09-07 18:55:07 --> Footer[0] ligne 74 : Bon à savoir / Good to know
DEBUG - 2026-09-07 18:55:07 --> Footer[1] ligne 75 (fond vert)
DEBUG - 2026-09-07 18:55:07 --> Footer[2] ligne 76 (italic bleu)
DEBUG - 2026-09-07 18:55:07 --> Footer[3] ENERGIZING à M77:O77
DEBUG - 2026-09-07 18:55:07 --> Footer[4] Pagination ligne 78 | Page 2/2
DEBUG - 2026-09-07 18:55:07 --> Signature bloc de M71 à O76
DEBUG - 2026-09-07 18:55:07 --> Insertion données page 1 et ligne 13
DEBUG - 2026-09-07 18:55:07 --> Totaux page 1 => HT: 15891059 | TVA: 3059027 | TTC: 18950086
DEBUG - 2026-09-07 18:55:07 --> Insertion footer à partir de ligne 45
DEBUG - 2026-09-07 18:55:07 --> Footer[0] ligne 45 : Bon à savoir / Good to know
DEBUG - 2026-09-07 18:55:07 --> Footer[1] ligne 46 (fond vert)
DEBUG - 2026-09-07 18:55:07 --> Footer[2] ligne 47 (italic bleu)
DEBUG - 2026-09-07 18:55:07 --> Footer[3] ENERGIZING à M48:O48
DEBUG - 2026-09-07 18:55:07 --> Footer[4] Pagination ligne 49 | Page 1/2
DEBUG - 2026-09-07 18:55:07 --> Signature bloc de M42 à O47
DEBUG - 2026-09-07 18:55:07 --> Ajout saut de page après ligne 50
DEBUG - 2026-09-07 18:55:07 --> Insertion données page 2 et ligne 64
DEBUG - 2026-09-07 18:55:07 --> Totaux page 2 => HT: 519821 | TVA: 100066 | TTC: 619887
DEBUG - 2026-09-07 18:55:07 --> ==============================
DEBUG - 2026-09-07 18:55:07 --> TOTAL GLOBAL
DEBUG - 2026-09-07 18:55:07 --> HT  = 16410880
DEBUG - 2026-09-07 18:55:07 --> TVA = 3159093
DEBUG - 2026-09-07 18:55:07 --> TTC = 19569973
DEBUG - 2026-09-07 18:55:07 --> DUE = 19569973
DEBUG - 2026-09-07 18:55:07 --> ==============================
DEBUG - 2026-09-07 18:55:07 --> Insertion footer à partir de ligne 72
DEBUG - 2026-09-07 18:55:07 --> Footer[0] ligne 72 : Bon à savoir / Good to know
DEBUG - 2026-09-07 18:55:07 --> Footer[1] ligne 73 (fond vert)
DEBUG - 2026-09-07 18:55:07 --> Footer[2] ligne 74 (italic bleu)
DEBUG - 2026-09-07 18:55:07 --> Footer[3] ENERGIZING à M75:O75
DEBUG - 2026-09-07 18:55:07 --> Footer[4] Pagination ligne 76 | Page 2/2
DEBUG - 2026-09-07 18:55:07 --> Signature bloc de M69 à O74
DEBUG - 2026-09-07 18:55:07 --> Insertion données page 1 et ligne 13
DEBUG - 2026-09-07 18:55:07 --> Totaux page 1 => HT: 1282521 | TVA: 239918 | TTC: 1522439
DEBUG - 2026-09-07 18:55:07 --> ==============================
DEBUG - 2026-09-07 18:55:07 --> TOTAL GLOBAL
DEBUG - 2026-09-07 18:55:07 --> HT  = 1282521
DEBUG - 2026-09-07 18:55:07 --> TVA = 239918
DEBUG - 2026-09-07 18:55:07 --> TTC = 1522439
DEBUG - 2026-09-07 18:55:07 --> DUE = 1496290
DEBUG - 2026-09-07 18:55:07 --> ==============================
DEBUG - 2026-09-07 18:55:07 --> Insertion footer à partir de ligne 46
DEBUG - 2026-09-07 18:55:07 --> Footer[0] ligne 46 : Bon à savoir / Good to know
DEBUG - 2026-09-07 18:55:07 --> Footer[1] ligne 47 (fond vert)
DEBUG - 2026-09-07 18:55:07 --> Footer[2] ligne 48 (italic bleu)
DEBUG - 2026-09-07 18:55:07 --> Footer[3] ENERGIZING à M49:O49
DEBUG - 2026-09-07 18:55:07 --> Footer[4] Pagination ligne 50 | Page 1/1
DEBUG - 2026-09-07 18:55:07 --> Signature bloc de M43 à O48
DEBUG - 2026-09-07 18:55:07 --> Insertion données page 1 et ligne 13
DEBUG - 2026-09-07 18:55:08 --> Totaux page 1 => HT: 2976179 | TVA: 570223 | TTC: 3546402
DEBUG - 2026-09-07 18:55:08 --> Insertion footer à partir de ligne 45
DEBUG - 2026-09-07 18:55:08 --> Footer[0] ligne 45 : Bon à savoir / Good to know
DEBUG - 2026-09-07 18:55:08 --> Footer[1] ligne 46 (fond vert)
DEBUG - 2026-09-07 18:55:08 --> Footer[2] ligne 47 (italic bleu)
DEBUG - 2026-09-07 18:55:08 --> Footer[3] ENERGIZING à M48:O48
DEBUG - 2026-09-07 18:55:08 --> Footer[4] Pagination ligne 49 | Page 1/4
DEBUG - 2026-09-07 18:55:08 --> Signature bloc de M42 à O47
DEBUG - 2026-09-07 18:55:08 --> Ajout saut de page après ligne 50
DEBUG - 2026-09-07 18:55:08 --> Insertion données page 2 et ligne 64
DEBUG - 2026-09-07 18:55:08 --> Totaux page 2 => HT: 3134971 | TVA: 601792 | TTC: 3736763
DEBUG - 2026-09-07 18:55:08 --> Insertion footer à partir de ligne 96
DEBUG - 2026-09-07 18:55:08 --> Footer[0] ligne 96 : Bon à savoir / Good to know
DEBUG - 2026-09-07 18:55:08 --> Footer[1] ligne 97 (fond vert)
DEBUG - 2026-09-07 18:55:08 --> Footer[2] ligne 98 (italic bleu)
DEBUG - 2026-09-07 18:55:08 --> Footer[3] ENERGIZING à M99:O99
DEBUG - 2026-09-07 18:55:08 --> Footer[4] Pagination ligne 100 | Page 2/4
DEBUG - 2026-09-07 18:55:08 --> Signature bloc de M93 à O98
DEBUG - 2026-09-07 18:55:08 --> Ajout saut de page après ligne 101
DEBUG - 2026-09-07 18:55:08 --> Insertion données page 3 et ligne 115
DEBUG - 2026-09-07 18:55:08 --> Totaux page 3 => HT: 2069157 | TVA: 396894 | TTC: 2466051
DEBUG - 2026-09-07 18:55:08 --> Insertion footer à partir de ligne 147
DEBUG - 2026-09-07 18:55:08 --> Footer[0] ligne 147 : Bon à savoir / Good to know
DEBUG - 2026-09-07 18:55:08 --> Footer[1] ligne 148 (fond vert)
DEBUG - 2026-09-07 18:55:08 --> Footer[2] ligne 149 (italic bleu)
DEBUG - 2026-09-07 18:55:08 --> Footer[3] ENERGIZING à M150:O150
DEBUG - 2026-09-07 18:55:08 --> Footer[4] Pagination ligne 151 | Page 3/4
DEBUG - 2026-09-07 18:55:08 --> Signature bloc de M144 à O149
DEBUG - 2026-09-07 18:55:08 --> Ajout saut de page après ligne 152
DEBUG - 2026-09-07 18:55:08 --> Insertion données page 4 et ligne 166
DEBUG - 2026-09-07 18:55:08 --> Totaux page 4 => HT: 67274 | TVA: 12951 | TTC: 80225
DEBUG - 2026-09-07 18:55:08 --> ==============================
DEBUG - 2026-09-07 18:55:08 --> TOTAL GLOBAL
DEBUG - 2026-09-07 18:55:08 --> HT  = 8247581
DEBUG - 2026-09-07 18:55:08 --> TVA = 1581860
DEBUG - 2026-09-07 18:55:08 --> TTC = 9829441
DEBUG - 2026-09-07 18:55:08 --> DUE = 9829441
DEBUG - 2026-09-07 18:55:08 --> ==============================
DEBUG - 2026-09-07 18:55:08 --> Insertion footer à partir de ligne 174
DEBUG - 2026-09-07 18:55:08 --> Footer[0] ligne 174 : Bon à savoir / Good to know
DEBUG - 2026-09-07 18:55:08 --> Footer[1] ligne 175 (fond vert)
DEBUG - 2026-09-07 18:55:08 --> Footer[2] ligne 176 (italic bleu)
DEBUG - 2026-09-07 18:55:08 --> Footer[3] ENERGIZING à M177:O177
DEBUG - 2026-09-07 18:55:08 --> Footer[4] Pagination ligne 178 | Page 4/4
DEBUG - 2026-09-07 18:55:08 --> Signature bloc de M171 à O176
DEBUG - 2026-09-07 18:55:08 --> Insertion données page 1 et ligne 13
DEBUG - 2026-09-07 18:55:08 --> Totaux page 1 => HT: 22904980 | TVA: 4405465 | TTC: 27310445
DEBUG - 2026-09-07 18:55:08 --> Insertion footer à partir de ligne 45
DEBUG - 2026-09-07 18:55:08 --> Footer[0] ligne 45 : Bon à savoir / Good to know
DEBUG - 2026-09-07 18:55:08 --> Footer[1] ligne 46 (fond vert)
DEBUG - 2026-09-07 18:55:08 --> Footer[2] ligne 47 (italic bleu)
DEBUG - 2026-09-07 18:55:08 --> Footer[3] ENERGIZING à M48:O48
DEBUG - 2026-09-07 18:55:08 --> Footer[4] Pagination ligne 49 | Page 1/3
DEBUG - 2026-09-07 18:55:08 --> Signature bloc de M42 à O47
DEBUG - 2026-09-07 18:55:08 --> Ajout saut de page après ligne 50
DEBUG - 2026-09-07 18:55:08 --> Insertion données page 2 et ligne 64
DEBUG - 2026-09-07 18:55:08 --> Totaux page 2 => HT: 12875110 | TVA: 2478457 | TTC: 15353567
DEBUG - 2026-09-07 18:55:08 --> Insertion footer à partir de ligne 96
DEBUG - 2026-09-07 18:55:08 --> Footer[0] ligne 96 : Bon à savoir / Good to know
DEBUG - 2026-09-07 18:55:08 --> Footer[1] ligne 97 (fond vert)
DEBUG - 2026-09-07 18:55:08 --> Footer[2] ligne 98 (italic bleu)
DEBUG - 2026-09-07 18:55:08 --> Footer[3] ENERGIZING à M99:O99
DEBUG - 2026-09-07 18:55:08 --> Footer[4] Pagination ligne 100 | Page 2/3
DEBUG - 2026-09-07 18:55:08 --> Signature bloc de M93 à O98
DEBUG - 2026-09-07 18:55:08 --> Ajout saut de page après ligne 101
DEBUG - 2026-09-07 18:55:08 --> Insertion données page 3 et ligne 115
DEBUG - 2026-09-07 18:55:08 --> Totaux page 3 => HT: 2287007 | TVA: 440250 | TTC: 2727257
DEBUG - 2026-09-07 18:55:08 --> ==============================
DEBUG - 2026-09-07 18:55:08 --> TOTAL GLOBAL
DEBUG - 2026-09-07 18:55:08 --> HT  = 38067097
DEBUG - 2026-09-07 18:55:08 --> TVA = 7324172
DEBUG - 2026-09-07 18:55:08 --> TTC = 45391269
DEBUG - 2026-09-07 18:55:08 --> DUE = 45261265
DEBUG - 2026-09-07 18:55:08 --> ==============================
DEBUG - 2026-09-07 18:55:08 --> Insertion footer à partir de ligne 137
DEBUG - 2026-09-07 18:55:08 --> Footer[0] ligne 137 : Bon à savoir / Good to know
DEBUG - 2026-09-07 18:55:08 --> Footer[1] ligne 138 (fond vert)
DEBUG - 2026-09-07 18:55:08 --> Footer[2] ligne 139 (italic bleu)
DEBUG - 2026-09-07 18:55:08 --> Footer[3] ENERGIZING à M140:O140
DEBUG - 2026-09-07 18:55:08 --> Footer[4] Pagination ligne 141 | Page 3/3
DEBUG - 2026-09-07 18:55:08 --> Signature bloc de M134 à O139
DEBUG - 2026-09-07 18:55:08 --> Insertion données page 1 et ligne 13
DEBUG - 2026-09-07 18:55:08 --> Totaux page 1 => HT: 6293956 | TVA: 1209490 | TTC: 7503446
DEBUG - 2026-09-07 18:55:08 --> Insertion footer à partir de ligne 45
DEBUG - 2026-09-07 18:55:08 --> Footer[0] ligne 45 : Bon à savoir / Good to know
DEBUG - 2026-09-07 18:55:08 --> Footer[1] ligne 46 (fond vert)
DEBUG - 2026-09-07 18:55:08 --> Footer[2] ligne 47 (italic bleu)
DEBUG - 2026-09-07 18:55:08 --> Footer[3] ENERGIZING à M48:O48
DEBUG - 2026-09-07 18:55:08 --> Footer[4] Pagination ligne 49 | Page 1/2
DEBUG - 2026-09-07 18:55:08 --> Signature bloc de M42 à O47
DEBUG - 2026-09-07 18:55:08 --> Ajout saut de page après ligne 50
DEBUG - 2026-09-07 18:55:08 --> Insertion données page 2 et ligne 64
DEBUG - 2026-09-07 18:55:08 --> Totaux page 2 => HT: 1242378 | TVA: 239158 | TTC: 1481536
DEBUG - 2026-09-07 18:55:08 --> ==============================
DEBUG - 2026-09-07 18:55:08 --> TOTAL GLOBAL
DEBUG - 2026-09-07 18:55:08 --> HT  = 7536334
DEBUG - 2026-09-07 18:55:08 --> TVA = 1448648
DEBUG - 2026-09-07 18:55:08 --> TTC = 8984982
DEBUG - 2026-09-07 18:55:08 --> DUE = 8865154
DEBUG - 2026-09-07 18:55:08 --> ==============================
DEBUG - 2026-09-07 18:55:08 --> Insertion footer à partir de ligne 79
DEBUG - 2026-09-07 18:55:08 --> Footer[0] ligne 79 : Bon à savoir / Good to know
DEBUG - 2026-09-07 18:55:08 --> Footer[1] ligne 80 (fond vert)
DEBUG - 2026-09-07 18:55:08 --> Footer[2] ligne 81 (italic bleu)
DEBUG - 2026-09-07 18:55:08 --> Footer[3] ENERGIZING à M82:O82
DEBUG - 2026-09-07 18:55:08 --> Footer[4] Pagination ligne 83 | Page 2/2
DEBUG - 2026-09-07 18:55:08 --> Signature bloc de M76 à O81
DEBUG - 2026-09-07 18:55:08 --> Insertion données page 1 et ligne 13
DEBUG - 2026-09-07 18:55:08 --> Totaux page 1 => HT: 8584051 | TVA: 1652419 | TTC: 10236470
DEBUG - 2026-09-07 18:55:08 --> Insertion footer à partir de ligne 45
DEBUG - 2026-09-07 18:55:08 --> Footer[0] ligne 45 : Bon à savoir / Good to know
DEBUG - 2026-09-07 18:55:08 --> Footer[1] ligne 46 (fond vert)
DEBUG - 2026-09-07 18:55:08 --> Footer[2] ligne 47 (italic bleu)
DEBUG - 2026-09-07 18:55:08 --> Footer[3] ENERGIZING à M48:O48
DEBUG - 2026-09-07 18:55:08 --> Footer[4] Pagination ligne 49 | Page 1/17
DEBUG - 2026-09-07 18:55:08 --> Signature bloc de M42 à O47
DEBUG - 2026-09-07 18:55:08 --> Ajout saut de page après ligne 50
DEBUG - 2026-09-07 18:55:08 --> Insertion données page 2 et ligne 64
DEBUG - 2026-09-07 18:55:08 --> Totaux page 2 => HT: 7760621 | TVA: 1493920 | TTC: 9254541
DEBUG - 2026-09-07 18:55:08 --> Insertion footer à partir de ligne 96
DEBUG - 2026-09-07 18:55:08 --> Footer[0] ligne 96 : Bon à savoir / Good to know
DEBUG - 2026-09-07 18:55:08 --> Footer[1] ligne 97 (fond vert)
DEBUG - 2026-09-07 18:55:08 --> Footer[2] ligne 98 (italic bleu)
DEBUG - 2026-09-07 18:55:08 --> Footer[3] ENERGIZING à M99:O99
DEBUG - 2026-09-07 18:55:08 --> Footer[4] Pagination ligne 100 | Page 2/17
DEBUG - 2026-09-07 18:55:08 --> Signature bloc de M93 à O98
DEBUG - 2026-09-07 18:55:08 --> Ajout saut de page après ligne 101
DEBUG - 2026-09-07 18:55:08 --> Insertion données page 3 et ligne 115
DEBUG - 2026-09-07 18:55:08 --> Totaux page 3 => HT: 8715901 | TVA: 1677812 | TTC: 10393713
DEBUG - 2026-09-07 18:55:08 --> Insertion footer à partir de ligne 147
DEBUG - 2026-09-07 18:55:08 --> Footer[0] ligne 147 : Bon à savoir / Good to know
DEBUG - 2026-09-07 18:55:08 --> Footer[1] ligne 148 (fond vert)
DEBUG - 2026-09-07 18:55:08 --> Footer[2] ligne 149 (italic bleu)
DEBUG - 2026-09-07 18:55:08 --> Footer[3] ENERGIZING à M150:O150
DEBUG - 2026-09-07 18:55:08 --> Footer[4] Pagination ligne 151 | Page 3/17
DEBUG - 2026-09-07 18:55:08 --> Signature bloc de M144 à O149
DEBUG - 2026-09-07 18:55:08 --> Ajout saut de page après ligne 152
DEBUG - 2026-09-07 18:55:08 --> Insertion données page 4 et ligne 166
DEBUG - 2026-09-07 18:55:08 --> Totaux page 4 => HT: 7709894 | TVA: 1484156 | TTC: 9194050
DEBUG - 2026-09-07 18:55:08 --> Insertion footer à partir de ligne 198
DEBUG - 2026-09-07 18:55:08 --> Footer[0] ligne 198 : Bon à savoir / Good to know
DEBUG - 2026-09-07 18:55:08 --> Footer[1] ligne 199 (fond vert)
DEBUG - 2026-09-07 18:55:08 --> Footer[2] ligne 200 (italic bleu)
DEBUG - 2026-09-07 18:55:08 --> Footer[3] ENERGIZING à M201:O201
DEBUG - 2026-09-07 18:55:08 --> Footer[4] Pagination ligne 202 | Page 4/17
DEBUG - 2026-09-07 18:55:08 --> Signature bloc de M195 à O200
DEBUG - 2026-09-07 18:55:08 --> Ajout saut de page après ligne 203
DEBUG - 2026-09-07 18:55:08 --> Insertion données page 5 et ligne 217
DEBUG - 2026-09-07 18:55:08 --> Totaux page 5 => HT: 7248178 | TVA: 1395275 | TTC: 8643453
DEBUG - 2026-09-07 18:55:08 --> Insertion footer à partir de ligne 249
DEBUG - 2026-09-07 18:55:08 --> Footer[0] ligne 249 : Bon à savoir / Good to know
DEBUG - 2026-09-07 18:55:08 --> Footer[1] ligne 250 (fond vert)
DEBUG - 2026-09-07 18:55:08 --> Footer[2] ligne 251 (italic bleu)
DEBUG - 2026-09-07 18:55:08 --> Footer[3] ENERGIZING à M252:O252
DEBUG - 2026-09-07 18:55:08 --> Footer[4] Pagination ligne 253 | Page 5/17
DEBUG - 2026-09-07 18:55:08 --> Signature bloc de M246 à O251
DEBUG - 2026-09-07 18:55:08 --> Ajout saut de page après ligne 254
DEBUG - 2026-09-07 18:55:08 --> Insertion données page 6 et ligne 268
DEBUG - 2026-09-07 18:55:08 --> Totaux page 6 => HT: 6509131 | TVA: 1253011 | TTC: 7762142
DEBUG - 2026-09-07 18:55:08 --> Insertion footer à partir de ligne 300
DEBUG - 2026-09-07 18:55:08 --> Footer[0] ligne 300 : Bon à savoir / Good to know
DEBUG - 2026-09-07 18:55:08 --> Footer[1] ligne 301 (fond vert)
DEBUG - 2026-09-07 18:55:08 --> Footer[2] ligne 302 (italic bleu)
DEBUG - 2026-09-07 18:55:08 --> Footer[3] ENERGIZING à M303:O303
DEBUG - 2026-09-07 18:55:08 --> Footer[4] Pagination ligne 304 | Page 6/17
DEBUG - 2026-09-07 18:55:08 --> Signature bloc de M297 à O302
DEBUG - 2026-09-07 18:55:08 --> Ajout saut de page après ligne 305
DEBUG - 2026-09-07 18:55:08 --> Insertion données page 7 et ligne 319
DEBUG - 2026-09-07 18:55:08 --> Totaux page 7 => HT: 6310229 | TVA: 1214717 | TTC: 7524946
DEBUG - 2026-09-07 18:55:08 --> Insertion footer à partir de ligne 351
DEBUG - 2026-09-07 18:55:08 --> Footer[0] ligne 351 : Bon à savoir / Good to know
DEBUG - 2026-09-07 18:55:08 --> Footer[1] ligne 352 (fond vert)
DEBUG - 2026-09-07 18:55:08 --> Footer[2] ligne 353 (italic bleu)
DEBUG - 2026-09-07 18:55:08 --> Footer[3] ENERGIZING à M354:O354
DEBUG - 2026-09-07 18:55:08 --> Footer[4] Pagination ligne 355 | Page 7/17
DEBUG - 2026-09-07 18:55:08 --> Signature bloc de M348 à O353
DEBUG - 2026-09-07 18:55:08 --> Ajout saut de page après ligne 356
DEBUG - 2026-09-07 18:55:08 --> Insertion données page 8 et ligne 370
DEBUG - 2026-09-07 18:55:08 --> Totaux page 8 => HT: 6459807 | TVA: 1240897 | TTC: 7700704
DEBUG - 2026-09-07 18:55:08 --> Insertion footer à partir de ligne 402
DEBUG - 2026-09-07 18:55:08 --> Footer[0] ligne 402 : Bon à savoir / Good to know
DEBUG - 2026-09-07 18:55:08 --> Footer[1] ligne 403 (fond vert)
DEBUG - 2026-09-07 18:55:08 --> Footer[2] ligne 404 (italic bleu)
DEBUG - 2026-09-07 18:55:08 --> Footer[3] ENERGIZING à M405:O405
DEBUG - 2026-09-07 18:55:08 --> Footer[4] Pagination ligne 406 | Page 8/17
DEBUG - 2026-09-07 18:55:08 --> Signature bloc de M399 à O404
DEBUG - 2026-09-07 18:55:08 --> Ajout saut de page après ligne 407
DEBUG - 2026-09-07 18:55:08 --> Insertion données page 9 et ligne 421
DEBUG - 2026-09-07 18:55:08 --> Totaux page 9 => HT: 8998719 | TVA: 1732253 | TTC: 10730972
DEBUG - 2026-09-07 18:55:08 --> Insertion footer à partir de ligne 453
DEBUG - 2026-09-07 18:55:08 --> Footer[0] ligne 453 : Bon à savoir / Good to know
DEBUG - 2026-09-07 18:55:08 --> Footer[1] ligne 454 (fond vert)
DEBUG - 2026-09-07 18:55:08 --> Footer[2] ligne 455 (italic bleu)
DEBUG - 2026-09-07 18:55:08 --> Footer[3] ENERGIZING à M456:O456
DEBUG - 2026-09-07 18:55:08 --> Footer[4] Pagination ligne 457 | Page 9/17
DEBUG - 2026-09-07 18:55:08 --> Signature bloc de M450 à O455
DEBUG - 2026-09-07 18:55:08 --> Ajout saut de page après ligne 458
DEBUG - 2026-09-07 18:55:08 --> Insertion données page 10 et ligne 472
DEBUG - 2026-09-07 18:55:08 --> Totaux page 10 => HT: 6882356 | TVA: 1324854 | TTC: 8207210
DEBUG - 2026-09-07 18:55:08 --> Insertion footer à partir de ligne 504
DEBUG - 2026-09-07 18:55:08 --> Footer[0] ligne 504 : Bon à savoir / Good to know
DEBUG - 2026-09-07 18:55:08 --> Footer[1] ligne 505 (fond vert)
DEBUG - 2026-09-07 18:55:08 --> Footer[2] ligne 506 (italic bleu)
DEBUG - 2026-09-07 18:55:08 --> Footer[3] ENERGIZING à M507:O507
DEBUG - 2026-09-07 18:55:08 --> Footer[4] Pagination ligne 508 | Page 10/17
DEBUG - 2026-09-07 18:55:08 --> Signature bloc de M501 à O506
DEBUG - 2026-09-07 18:55:08 --> Ajout saut de page après ligne 509
DEBUG - 2026-09-07 18:55:08 --> Insertion données page 11 et ligne 523
DEBUG - 2026-09-07 18:55:08 --> Totaux page 11 => HT: 8208542 | TVA: 1580146 | TTC: 9788688
DEBUG - 2026-09-07 18:55:08 --> Insertion footer à partir de ligne 555
DEBUG - 2026-09-07 18:55:08 --> Footer[0] ligne 555 : Bon à savoir / Good to know
DEBUG - 2026-09-07 18:55:08 --> Footer[1] ligne 556 (fond vert)
DEBUG - 2026-09-07 18:55:08 --> Footer[2] ligne 557 (italic bleu)
DEBUG - 2026-09-07 18:55:08 --> Footer[3] ENERGIZING à M558:O558
DEBUG - 2026-09-07 18:55:08 --> Footer[4] Pagination ligne 559 | Page 11/17
DEBUG - 2026-09-07 18:55:08 --> Signature bloc de M552 à O557
DEBUG - 2026-09-07 18:55:08 --> Ajout saut de page après ligne 560
DEBUG - 2026-09-07 18:55:08 --> Insertion données page 12 et ligne 574
DEBUG - 2026-09-07 18:55:08 --> Totaux page 12 => HT: 7307637 | TVA: 1406723 | TTC: 8714360
DEBUG - 2026-09-07 18:55:08 --> Insertion footer à partir de ligne 606
DEBUG - 2026-09-07 18:55:08 --> Footer[0] ligne 606 : Bon à savoir / Good to know
DEBUG - 2026-09-07 18:55:08 --> Footer[1] ligne 607 (fond vert)
DEBUG - 2026-09-07 18:55:08 --> Footer[2] ligne 608 (italic bleu)
DEBUG - 2026-09-07 18:55:08 --> Footer[3] ENERGIZING à M609:O609
DEBUG - 2026-09-07 18:55:08 --> Footer[4] Pagination ligne 610 | Page 12/17
DEBUG - 2026-09-07 18:55:08 --> Signature bloc de M603 à O608
DEBUG - 2026-09-07 18:55:08 --> Ajout saut de page après ligne 611
DEBUG - 2026-09-07 18:55:08 --> Insertion données page 13 et ligne 625
DEBUG - 2026-09-07 18:55:08 --> Totaux page 13 => HT: 8175992 | TVA: 1573880 | TTC: 9749872
DEBUG - 2026-09-07 18:55:08 --> Insertion footer à partir de ligne 657
DEBUG - 2026-09-07 18:55:08 --> Footer[0] ligne 657 : Bon à savoir / Good to know
DEBUG - 2026-09-07 18:55:08 --> Footer[1] ligne 658 (fond vert)
DEBUG - 2026-09-07 18:55:08 --> Footer[2] ligne 659 (italic bleu)
DEBUG - 2026-09-07 18:55:08 --> Footer[3] ENERGIZING à M660:O660
DEBUG - 2026-09-07 18:55:08 --> Footer[4] Pagination ligne 661 | Page 13/17
DEBUG - 2026-09-07 18:55:08 --> Signature bloc de M654 à O659
DEBUG - 2026-09-07 18:55:08 --> Ajout saut de page après ligne 662
DEBUG - 2026-09-07 18:55:08 --> Insertion données page 14 et ligne 676
DEBUG - 2026-09-07 18:55:09 --> Totaux page 14 => HT: 7467753 | TVA: 1437545 | TTC: 8905298
DEBUG - 2026-09-07 18:55:09 --> Insertion footer à partir de ligne 708
DEBUG - 2026-09-07 18:55:09 --> Footer[0] ligne 708 : Bon à savoir / Good to know
DEBUG - 2026-09-07 18:55:09 --> Footer[1] ligne 709 (fond vert)
DEBUG - 2026-09-07 18:55:09 --> Footer[2] ligne 710 (italic bleu)
DEBUG - 2026-09-07 18:55:09 --> Footer[3] ENERGIZING à M711:O711
DEBUG - 2026-09-07 18:55:09 --> Footer[4] Pagination ligne 712 | Page 14/17
DEBUG - 2026-09-07 18:55:09 --> Signature bloc de M705 à O710
DEBUG - 2026-09-07 18:55:09 --> Ajout saut de page après ligne 713
DEBUG - 2026-09-07 18:55:09 --> Insertion données page 15 et ligne 727
DEBUG - 2026-09-07 18:55:09 --> Totaux page 15 => HT: 6686437 | TVA: 1285271 | TTC: 7971708
DEBUG - 2026-09-07 18:55:09 --> Insertion footer à partir de ligne 759
DEBUG - 2026-09-07 18:55:09 --> Footer[0] ligne 759 : Bon à savoir / Good to know
DEBUG - 2026-09-07 18:55:09 --> Footer[1] ligne 760 (fond vert)
DEBUG - 2026-09-07 18:55:09 --> Footer[2] ligne 761 (italic bleu)
DEBUG - 2026-09-07 18:55:09 --> Footer[3] ENERGIZING à M762:O762
DEBUG - 2026-09-07 18:55:09 --> Footer[4] Pagination ligne 763 | Page 15/17
DEBUG - 2026-09-07 18:55:09 --> Signature bloc de M756 à O761
DEBUG - 2026-09-07 18:55:09 --> Ajout saut de page après ligne 764
DEBUG - 2026-09-07 18:55:09 --> Insertion données page 16 et ligne 778
DEBUG - 2026-09-07 18:55:09 --> Totaux page 16 => HT: 7010381 | TVA: 1349498 | TTC: 8359879
DEBUG - 2026-09-07 18:55:09 --> Insertion footer à partir de ligne 810
DEBUG - 2026-09-07 18:55:09 --> Footer[0] ligne 810 : Bon à savoir / Good to know
DEBUG - 2026-09-07 18:55:09 --> Footer[1] ligne 811 (fond vert)
DEBUG - 2026-09-07 18:55:09 --> Footer[2] ligne 812 (italic bleu)
DEBUG - 2026-09-07 18:55:09 --> Footer[3] ENERGIZING à M813:O813
DEBUG - 2026-09-07 18:55:09 --> Footer[4] Pagination ligne 814 | Page 16/17
DEBUG - 2026-09-07 18:55:09 --> Signature bloc de M807 à O812
DEBUG - 2026-09-07 18:55:09 --> Ajout saut de page après ligne 815
DEBUG - 2026-09-07 18:55:09 --> Insertion données page 17 et ligne 829
DEBUG - 2026-09-07 18:55:09 --> Totaux page 17 => HT: 90486 | TVA: 17419 | TTC: 107905
DEBUG - 2026-09-07 18:55:09 --> ==============================
DEBUG - 2026-09-07 18:55:09 --> TOTAL GLOBAL
DEBUG - 2026-09-07 18:55:09 --> HT  = 120126115
DEBUG - 2026-09-07 18:55:09 --> TVA = 23119796
DEBUG - 2026-09-07 18:55:09 --> TTC = 143245911
DEBUG - 2026-09-07 18:55:09 --> DUE = 140196651
DEBUG - 2026-09-07 18:55:09 --> ==============================
DEBUG - 2026-09-07 18:55:09 --> Insertion footer à partir de ligne 838
DEBUG - 2026-09-07 18:55:09 --> Footer[0] ligne 838 : Bon à savoir / Good to know
DEBUG - 2026-09-07 18:55:09 --> Footer[1] ligne 839 (fond vert)
DEBUG - 2026-09-07 18:55:09 --> Footer[2] ligne 840 (italic bleu)
DEBUG - 2026-09-07 18:55:09 --> Footer[3] ENERGIZING à M841:O841
DEBUG - 2026-09-07 18:55:09 --> Footer[4] Pagination ligne 842 | Page 17/17
DEBUG - 2026-09-07 18:55:09 --> Signature bloc de M835 à O840
DEBUG - 2026-09-07 18:55:09 --> Insertion données page 1 et ligne 13
DEBUG - 2026-09-07 18:55:09 --> Totaux page 1 => HT: 56638307 | TVA: 10902871 | TTC: 67541178
DEBUG - 2026-09-07 18:55:09 --> ==============================
DEBUG - 2026-09-07 18:55:09 --> TOTAL GLOBAL
DEBUG - 2026-09-07 18:55:09 --> HT  = 56638307
DEBUG - 2026-09-07 18:55:09 --> TVA = 10902871
DEBUG - 2026-09-07 18:55:09 --> TTC = 67541178
DEBUG - 2026-09-07 18:55:09 --> DUE = 67541178
DEBUG - 2026-09-07 18:55:09 --> ==============================
DEBUG - 2026-09-07 18:55:09 --> Insertion footer à partir de ligne 38
DEBUG - 2026-09-07 18:55:09 --> Footer[0] ligne 38 : Bon à savoir / Good to know
DEBUG - 2026-09-07 18:55:09 --> Footer[1] ligne 39 (fond vert)
DEBUG - 2026-09-07 18:55:09 --> Footer[2] ligne 40 (italic bleu)
DEBUG - 2026-09-07 18:55:09 --> Footer[3] ENERGIZING à M41:O41
DEBUG - 2026-09-07 18:55:09 --> Footer[4] Pagination ligne 42 | Page 1/1
DEBUG - 2026-09-07 18:55:09 --> Signature bloc de M35 à O40
DEBUG - 2026-09-07 18:55:09 --> Insertion données page 1 et ligne 13
DEBUG - 2026-09-07 18:55:09 --> Totaux page 1 => HT: 10718547 | TVA: 2061558 | TTC: 12780105
DEBUG - 2026-09-07 18:55:09 --> Insertion footer à partir de ligne 45
DEBUG - 2026-09-07 18:55:09 --> Footer[0] ligne 45 : Bon à savoir / Good to know
DEBUG - 2026-09-07 18:55:09 --> Footer[1] ligne 46 (fond vert)
DEBUG - 2026-09-07 18:55:09 --> Footer[2] ligne 47 (italic bleu)
DEBUG - 2026-09-07 18:55:09 --> Footer[3] ENERGIZING à M48:O48
DEBUG - 2026-09-07 18:55:09 --> Footer[4] Pagination ligne 49 | Page 1/3
DEBUG - 2026-09-07 18:55:09 --> Signature bloc de M42 à O47
DEBUG - 2026-09-07 18:55:09 --> Ajout saut de page après ligne 50
DEBUG - 2026-09-07 18:55:09 --> Insertion données page 2 et ligne 64
DEBUG - 2026-09-07 18:55:09 --> Totaux page 2 => HT: 9909147 | TVA: 1906993 | TTC: 11816140
DEBUG - 2026-09-07 18:55:09 --> Insertion footer à partir de ligne 96
DEBUG - 2026-09-07 18:55:09 --> Footer[0] ligne 96 : Bon à savoir / Good to know
DEBUG - 2026-09-07 18:55:09 --> Footer[1] ligne 97 (fond vert)
DEBUG - 2026-09-07 18:55:09 --> Footer[2] ligne 98 (italic bleu)
DEBUG - 2026-09-07 18:55:09 --> Footer[3] ENERGIZING à M99:O99
DEBUG - 2026-09-07 18:55:09 --> Footer[4] Pagination ligne 100 | Page 2/3
DEBUG - 2026-09-07 18:55:09 --> Signature bloc de M93 à O98
DEBUG - 2026-09-07 18:55:09 --> Ajout saut de page après ligne 101
DEBUG - 2026-09-07 18:55:09 --> Insertion données page 3 et ligne 115
DEBUG - 2026-09-07 18:55:09 --> Totaux page 3 => HT: 24478807 | TVA: 4712170 | TTC: 29190977
DEBUG - 2026-09-07 18:55:09 --> ==============================
DEBUG - 2026-09-07 18:55:09 --> TOTAL GLOBAL
DEBUG - 2026-09-07 18:55:09 --> HT  = 45106501
DEBUG - 2026-09-07 18:55:09 --> TVA = 8680721
DEBUG - 2026-09-07 18:55:09 --> TTC = 53787222
DEBUG - 2026-09-07 18:55:09 --> DUE = 53786921
DEBUG - 2026-09-07 18:55:09 --> ==============================
DEBUG - 2026-09-07 18:55:09 --> Insertion footer à partir de ligne 140
DEBUG - 2026-09-07 18:55:09 --> Footer[0] ligne 140 : Bon à savoir / Good to know
DEBUG - 2026-09-07 18:55:09 --> Footer[1] ligne 141 (fond vert)
DEBUG - 2026-09-07 18:55:09 --> Footer[2] ligne 142 (italic bleu)
DEBUG - 2026-09-07 18:55:09 --> Footer[3] ENERGIZING à M143:O143
DEBUG - 2026-09-07 18:55:09 --> Footer[4] Pagination ligne 144 | Page 3/3
DEBUG - 2026-09-07 18:55:09 --> Signature bloc de M137 à O142
DEBUG - 2026-09-07 18:55:09 --> Insertion données page 1 et ligne 13
DEBUG - 2026-09-07 18:55:09 --> Totaux page 1 => HT: 7235896 | TVA: 1392909 | TTC: 8628805
DEBUG - 2026-09-07 18:55:09 --> Insertion footer à partir de ligne 45
DEBUG - 2026-09-07 18:55:09 --> Footer[0] ligne 45 : Bon à savoir / Good to know
DEBUG - 2026-09-07 18:55:09 --> Footer[1] ligne 46 (fond vert)
DEBUG - 2026-09-07 18:55:09 --> Footer[2] ligne 47 (italic bleu)
DEBUG - 2026-09-07 18:55:09 --> Footer[3] ENERGIZING à M48:O48
DEBUG - 2026-09-07 18:55:09 --> Footer[4] Pagination ligne 49 | Page 1/2
DEBUG - 2026-09-07 18:55:09 --> Signature bloc de M42 à O47
DEBUG - 2026-09-07 18:55:09 --> Ajout saut de page après ligne 50
DEBUG - 2026-09-07 18:55:09 --> Insertion données page 2 et ligne 64
DEBUG - 2026-09-07 18:55:09 --> Totaux page 2 => HT: 644453 | TVA: 124058 | TTC: 768511
DEBUG - 2026-09-07 18:55:09 --> ==============================
DEBUG - 2026-09-07 18:55:09 --> TOTAL GLOBAL
DEBUG - 2026-09-07 18:55:09 --> HT  = 7880349
DEBUG - 2026-09-07 18:55:09 --> TVA = 1516967
DEBUG - 2026-09-07 18:55:09 --> TTC = 9397316
DEBUG - 2026-09-07 18:55:09 --> DUE = 9040258
DEBUG - 2026-09-07 18:55:09 --> ==============================
DEBUG - 2026-09-07 18:55:09 --> Insertion footer à partir de ligne 85
DEBUG - 2026-09-07 18:55:09 --> Footer[0] ligne 85 : Bon à savoir / Good to know
DEBUG - 2026-09-07 18:55:09 --> Footer[1] ligne 86 (fond vert)
DEBUG - 2026-09-07 18:55:09 --> Footer[2] ligne 87 (italic bleu)
DEBUG - 2026-09-07 18:55:09 --> Footer[3] ENERGIZING à M88:O88
DEBUG - 2026-09-07 18:55:09 --> Footer[4] Pagination ligne 89 | Page 2/2
DEBUG - 2026-09-07 18:55:09 --> Signature bloc de M82 à O87
DEBUG - 2026-09-07 18:55:09 --> Insertion données page 1 et ligne 13
DEBUG - 2026-09-07 18:55:09 --> Totaux page 1 => HT: 6864031 | TVA: 1321326 | TTC: 8185357
DEBUG - 2026-09-07 18:55:09 --> Insertion footer à partir de ligne 45
DEBUG - 2026-09-07 18:55:09 --> Footer[0] ligne 45 : Bon à savoir / Good to know
DEBUG - 2026-09-07 18:55:09 --> Footer[1] ligne 46 (fond vert)
DEBUG - 2026-09-07 18:55:09 --> Footer[2] ligne 47 (italic bleu)
DEBUG - 2026-09-07 18:55:09 --> Footer[3] ENERGIZING à M48:O48
DEBUG - 2026-09-07 18:55:09 --> Footer[4] Pagination ligne 49 | Page 1/4
DEBUG - 2026-09-07 18:55:09 --> Signature bloc de M42 à O47
DEBUG - 2026-09-07 18:55:09 --> Ajout saut de page après ligne 50
DEBUG - 2026-09-07 18:55:09 --> Insertion données page 2 et ligne 64
DEBUG - 2026-09-07 18:55:09 --> Totaux page 2 => HT: 7686354 | TVA: 1479621 | TTC: 9165975
DEBUG - 2026-09-07 18:55:09 --> Insertion footer à partir de ligne 96
DEBUG - 2026-09-07 18:55:09 --> Footer[0] ligne 96 : Bon à savoir / Good to know
DEBUG - 2026-09-07 18:55:09 --> Footer[1] ligne 97 (fond vert)
DEBUG - 2026-09-07 18:55:09 --> Footer[2] ligne 98 (italic bleu)
DEBUG - 2026-09-07 18:55:09 --> Footer[3] ENERGIZING à M99:O99
DEBUG - 2026-09-07 18:55:09 --> Footer[4] Pagination ligne 100 | Page 2/4
DEBUG - 2026-09-07 18:55:09 --> Signature bloc de M93 à O98
DEBUG - 2026-09-07 18:55:09 --> Ajout saut de page après ligne 101
DEBUG - 2026-09-07 18:55:09 --> Insertion données page 3 et ligne 115
DEBUG - 2026-09-07 18:55:09 --> Totaux page 3 => HT: 20398849 | TVA: 3926780 | TTC: 24325629
DEBUG - 2026-09-07 18:55:09 --> Insertion footer à partir de ligne 147
DEBUG - 2026-09-07 18:55:09 --> Footer[0] ligne 147 : Bon à savoir / Good to know
DEBUG - 2026-09-07 18:55:09 --> Footer[1] ligne 148 (fond vert)
DEBUG - 2026-09-07 18:55:09 --> Footer[2] ligne 149 (italic bleu)
DEBUG - 2026-09-07 18:55:09 --> Footer[3] ENERGIZING à M150:O150
DEBUG - 2026-09-07 18:55:09 --> Footer[4] Pagination ligne 151 | Page 3/4
DEBUG - 2026-09-07 18:55:09 --> Signature bloc de M144 à O149
DEBUG - 2026-09-07 18:55:09 --> Ajout saut de page après ligne 152
DEBUG - 2026-09-07 18:55:09 --> Insertion données page 4 et ligne 166
DEBUG - 2026-09-07 18:55:09 --> Totaux page 4 => HT: 3241070 | TVA: 623907 | TTC: 3864977
DEBUG - 2026-09-07 18:55:09 --> ==============================
DEBUG - 2026-09-07 18:55:09 --> TOTAL GLOBAL
DEBUG - 2026-09-07 18:55:09 --> HT  = 38190304
DEBUG - 2026-09-07 18:55:09 --> TVA = 7351634
DEBUG - 2026-09-07 18:55:09 --> TTC = 45541938
DEBUG - 2026-09-07 18:55:09 --> DUE = 45351450
DEBUG - 2026-09-07 18:55:09 --> ==============================
DEBUG - 2026-09-07 18:55:09 --> Insertion footer à partir de ligne 187
DEBUG - 2026-09-07 18:55:09 --> Footer[0] ligne 187 : Bon à savoir / Good to know
DEBUG - 2026-09-07 18:55:09 --> Footer[1] ligne 188 (fond vert)
DEBUG - 2026-09-07 18:55:09 --> Footer[2] ligne 189 (italic bleu)
DEBUG - 2026-09-07 18:55:09 --> Footer[3] ENERGIZING à M190:O190
DEBUG - 2026-09-07 18:55:09 --> Footer[4] Pagination ligne 191 | Page 4/4
DEBUG - 2026-09-07 18:55:09 --> Signature bloc de M184 à O189
DEBUG - 2026-09-07 18:55:09 --> Insertion données page 1 et ligne 13
DEBUG - 2026-09-07 18:55:09 --> Totaux page 1 => HT: 11397358 | TVA: 2193992 | TTC: 13591350
DEBUG - 2026-09-07 18:55:09 --> Insertion footer à partir de ligne 45
DEBUG - 2026-09-07 18:55:09 --> Footer[0] ligne 45 : Bon à savoir / Good to know
DEBUG - 2026-09-07 18:55:09 --> Footer[1] ligne 46 (fond vert)
DEBUG - 2026-09-07 18:55:09 --> Footer[2] ligne 47 (italic bleu)
DEBUG - 2026-09-07 18:55:09 --> Footer[3] ENERGIZING à M48:O48
DEBUG - 2026-09-07 18:55:09 --> Footer[4] Pagination ligne 49 | Page 1/2
DEBUG - 2026-09-07 18:55:09 --> Signature bloc de M42 à O47
DEBUG - 2026-09-07 18:55:09 --> Ajout saut de page après ligne 50
DEBUG - 2026-09-07 18:55:09 --> Insertion données page 2 et ligne 64
DEBUG - 2026-09-07 18:55:09 --> Totaux page 2 => HT: 29910158 | TVA: 5757703 | TTC: 35667861
DEBUG - 2026-09-07 18:55:09 --> ==============================
DEBUG - 2026-09-07 18:55:09 --> TOTAL GLOBAL
DEBUG - 2026-09-07 18:55:09 --> HT  = 41307516
DEBUG - 2026-09-07 18:55:09 --> TVA = 7951695
DEBUG - 2026-09-07 18:55:09 --> TTC = 49259211
DEBUG - 2026-09-07 18:55:09 --> DUE = 49214337
DEBUG - 2026-09-07 18:55:09 --> ==============================
DEBUG - 2026-09-07 18:55:09 --> Insertion footer à partir de ligne 88
DEBUG - 2026-09-07 18:55:09 --> Footer[0] ligne 88 : Bon à savoir / Good to know
DEBUG - 2026-09-07 18:55:09 --> Footer[1] ligne 89 (fond vert)
DEBUG - 2026-09-07 18:55:09 --> Footer[2] ligne 90 (italic bleu)
DEBUG - 2026-09-07 18:55:09 --> Footer[3] ENERGIZING à M91:O91
DEBUG - 2026-09-07 18:55:09 --> Footer[4] Pagination ligne 92 | Page 2/2
DEBUG - 2026-09-07 18:55:09 --> Signature bloc de M85 à O90
DEBUG - 2026-09-07 18:55:09 --> Insertion données page 1 et ligne 13
DEBUG - 2026-09-07 18:55:09 --> Totaux page 1 => HT: 3614171 | TVA: 695727 | TTC: 4309898
DEBUG - 2026-09-07 18:55:09 --> ==============================
DEBUG - 2026-09-07 18:55:09 --> TOTAL GLOBAL
DEBUG - 2026-09-07 18:55:09 --> HT  = 3614171
DEBUG - 2026-09-07 18:55:09 --> TVA = 695727
DEBUG - 2026-09-07 18:55:09 --> TTC = 4309898
DEBUG - 2026-09-07 18:55:09 --> DUE = 4309898
DEBUG - 2026-09-07 18:55:09 --> ==============================
DEBUG - 2026-09-07 18:55:09 --> Insertion footer à partir de ligne 40
DEBUG - 2026-09-07 18:55:09 --> Footer[0] ligne 40 : Bon à savoir / Good to know
DEBUG - 2026-09-07 18:55:09 --> Footer[1] ligne 41 (fond vert)
DEBUG - 2026-09-07 18:55:09 --> Footer[2] ligne 42 (italic bleu)
DEBUG - 2026-09-07 18:55:09 --> Footer[3] ENERGIZING à M43:O43
DEBUG - 2026-09-07 18:55:09 --> Footer[4] Pagination ligne 44 | Page 1/1
DEBUG - 2026-09-07 18:55:09 --> Signature bloc de M37 à O42
DEBUG - 2026-09-07 18:55:09 --> Insertion données page 1 et ligne 13
DEBUG - 2026-09-07 18:55:09 --> Totaux page 1 => HT: 612532 | TVA: 116894 | TTC: 729426
DEBUG - 2026-09-07 18:55:09 --> Insertion footer à partir de ligne 45
DEBUG - 2026-09-07 18:55:09 --> Footer[0] ligne 45 : Bon à savoir / Good to know
DEBUG - 2026-09-07 18:55:09 --> Footer[1] ligne 46 (fond vert)
DEBUG - 2026-09-07 18:55:09 --> Footer[2] ligne 47 (italic bleu)
DEBUG - 2026-09-07 18:55:09 --> Footer[3] ENERGIZING à M48:O48
DEBUG - 2026-09-07 18:55:09 --> Footer[4] Pagination ligne 49 | Page 1/9
DEBUG - 2026-09-07 18:55:09 --> Signature bloc de M42 à O47
DEBUG - 2026-09-07 18:55:09 --> Ajout saut de page après ligne 50
DEBUG - 2026-09-07 18:55:09 --> Insertion données page 2 et ligne 64
DEBUG - 2026-09-07 18:55:10 --> Totaux page 2 => HT: 963140 | TVA: 185404 | TTC: 1148544
DEBUG - 2026-09-07 18:55:10 --> Insertion footer à partir de ligne 96
DEBUG - 2026-09-07 18:55:10 --> Footer[0] ligne 96 : Bon à savoir / Good to know
DEBUG - 2026-09-07 18:55:10 --> Footer[1] ligne 97 (fond vert)
DEBUG - 2026-09-07 18:55:10 --> Footer[2] ligne 98 (italic bleu)
DEBUG - 2026-09-07 18:55:10 --> Footer[3] ENERGIZING à M99:O99
DEBUG - 2026-09-07 18:55:10 --> Footer[4] Pagination ligne 100 | Page 2/9
DEBUG - 2026-09-07 18:55:10 --> Signature bloc de M93 à O98
DEBUG - 2026-09-07 18:55:10 --> Ajout saut de page après ligne 101
DEBUG - 2026-09-07 18:55:10 --> Insertion données page 3 et ligne 115
DEBUG - 2026-09-07 18:55:10 --> Totaux page 3 => HT: 663458 | TVA: 127714 | TTC: 791172
DEBUG - 2026-09-07 18:55:10 --> Insertion footer à partir de ligne 147
DEBUG - 2026-09-07 18:55:10 --> Footer[0] ligne 147 : Bon à savoir / Good to know
DEBUG - 2026-09-07 18:55:10 --> Footer[1] ligne 148 (fond vert)
DEBUG - 2026-09-07 18:55:10 --> Footer[2] ligne 149 (italic bleu)
DEBUG - 2026-09-07 18:55:10 --> Footer[3] ENERGIZING à M150:O150
DEBUG - 2026-09-07 18:55:10 --> Footer[4] Pagination ligne 151 | Page 3/9
DEBUG - 2026-09-07 18:55:10 --> Signature bloc de M144 à O149
DEBUG - 2026-09-07 18:55:10 --> Ajout saut de page après ligne 152
DEBUG - 2026-09-07 18:55:10 --> Insertion données page 4 et ligne 166
DEBUG - 2026-09-07 18:55:10 --> Totaux page 4 => HT: 559579 | TVA: 107719 | TTC: 667298
DEBUG - 2026-09-07 18:55:10 --> Insertion footer à partir de ligne 198
DEBUG - 2026-09-07 18:55:10 --> Footer[0] ligne 198 : Bon à savoir / Good to know
DEBUG - 2026-09-07 18:55:10 --> Footer[1] ligne 199 (fond vert)
DEBUG - 2026-09-07 18:55:10 --> Footer[2] ligne 200 (italic bleu)
DEBUG - 2026-09-07 18:55:10 --> Footer[3] ENERGIZING à M201:O201
DEBUG - 2026-09-07 18:55:10 --> Footer[4] Pagination ligne 202 | Page 4/9
DEBUG - 2026-09-07 18:55:10 --> Signature bloc de M195 à O200
DEBUG - 2026-09-07 18:55:10 --> Ajout saut de page après ligne 203
DEBUG - 2026-09-07 18:55:10 --> Insertion données page 5 et ligne 217
DEBUG - 2026-09-07 18:55:10 --> Totaux page 5 => HT: 552041 | TVA: 104487 | TTC: 656528
DEBUG - 2026-09-07 18:55:10 --> Insertion footer à partir de ligne 249
DEBUG - 2026-09-07 18:55:10 --> Footer[0] ligne 249 : Bon à savoir / Good to know
DEBUG - 2026-09-07 18:55:10 --> Footer[1] ligne 250 (fond vert)
DEBUG - 2026-09-07 18:55:10 --> Footer[2] ligne 251 (italic bleu)
DEBUG - 2026-09-07 18:55:10 --> Footer[3] ENERGIZING à M252:O252
DEBUG - 2026-09-07 18:55:10 --> Footer[4] Pagination ligne 253 | Page 5/9
DEBUG - 2026-09-07 18:55:10 --> Signature bloc de M246 à O251
DEBUG - 2026-09-07 18:55:10 --> Ajout saut de page après ligne 254
DEBUG - 2026-09-07 18:55:10 --> Insertion données page 6 et ligne 268
DEBUG - 2026-09-07 18:55:10 --> Totaux page 6 => HT: 635685 | TVA: 122274 | TTC: 757959
DEBUG - 2026-09-07 18:55:10 --> Insertion footer à partir de ligne 300
DEBUG - 2026-09-07 18:55:10 --> Footer[0] ligne 300 : Bon à savoir / Good to know
DEBUG - 2026-09-07 18:55:10 --> Footer[1] ligne 301 (fond vert)
DEBUG - 2026-09-07 18:55:10 --> Footer[2] ligne 302 (italic bleu)
DEBUG - 2026-09-07 18:55:10 --> Footer[3] ENERGIZING à M303:O303
DEBUG - 2026-09-07 18:55:10 --> Footer[4] Pagination ligne 304 | Page 6/9
DEBUG - 2026-09-07 18:55:10 --> Signature bloc de M297 à O302
DEBUG - 2026-09-07 18:55:10 --> Ajout saut de page après ligne 305
DEBUG - 2026-09-07 18:55:10 --> Insertion données page 7 et ligne 319
DEBUG - 2026-09-07 18:55:10 --> Totaux page 7 => HT: 433316 | TVA: 82769 | TTC: 516085
DEBUG - 2026-09-07 18:55:10 --> Insertion footer à partir de ligne 351
DEBUG - 2026-09-07 18:55:10 --> Footer[0] ligne 351 : Bon à savoir / Good to know
DEBUG - 2026-09-07 18:55:10 --> Footer[1] ligne 352 (fond vert)
DEBUG - 2026-09-07 18:55:10 --> Footer[2] ligne 353 (italic bleu)
DEBUG - 2026-09-07 18:55:10 --> Footer[3] ENERGIZING à M354:O354
DEBUG - 2026-09-07 18:55:10 --> Footer[4] Pagination ligne 355 | Page 7/9
DEBUG - 2026-09-07 18:55:10 --> Signature bloc de M348 à O353
DEBUG - 2026-09-07 18:55:10 --> Ajout saut de page après ligne 356
DEBUG - 2026-09-07 18:55:10 --> Insertion données page 8 et ligne 370
DEBUG - 2026-09-07 18:55:10 --> Totaux page 8 => HT: 910972 | TVA: 175362 | TTC: 1086334
DEBUG - 2026-09-07 18:55:10 --> Insertion footer à partir de ligne 402
DEBUG - 2026-09-07 18:55:10 --> Footer[0] ligne 402 : Bon à savoir / Good to know
DEBUG - 2026-09-07 18:55:10 --> Footer[1] ligne 403 (fond vert)
DEBUG - 2026-09-07 18:55:10 --> Footer[2] ligne 404 (italic bleu)
DEBUG - 2026-09-07 18:55:10 --> Footer[3] ENERGIZING à M405:O405
DEBUG - 2026-09-07 18:55:10 --> Footer[4] Pagination ligne 406 | Page 8/9
DEBUG - 2026-09-07 18:55:10 --> Signature bloc de M399 à O404
DEBUG - 2026-09-07 18:55:10 --> Ajout saut de page après ligne 407
DEBUG - 2026-09-07 18:55:10 --> Insertion données page 9 et ligne 421
DEBUG - 2026-09-07 18:55:10 --> Totaux page 9 => HT: 20728 | TVA: 3259 | TTC: 23987
DEBUG - 2026-09-07 18:55:10 --> ==============================
DEBUG - 2026-09-07 18:55:10 --> TOTAL GLOBAL
DEBUG - 2026-09-07 18:55:10 --> HT  = 5351451
DEBUG - 2026-09-07 18:55:10 --> TVA = 1025882
DEBUG - 2026-09-07 18:55:10 --> TTC = 6377333
DEBUG - 2026-09-07 18:55:10 --> DUE = 5771794
DEBUG - 2026-09-07 18:55:10 --> ==============================
DEBUG - 2026-09-07 18:55:10 --> Insertion footer à partir de ligne 429
DEBUG - 2026-09-07 18:55:10 --> Footer[0] ligne 429 : Bon à savoir / Good to know
DEBUG - 2026-09-07 18:55:10 --> Footer[1] ligne 430 (fond vert)
DEBUG - 2026-09-07 18:55:10 --> Footer[2] ligne 431 (italic bleu)
DEBUG - 2026-09-07 18:55:10 --> Footer[3] ENERGIZING à M432:O432
DEBUG - 2026-09-07 18:55:10 --> Footer[4] Pagination ligne 433 | Page 9/9
DEBUG - 2026-09-07 18:55:10 --> Signature bloc de M426 à O431
DEBUG - 2026-09-07 18:55:10 --> Insertion données page 1 et ligne 13
DEBUG - 2026-09-07 18:55:10 --> Totaux page 1 => HT: 12565299 | TVA: 2418821 | TTC: 14984120
DEBUG - 2026-09-07 18:55:10 --> ==============================
DEBUG - 2026-09-07 18:55:10 --> TOTAL GLOBAL
DEBUG - 2026-09-07 18:55:10 --> HT  = 12565299
DEBUG - 2026-09-07 18:55:10 --> TVA = 2418821
DEBUG - 2026-09-07 18:55:10 --> TTC = 14984120
DEBUG - 2026-09-07 18:55:10 --> DUE = 14984120
DEBUG - 2026-09-07 18:55:10 --> ==============================
DEBUG - 2026-09-07 18:55:10 --> Insertion footer à partir de ligne 43
DEBUG - 2026-09-07 18:55:10 --> Footer[0] ligne 43 : Bon à savoir / Good to know
DEBUG - 2026-09-07 18:55:10 --> Footer[1] ligne 44 (fond vert)
DEBUG - 2026-09-07 18:55:10 --> Footer[2] ligne 45 (italic bleu)
DEBUG - 2026-09-07 18:55:10 --> Footer[3] ENERGIZING à M46:O46
DEBUG - 2026-09-07 18:55:10 --> Footer[4] Pagination ligne 47 | Page 1/1
DEBUG - 2026-09-07 18:55:10 --> Signature bloc de M40 à O45
DEBUG - 2026-09-07 18:55:10 --> Insertion données page 1 et ligne 13
DEBUG - 2026-09-07 18:55:10 --> Totaux page 1 => HT: 3270386 | TVA: 629550 | TTC: 3899936
DEBUG - 2026-09-07 18:55:10 --> ==============================
DEBUG - 2026-09-07 18:55:10 --> TOTAL GLOBAL
DEBUG - 2026-09-07 18:55:10 --> HT  = 3270386
DEBUG - 2026-09-07 18:55:10 --> TVA = 629550
DEBUG - 2026-09-07 18:55:10 --> TTC = 3899936
DEBUG - 2026-09-07 18:55:10 --> DUE = 3899936
DEBUG - 2026-09-07 18:55:10 --> ==============================
DEBUG - 2026-09-07 18:55:10 --> Insertion footer à partir de ligne 24
DEBUG - 2026-09-07 18:55:10 --> Footer[0] ligne 24 : Bon à savoir / Good to know
DEBUG - 2026-09-07 18:55:10 --> Footer[1] ligne 25 (fond vert)
DEBUG - 2026-09-07 18:55:10 --> Footer[2] ligne 26 (italic bleu)
DEBUG - 2026-09-07 18:55:10 --> Footer[3] ENERGIZING à M27:O27
DEBUG - 2026-09-07 18:55:10 --> Footer[4] Pagination ligne 28 | Page 1/1
DEBUG - 2026-09-07 18:55:10 --> Signature bloc de M21 à O26
DEBUG - 2026-09-07 18:55:10 --> Insertion données page 1 et ligne 13
DEBUG - 2026-09-07 18:55:10 --> Totaux page 1 => HT: 1567558 | TVA: 295103 | TTC: 1862661
DEBUG - 2026-09-07 18:55:10 --> ==============================
DEBUG - 2026-09-07 18:55:10 --> TOTAL GLOBAL
DEBUG - 2026-09-07 18:55:10 --> HT  = 1567558
DEBUG - 2026-09-07 18:55:10 --> TVA = 295103
DEBUG - 2026-09-07 18:55:10 --> TTC = 1862661
DEBUG - 2026-09-07 18:55:10 --> DUE = 1862661
DEBUG - 2026-09-07 18:55:10 --> ==============================
DEBUG - 2026-09-07 18:55:10 --> Insertion footer à partir de ligne 40
DEBUG - 2026-09-07 18:55:10 --> Footer[0] ligne 40 : Bon à savoir / Good to know
DEBUG - 2026-09-07 18:55:10 --> Footer[1] ligne 41 (fond vert)
DEBUG - 2026-09-07 18:55:10 --> Footer[2] ligne 42 (italic bleu)
DEBUG - 2026-09-07 18:55:10 --> Footer[3] ENERGIZING à M43:O43
DEBUG - 2026-09-07 18:55:10 --> Footer[4] Pagination ligne 44 | Page 1/1
DEBUG - 2026-09-07 18:55:10 --> Signature bloc de M37 à O42
DEBUG - 2026-09-07 18:55:10 --> Insertion données page 1 et ligne 13
DEBUG - 2026-09-07 18:55:10 --> Totaux page 1 => HT: 17011328 | TVA: 3274680 | TTC: 20286008
DEBUG - 2026-09-07 18:55:10 --> Insertion footer à partir de ligne 45
DEBUG - 2026-09-07 18:55:10 --> Footer[0] ligne 45 : Bon à savoir / Good to know
DEBUG - 2026-09-07 18:55:10 --> Footer[1] ligne 46 (fond vert)
DEBUG - 2026-09-07 18:55:10 --> Footer[2] ligne 47 (italic bleu)
DEBUG - 2026-09-07 18:55:10 --> Footer[3] ENERGIZING à M48:O48
DEBUG - 2026-09-07 18:55:10 --> Footer[4] Pagination ligne 49 | Page 1/3
DEBUG - 2026-09-07 18:55:10 --> Signature bloc de M42 à O47
DEBUG - 2026-09-07 18:55:10 --> Ajout saut de page après ligne 50
DEBUG - 2026-09-07 18:55:10 --> Insertion données page 2 et ligne 64
DEBUG - 2026-09-07 18:55:10 --> Totaux page 2 => HT: 7990952 | TVA: 1538264 | TTC: 9529216
DEBUG - 2026-09-07 18:55:10 --> Insertion footer à partir de ligne 96
DEBUG - 2026-09-07 18:55:10 --> Footer[0] ligne 96 : Bon à savoir / Good to know
DEBUG - 2026-09-07 18:55:10 --> Footer[1] ligne 97 (fond vert)
DEBUG - 2026-09-07 18:55:10 --> Footer[2] ligne 98 (italic bleu)
DEBUG - 2026-09-07 18:55:10 --> Footer[3] ENERGIZING à M99:O99
DEBUG - 2026-09-07 18:55:10 --> Footer[4] Pagination ligne 100 | Page 2/3
DEBUG - 2026-09-07 18:55:10 --> Signature bloc de M93 à O98
DEBUG - 2026-09-07 18:55:10 --> Ajout saut de page après ligne 101
DEBUG - 2026-09-07 18:55:10 --> Insertion données page 3 et ligne 115
DEBUG - 2026-09-07 18:55:10 --> Totaux page 3 => HT: 1665478 | TVA: 320603 | TTC: 1986081
DEBUG - 2026-09-07 18:55:10 --> ==============================
DEBUG - 2026-09-07 18:55:10 --> TOTAL GLOBAL
DEBUG - 2026-09-07 18:55:10 --> HT  = 26667758
DEBUG - 2026-09-07 18:55:10 --> TVA = 5133547
DEBUG - 2026-09-07 18:55:10 --> TTC = 31801305
DEBUG - 2026-09-07 18:55:10 --> DUE = 31798696
DEBUG - 2026-09-07 18:55:10 --> ==============================
DEBUG - 2026-09-07 18:55:10 --> Insertion footer à partir de ligne 129
DEBUG - 2026-09-07 18:55:10 --> Footer[0] ligne 129 : Bon à savoir / Good to know
DEBUG - 2026-09-07 18:55:10 --> Footer[1] ligne 130 (fond vert)
DEBUG - 2026-09-07 18:55:10 --> Footer[2] ligne 131 (italic bleu)
DEBUG - 2026-09-07 18:55:10 --> Footer[3] ENERGIZING à M132:O132
DEBUG - 2026-09-07 18:55:10 --> Footer[4] Pagination ligne 133 | Page 3/3
DEBUG - 2026-09-07 18:55:10 --> Signature bloc de M126 à O131
DEBUG - 2026-09-07 18:55:10 --> Insertion données page 1 et ligne 13
DEBUG - 2026-09-07 18:55:10 --> Totaux page 1 => HT: 28449243 | TVA: 5476475 | TTC: 33925718
DEBUG - 2026-09-07 18:55:10 --> Insertion footer à partir de ligne 45
DEBUG - 2026-09-07 18:55:10 --> Footer[0] ligne 45 : Bon à savoir / Good to know
DEBUG - 2026-09-07 18:55:10 --> Footer[1] ligne 46 (fond vert)
DEBUG - 2026-09-07 18:55:10 --> Footer[2] ligne 47 (italic bleu)
DEBUG - 2026-09-07 18:55:10 --> Footer[3] ENERGIZING à M48:O48
DEBUG - 2026-09-07 18:55:10 --> Footer[4] Pagination ligne 49 | Page 1/2
DEBUG - 2026-09-07 18:55:10 --> Signature bloc de M42 à O47
DEBUG - 2026-09-07 18:55:10 --> Ajout saut de page après ligne 50
DEBUG - 2026-09-07 18:55:10 --> Insertion données page 2 et ligne 64
DEBUG - 2026-09-07 18:55:10 --> Totaux page 2 => HT: 122547823 | TVA: 23590451 | TTC: 146138274
DEBUG - 2026-09-07 18:55:10 --> ==============================
DEBUG - 2026-09-07 18:55:10 --> TOTAL GLOBAL
DEBUG - 2026-09-07 18:55:10 --> HT  = 150997066
DEBUG - 2026-09-07 18:55:10 --> TVA = 29066926
DEBUG - 2026-09-07 18:55:10 --> TTC = 180063992
DEBUG - 2026-09-07 18:55:10 --> DUE = 179962662
DEBUG - 2026-09-07 18:55:10 --> ==============================
DEBUG - 2026-09-07 18:55:10 --> Insertion footer à partir de ligne 97
DEBUG - 2026-09-07 18:55:10 --> Footer[0] ligne 97 : Bon à savoir / Good to know
DEBUG - 2026-09-07 18:55:10 --> Footer[1] ligne 98 (fond vert)
DEBUG - 2026-09-07 18:55:10 --> Footer[2] ligne 99 (italic bleu)
DEBUG - 2026-09-07 18:55:10 --> Footer[3] ENERGIZING à M100:O100
DEBUG - 2026-09-07 18:55:10 --> Footer[4] Pagination ligne 101 | Page 2/2
DEBUG - 2026-09-07 18:55:10 --> Signature bloc de M94 à O99
DEBUG - 2026-09-07 18:55:10 --> Insertion données page 1 et ligne 13
DEBUG - 2026-09-07 18:55:10 --> Totaux page 1 => HT: 21750045 | TVA: 4186884 | TTC: 25936929
DEBUG - 2026-09-07 18:55:10 --> Insertion footer à partir de ligne 45
DEBUG - 2026-09-07 18:55:10 --> Footer[0] ligne 45 : Bon à savoir / Good to know
DEBUG - 2026-09-07 18:55:10 --> Footer[1] ligne 46 (fond vert)
DEBUG - 2026-09-07 18:55:10 --> Footer[2] ligne 47 (italic bleu)
DEBUG - 2026-09-07 18:55:10 --> Footer[3] ENERGIZING à M48:O48
DEBUG - 2026-09-07 18:55:10 --> Footer[4] Pagination ligne 49 | Page 1/3
DEBUG - 2026-09-07 18:55:10 --> Signature bloc de M42 à O47
DEBUG - 2026-09-07 18:55:10 --> Ajout saut de page après ligne 50
DEBUG - 2026-09-07 18:55:10 --> Insertion données page 2 et ligne 64
DEBUG - 2026-09-07 18:55:11 --> Totaux page 2 => HT: 18444177 | TVA: 3549599 | TTC: 21993776
DEBUG - 2026-09-07 18:55:11 --> Insertion footer à partir de ligne 96
DEBUG - 2026-09-07 18:55:11 --> Footer[0] ligne 96 : Bon à savoir / Good to know
DEBUG - 2026-09-07 18:55:11 --> Footer[1] ligne 97 (fond vert)
DEBUG - 2026-09-07 18:55:11 --> Footer[2] ligne 98 (italic bleu)
DEBUG - 2026-09-07 18:55:11 --> Footer[3] ENERGIZING à M99:O99
DEBUG - 2026-09-07 18:55:11 --> Footer[4] Pagination ligne 100 | Page 2/3
DEBUG - 2026-09-07 18:55:11 --> Signature bloc de M93 à O98
DEBUG - 2026-09-07 18:55:11 --> Ajout saut de page après ligne 101
DEBUG - 2026-09-07 18:55:11 --> Insertion données page 3 et ligne 115
DEBUG - 2026-09-07 18:55:11 --> Totaux page 3 => HT: 2510689 | TVA: 483307 | TTC: 2993996
DEBUG - 2026-09-07 18:55:11 --> ==============================
DEBUG - 2026-09-07 18:55:11 --> TOTAL GLOBAL
DEBUG - 2026-09-07 18:55:11 --> HT  = 42704911
DEBUG - 2026-09-07 18:55:11 --> TVA = 8219790
DEBUG - 2026-09-07 18:55:11 --> TTC = 50924701
DEBUG - 2026-09-07 18:55:11 --> DUE = 49298531
DEBUG - 2026-09-07 18:55:11 --> ==============================
DEBUG - 2026-09-07 18:55:11 --> Insertion footer à partir de ligne 128
DEBUG - 2026-09-07 18:55:11 --> Footer[0] ligne 128 : Bon à savoir / Good to know
DEBUG - 2026-09-07 18:55:11 --> Footer[1] ligne 129 (fond vert)
DEBUG - 2026-09-07 18:55:11 --> Footer[2] ligne 130 (italic bleu)
DEBUG - 2026-09-07 18:55:11 --> Footer[3] ENERGIZING à M131:O131
DEBUG - 2026-09-07 18:55:11 --> Footer[4] Pagination ligne 132 | Page 3/3
DEBUG - 2026-09-07 18:55:11 --> Signature bloc de M125 à O130
DEBUG - 2026-09-07 18:55:11 --> Insertion données page 1 et ligne 13
DEBUG - 2026-09-07 18:55:11 --> Totaux page 1 => HT: 791169 | TVA: 0 | TTC: 791169
DEBUG - 2026-09-07 18:55:11 --> ==============================
DEBUG - 2026-09-07 18:55:11 --> TOTAL GLOBAL
DEBUG - 2026-09-07 18:55:11 --> HT  = 791169
DEBUG - 2026-09-07 18:55:11 --> TVA = 0
DEBUG - 2026-09-07 18:55:11 --> TTC = 791169
DEBUG - 2026-09-07 18:55:11 --> DUE = 791169
DEBUG - 2026-09-07 18:55:11 --> ==============================
DEBUG - 2026-09-07 18:55:11 --> Insertion footer à partir de ligne 24
DEBUG - 2026-09-07 18:55:11 --> Footer[0] ligne 24 : Bon à savoir / Good to know
DEBUG - 2026-09-07 18:55:11 --> Footer[1] ligne 25 (fond vert)
DEBUG - 2026-09-07 18:55:11 --> Footer[2] ligne 26 (italic bleu)
DEBUG - 2026-09-07 18:55:11 --> Footer[3] ENERGIZING à M27:O27
DEBUG - 2026-09-07 18:55:11 --> Footer[4] Pagination ligne 28 | Page 1/1
DEBUG - 2026-09-07 18:55:11 --> Signature bloc de M21 à O26
DEBUG - 2026-09-07 18:55:11 --> Insertion données page 1 et ligne 13
DEBUG - 2026-09-07 18:55:11 --> Totaux page 1 => HT: 168 | TVA: 32 | TTC: 200
DEBUG - 2026-09-07 18:55:11 --> Insertion footer à partir de ligne 45
DEBUG - 2026-09-07 18:55:11 --> Footer[0] ligne 45 : Bon à savoir / Good to know
DEBUG - 2026-09-07 18:55:11 --> Footer[1] ligne 46 (fond vert)
DEBUG - 2026-09-07 18:55:11 --> Footer[2] ligne 47 (italic bleu)
DEBUG - 2026-09-07 18:55:11 --> Footer[3] ENERGIZING à M48:O48
DEBUG - 2026-09-07 18:55:11 --> Footer[4] Pagination ligne 49 | Page 1/17
DEBUG - 2026-09-07 18:55:11 --> Signature bloc de M42 à O47
DEBUG - 2026-09-07 18:55:11 --> Ajout saut de page après ligne 50
DEBUG - 2026-09-07 18:55:11 --> Insertion données page 2 et ligne 64
DEBUG - 2026-09-07 18:55:11 --> Totaux page 2 => HT: 13156 | TVA: 2533 | TTC: 15689
DEBUG - 2026-09-07 18:55:11 --> Insertion footer à partir de ligne 96
DEBUG - 2026-09-07 18:55:11 --> Footer[0] ligne 96 : Bon à savoir / Good to know
DEBUG - 2026-09-07 18:55:11 --> Footer[1] ligne 97 (fond vert)
DEBUG - 2026-09-07 18:55:11 --> Footer[2] ligne 98 (italic bleu)
DEBUG - 2026-09-07 18:55:11 --> Footer[3] ENERGIZING à M99:O99
DEBUG - 2026-09-07 18:55:11 --> Footer[4] Pagination ligne 100 | Page 2/17
DEBUG - 2026-09-07 18:55:11 --> Signature bloc de M93 à O98
DEBUG - 2026-09-07 18:55:11 --> Ajout saut de page après ligne 101
DEBUG - 2026-09-07 18:55:11 --> Insertion données page 3 et ligne 115
DEBUG - 2026-09-07 18:55:11 --> Totaux page 3 => HT: 4116 | TVA: 792 | TTC: 4908
DEBUG - 2026-09-07 18:55:11 --> Insertion footer à partir de ligne 147
DEBUG - 2026-09-07 18:55:11 --> Footer[0] ligne 147 : Bon à savoir / Good to know
DEBUG - 2026-09-07 18:55:11 --> Footer[1] ligne 148 (fond vert)
DEBUG - 2026-09-07 18:55:11 --> Footer[2] ligne 149 (italic bleu)
DEBUG - 2026-09-07 18:55:11 --> Footer[3] ENERGIZING à M150:O150
DEBUG - 2026-09-07 18:55:11 --> Footer[4] Pagination ligne 151 | Page 3/17
DEBUG - 2026-09-07 18:55:11 --> Signature bloc de M144 à O149
DEBUG - 2026-09-07 18:55:11 --> Ajout saut de page après ligne 152
DEBUG - 2026-09-07 18:55:11 --> Insertion données page 4 et ligne 166
DEBUG - 2026-09-07 18:55:11 --> Totaux page 4 => HT: 84 | TVA: 16 | TTC: 100
DEBUG - 2026-09-07 18:55:11 --> Insertion footer à partir de ligne 198
DEBUG - 2026-09-07 18:55:11 --> Footer[0] ligne 198 : Bon à savoir / Good to know
DEBUG - 2026-09-07 18:55:11 --> Footer[1] ligne 199 (fond vert)
DEBUG - 2026-09-07 18:55:11 --> Footer[2] ligne 200 (italic bleu)
DEBUG - 2026-09-07 18:55:11 --> Footer[3] ENERGIZING à M201:O201
DEBUG - 2026-09-07 18:55:11 --> Footer[4] Pagination ligne 202 | Page 4/17
DEBUG - 2026-09-07 18:55:11 --> Signature bloc de M195 à O200
DEBUG - 2026-09-07 18:55:11 --> Ajout saut de page après ligne 203
DEBUG - 2026-09-07 18:55:11 --> Insertion données page 5 et ligne 217
DEBUG - 2026-09-07 18:55:11 --> Totaux page 5 => HT: 0 | TVA: 0 | TTC: 0
DEBUG - 2026-09-07 18:55:11 --> Insertion footer à partir de ligne 249
DEBUG - 2026-09-07 18:55:11 --> Footer[0] ligne 249 : Bon à savoir / Good to know
DEBUG - 2026-09-07 18:55:11 --> Footer[1] ligne 250 (fond vert)
DEBUG - 2026-09-07 18:55:11 --> Footer[2] ligne 251 (italic bleu)
DEBUG - 2026-09-07 18:55:11 --> Footer[3] ENERGIZING à M252:O252
DEBUG - 2026-09-07 18:55:11 --> Footer[4] Pagination ligne 253 | Page 5/17
DEBUG - 2026-09-07 18:55:11 --> Signature bloc de M246 à O251
DEBUG - 2026-09-07 18:55:11 --> Ajout saut de page après ligne 254
DEBUG - 2026-09-07 18:55:11 --> Insertion données page 6 et ligne 268
DEBUG - 2026-09-07 18:55:11 --> Totaux page 6 => HT: 0 | TVA: 0 | TTC: 0
DEBUG - 2026-09-07 18:55:11 --> Insertion footer à partir de ligne 300
DEBUG - 2026-09-07 18:55:11 --> Footer[0] ligne 300 : Bon à savoir / Good to know
DEBUG - 2026-09-07 18:55:11 --> Footer[1] ligne 301 (fond vert)
DEBUG - 2026-09-07 18:55:11 --> Footer[2] ligne 302 (italic bleu)
DEBUG - 2026-09-07 18:55:11 --> Footer[3] ENERGIZING à M303:O303
DEBUG - 2026-09-07 18:55:11 --> Footer[4] Pagination ligne 304 | Page 6/17
DEBUG - 2026-09-07 18:55:11 --> Signature bloc de M297 à O302
DEBUG - 2026-09-07 18:55:11 --> Ajout saut de page après ligne 305
DEBUG - 2026-09-07 18:55:11 --> Insertion données page 7 et ligne 319
DEBUG - 2026-09-07 18:55:11 --> Totaux page 7 => HT: 1596 | TVA: 307 | TTC: 1903
DEBUG - 2026-09-07 18:55:11 --> Insertion footer à partir de ligne 351
DEBUG - 2026-09-07 18:55:11 --> Footer[0] ligne 351 : Bon à savoir / Good to know
DEBUG - 2026-09-07 18:55:11 --> Footer[1] ligne 352 (fond vert)
DEBUG - 2026-09-07 18:55:11 --> Footer[2] ligne 353 (italic bleu)
DEBUG - 2026-09-07 18:55:11 --> Footer[3] ENERGIZING à M354:O354
DEBUG - 2026-09-07 18:55:11 --> Footer[4] Pagination ligne 355 | Page 7/17
DEBUG - 2026-09-07 18:55:11 --> Signature bloc de M348 à O353
DEBUG - 2026-09-07 18:55:11 --> Ajout saut de page après ligne 356
DEBUG - 2026-09-07 18:55:11 --> Insertion données page 8 et ligne 370
DEBUG - 2026-09-07 18:55:11 --> Totaux page 8 => HT: 651123 | TVA: 125341 | TTC: 776464
DEBUG - 2026-09-07 18:55:11 --> Insertion footer à partir de ligne 402
DEBUG - 2026-09-07 18:55:11 --> Footer[0] ligne 402 : Bon à savoir / Good to know
DEBUG - 2026-09-07 18:55:11 --> Footer[1] ligne 403 (fond vert)
DEBUG - 2026-09-07 18:55:11 --> Footer[2] ligne 404 (italic bleu)
DEBUG - 2026-09-07 18:55:11 --> Footer[3] ENERGIZING à M405:O405
DEBUG - 2026-09-07 18:55:11 --> Footer[4] Pagination ligne 406 | Page 8/17
DEBUG - 2026-09-07 18:55:11 --> Signature bloc de M399 à O404
DEBUG - 2026-09-07 18:55:11 --> Ajout saut de page après ligne 407
DEBUG - 2026-09-07 18:55:11 --> Insertion données page 9 et ligne 421
DEBUG - 2026-09-07 18:55:11 --> Totaux page 9 => HT: 252 | TVA: 48 | TTC: 300
DEBUG - 2026-09-07 18:55:11 --> Insertion footer à partir de ligne 453
DEBUG - 2026-09-07 18:55:11 --> Footer[0] ligne 453 : Bon à savoir / Good to know
DEBUG - 2026-09-07 18:55:11 --> Footer[1] ligne 454 (fond vert)
DEBUG - 2026-09-07 18:55:11 --> Footer[2] ligne 455 (italic bleu)
DEBUG - 2026-09-07 18:55:11 --> Footer[3] ENERGIZING à M456:O456
DEBUG - 2026-09-07 18:55:11 --> Footer[4] Pagination ligne 457 | Page 9/17
DEBUG - 2026-09-07 18:55:11 --> Signature bloc de M450 à O455
DEBUG - 2026-09-07 18:55:11 --> Ajout saut de page après ligne 458
DEBUG - 2026-09-07 18:55:11 --> Insertion données page 10 et ligne 472
DEBUG - 2026-09-07 18:55:11 --> Totaux page 10 => HT: 0 | TVA: 0 | TTC: 0
DEBUG - 2026-09-07 18:55:11 --> Insertion footer à partir de ligne 504
DEBUG - 2026-09-07 18:55:11 --> Footer[0] ligne 504 : Bon à savoir / Good to know
DEBUG - 2026-09-07 18:55:11 --> Footer[1] ligne 505 (fond vert)
DEBUG - 2026-09-07 18:55:11 --> Footer[2] ligne 506 (italic bleu)
DEBUG - 2026-09-07 18:55:11 --> Footer[3] ENERGIZING à M507:O507
DEBUG - 2026-09-07 18:55:11 --> Footer[4] Pagination ligne 508 | Page 10/17
DEBUG - 2026-09-07 18:55:11 --> Signature bloc de M501 à O506
DEBUG - 2026-09-07 18:55:11 --> Ajout saut de page après ligne 509
DEBUG - 2026-09-07 18:55:11 --> Insertion données page 11 et ligne 523
DEBUG - 2026-09-07 18:55:11 --> Totaux page 11 => HT: 1785 | TVA: 344 | TTC: 2129
DEBUG - 2026-09-07 18:55:11 --> Insertion footer à partir de ligne 555
DEBUG - 2026-09-07 18:55:11 --> Footer[0] ligne 555 : Bon à savoir / Good to know
DEBUG - 2026-09-07 18:55:11 --> Footer[1] ligne 556 (fond vert)
DEBUG - 2026-09-07 18:55:11 --> Footer[2] ligne 557 (italic bleu)
DEBUG - 2026-09-07 18:55:11 --> Footer[3] ENERGIZING à M558:O558
DEBUG - 2026-09-07 18:55:11 --> Footer[4] Pagination ligne 559 | Page 11/17
DEBUG - 2026-09-07 18:55:11 --> Signature bloc de M552 à O557
DEBUG - 2026-09-07 18:55:11 --> Ajout saut de page après ligne 560
DEBUG - 2026-09-07 18:55:11 --> Insertion données page 12 et ligne 574
DEBUG - 2026-09-07 18:55:11 --> Totaux page 12 => HT: 1589529 | TVA: 305984 | TTC: 1895513
DEBUG - 2026-09-07 18:55:11 --> Insertion footer à partir de ligne 606
DEBUG - 2026-09-07 18:55:11 --> Footer[0] ligne 606 : Bon à savoir / Good to know
DEBUG - 2026-09-07 18:55:11 --> Footer[1] ligne 607 (fond vert)
DEBUG - 2026-09-07 18:55:11 --> Footer[2] ligne 608 (italic bleu)
DEBUG - 2026-09-07 18:55:11 --> Footer[3] ENERGIZING à M609:O609
DEBUG - 2026-09-07 18:55:11 --> Footer[4] Pagination ligne 610 | Page 12/17
DEBUG - 2026-09-07 18:55:11 --> Signature bloc de M603 à O608
DEBUG - 2026-09-07 18:55:11 --> Ajout saut de page après ligne 611
DEBUG - 2026-09-07 18:55:11 --> Insertion données page 13 et ligne 625
DEBUG - 2026-09-07 18:55:11 --> Totaux page 13 => HT: 84 | TVA: 16 | TTC: 100
DEBUG - 2026-09-07 18:55:11 --> Insertion footer à partir de ligne 657
DEBUG - 2026-09-07 18:55:11 --> Footer[0] ligne 657 : Bon à savoir / Good to know
DEBUG - 2026-09-07 18:55:11 --> Footer[1] ligne 658 (fond vert)
DEBUG - 2026-09-07 18:55:11 --> Footer[2] ligne 659 (italic bleu)
DEBUG - 2026-09-07 18:55:11 --> Footer[3] ENERGIZING à M660:O660
DEBUG - 2026-09-07 18:55:11 --> Footer[4] Pagination ligne 661 | Page 13/17
DEBUG - 2026-09-07 18:55:11 --> Signature bloc de M654 à O659
DEBUG - 2026-09-07 18:55:11 --> Ajout saut de page après ligne 662
DEBUG - 2026-09-07 18:55:11 --> Insertion données page 14 et ligne 676
DEBUG - 2026-09-07 18:55:11 --> Totaux page 14 => HT: 6468 | TVA: 1245 | TTC: 7713
DEBUG - 2026-09-07 18:55:11 --> Insertion footer à partir de ligne 708
DEBUG - 2026-09-07 18:55:11 --> Footer[0] ligne 708 : Bon à savoir / Good to know
DEBUG - 2026-09-07 18:55:11 --> Footer[1] ligne 709 (fond vert)
DEBUG - 2026-09-07 18:55:11 --> Footer[2] ligne 710 (italic bleu)
DEBUG - 2026-09-07 18:55:11 --> Footer[3] ENERGIZING à M711:O711
DEBUG - 2026-09-07 18:55:11 --> Footer[4] Pagination ligne 712 | Page 14/17
DEBUG - 2026-09-07 18:55:11 --> Signature bloc de M705 à O710
DEBUG - 2026-09-07 18:55:11 --> Ajout saut de page après ligne 713
DEBUG - 2026-09-07 18:55:11 --> Insertion données page 15 et ligne 727
DEBUG - 2026-09-07 18:55:11 --> Totaux page 15 => HT: 19456 | TVA: 3745 | TTC: 23201
DEBUG - 2026-09-07 18:55:11 --> Insertion footer à partir de ligne 759
DEBUG - 2026-09-07 18:55:11 --> Footer[0] ligne 759 : Bon à savoir / Good to know
DEBUG - 2026-09-07 18:55:11 --> Footer[1] ligne 760 (fond vert)
DEBUG - 2026-09-07 18:55:11 --> Footer[2] ligne 761 (italic bleu)
DEBUG - 2026-09-07 18:55:11 --> Footer[3] ENERGIZING à M762:O762
DEBUG - 2026-09-07 18:55:11 --> Footer[4] Pagination ligne 763 | Page 15/17
DEBUG - 2026-09-07 18:55:11 --> Signature bloc de M756 à O761
DEBUG - 2026-09-07 18:55:11 --> Ajout saut de page après ligne 764
DEBUG - 2026-09-07 18:55:11 --> Insertion données page 16 et ligne 778
DEBUG - 2026-09-07 18:55:11 --> Totaux page 16 => HT: 2520 | TVA: 485 | TTC: 3005
DEBUG - 2026-09-07 18:55:11 --> Insertion footer à partir de ligne 810
DEBUG - 2026-09-07 18:55:11 --> Footer[0] ligne 810 : Bon à savoir / Good to know
DEBUG - 2026-09-07 18:55:11 --> Footer[1] ligne 811 (fond vert)
DEBUG - 2026-09-07 18:55:11 --> Footer[2] ligne 812 (italic bleu)
DEBUG - 2026-09-07 18:55:11 --> Footer[3] ENERGIZING à M813:O813
DEBUG - 2026-09-07 18:55:11 --> Footer[4] Pagination ligne 814 | Page 16/17
DEBUG - 2026-09-07 18:55:11 --> Signature bloc de M807 à O812
DEBUG - 2026-09-07 18:55:11 --> Ajout saut de page après ligne 815
DEBUG - 2026-09-07 18:55:11 --> Insertion données page 17 et ligne 829
DEBUG - 2026-09-07 18:55:11 --> Totaux page 17 => HT: 0 | TVA: 0 | TTC: 0
DEBUG - 2026-09-07 18:55:11 --> ==============================
DEBUG - 2026-09-07 18:55:11 --> TOTAL GLOBAL
DEBUG - 2026-09-07 18:55:11 --> HT  = 2290337
DEBUG - 2026-09-07 18:55:11 --> TVA = 440888
DEBUG - 2026-09-07 18:55:11 --> TTC = 2731225
DEBUG - 2026-09-07 18:55:11 --> DUE = 2728821
DEBUG - 2026-09-07 18:55:11 --> ==============================
DEBUG - 2026-09-07 18:55:11 --> Insertion footer à partir de ligne 843
DEBUG - 2026-09-07 18:55:11 --> Footer[0] ligne 843 : Bon à savoir / Good to know
DEBUG - 2026-09-07 18:55:11 --> Footer[1] ligne 844 (fond vert)
DEBUG - 2026-09-07 18:55:11 --> Footer[2] ligne 845 (italic bleu)
DEBUG - 2026-09-07 18:55:11 --> Footer[3] ENERGIZING à M846:O846
DEBUG - 2026-09-07 18:55:11 --> Footer[4] Pagination ligne 847 | Page 17/17
DEBUG - 2026-09-07 18:55:11 --> Signature bloc de M840 à O845
DEBUG - 2026-09-07 18:55:11 --> Insertion données page 1 et ligne 13
DEBUG - 2026-09-07 18:55:11 --> Totaux page 1 => HT: 826745 | TVA: 32 | TTC: 826777
DEBUG - 2026-09-07 18:55:11 --> ==============================
DEBUG - 2026-09-07 18:55:11 --> TOTAL GLOBAL
DEBUG - 2026-09-07 18:55:11 --> HT  = 826745
DEBUG - 2026-09-07 18:55:11 --> TVA = 32
DEBUG - 2026-09-07 18:55:11 --> TTC = 826777
DEBUG - 2026-09-07 18:55:11 --> DUE = 386678
DEBUG - 2026-09-07 18:55:11 --> ==============================
DEBUG - 2026-09-07 18:55:11 --> Insertion footer à partir de ligne 31
DEBUG - 2026-09-07 18:55:11 --> Footer[0] ligne 31 : Bon à savoir / Good to know
DEBUG - 2026-09-07 18:55:11 --> Footer[1] ligne 32 (fond vert)
DEBUG - 2026-09-07 18:55:11 --> Footer[2] ligne 33 (italic bleu)
DEBUG - 2026-09-07 18:55:11 --> Footer[3] ENERGIZING à M34:O34
DEBUG - 2026-09-07 18:55:11 --> Footer[4] Pagination ligne 35 | Page 1/1
DEBUG - 2026-09-07 18:55:11 --> Signature bloc de M28 à O33
DEBUG - 2026-09-07 18:55:12 --> Insertion données page 1 et ligne 13
DEBUG - 2026-09-07 18:55:12 --> Totaux page 1 => HT: 4754235 | TVA: 915189 | TTC: 5669424
DEBUG - 2026-09-07 18:55:12 --> Insertion footer à partir de ligne 45
DEBUG - 2026-09-07 18:55:12 --> Footer[0] ligne 45 : Bon à savoir / Good to know
DEBUG - 2026-09-07 18:55:12 --> Footer[1] ligne 46 (fond vert)
DEBUG - 2026-09-07 18:55:12 --> Footer[2] ligne 47 (italic bleu)
DEBUG - 2026-09-07 18:55:12 --> Footer[3] ENERGIZING à M48:O48
DEBUG - 2026-09-07 18:55:12 --> Footer[4] Pagination ligne 49 | Page 1/4
DEBUG - 2026-09-07 18:55:12 --> Signature bloc de M42 à O47
DEBUG - 2026-09-07 18:55:12 --> Ajout saut de page après ligne 50
DEBUG - 2026-09-07 18:55:12 --> Insertion données page 2 et ligne 64
DEBUG - 2026-09-07 18:55:12 --> Totaux page 2 => HT: 5663308 | TVA: 1090187 | TTC: 6753495
DEBUG - 2026-09-07 18:55:12 --> Insertion footer à partir de ligne 96
DEBUG - 2026-09-07 18:55:12 --> Footer[0] ligne 96 : Bon à savoir / Good to know
DEBUG - 2026-09-07 18:55:12 --> Footer[1] ligne 97 (fond vert)
DEBUG - 2026-09-07 18:55:12 --> Footer[2] ligne 98 (italic bleu)
DEBUG - 2026-09-07 18:55:12 --> Footer[3] ENERGIZING à M99:O99
DEBUG - 2026-09-07 18:55:12 --> Footer[4] Pagination ligne 100 | Page 2/4
DEBUG - 2026-09-07 18:55:12 --> Signature bloc de M93 à O98
DEBUG - 2026-09-07 18:55:12 --> Ajout saut de page après ligne 101
DEBUG - 2026-09-07 18:55:12 --> Insertion données page 3 et ligne 115
DEBUG - 2026-09-07 18:55:12 --> Totaux page 3 => HT: 5350432 | TVA: 1029812 | TTC: 6380244
DEBUG - 2026-09-07 18:55:12 --> Insertion footer à partir de ligne 147
DEBUG - 2026-09-07 18:55:12 --> Footer[0] ligne 147 : Bon à savoir / Good to know
DEBUG - 2026-09-07 18:55:12 --> Footer[1] ligne 148 (fond vert)
DEBUG - 2026-09-07 18:55:12 --> Footer[2] ligne 149 (italic bleu)
DEBUG - 2026-09-07 18:55:12 --> Footer[3] ENERGIZING à M150:O150
DEBUG - 2026-09-07 18:55:12 --> Footer[4] Pagination ligne 151 | Page 3/4
DEBUG - 2026-09-07 18:55:12 --> Signature bloc de M144 à O149
DEBUG - 2026-09-07 18:55:12 --> Ajout saut de page après ligne 152
DEBUG - 2026-09-07 18:55:12 --> Insertion données page 4 et ligne 166
DEBUG - 2026-09-07 18:55:12 --> Totaux page 4 => HT: 1506012 | TVA: 289906 | TTC: 1795918
DEBUG - 2026-09-07 18:55:12 --> ==============================
DEBUG - 2026-09-07 18:55:12 --> TOTAL GLOBAL
DEBUG - 2026-09-07 18:55:12 --> HT  = 17273987
DEBUG - 2026-09-07 18:55:12 --> TVA = 3325094
DEBUG - 2026-09-07 18:55:12 --> TTC = 20599081
DEBUG - 2026-09-07 18:55:12 --> DUE = 20590484
DEBUG - 2026-09-07 18:55:12 --> ==============================
DEBUG - 2026-09-07 18:55:12 --> Insertion footer à partir de ligne 179
DEBUG - 2026-09-07 18:55:12 --> Footer[0] ligne 179 : Bon à savoir / Good to know
DEBUG - 2026-09-07 18:55:12 --> Footer[1] ligne 180 (fond vert)
DEBUG - 2026-09-07 18:55:12 --> Footer[2] ligne 181 (italic bleu)
DEBUG - 2026-09-07 18:55:12 --> Footer[3] ENERGIZING à M182:O182
DEBUG - 2026-09-07 18:55:12 --> Footer[4] Pagination ligne 183 | Page 4/4
DEBUG - 2026-09-07 18:55:12 --> Signature bloc de M176 à O181
DEBUG - 2026-09-07 18:55:12 --> Insertion données page 1 et ligne 13
DEBUG - 2026-09-07 18:55:12 --> Totaux page 1 => HT: 5405647 | TVA: 1040584 | TTC: 6446231
DEBUG - 2026-09-07 18:55:12 --> Insertion footer à partir de ligne 45
DEBUG - 2026-09-07 18:55:12 --> Footer[0] ligne 45 : Bon à savoir / Good to know
DEBUG - 2026-09-07 18:55:12 --> Footer[1] ligne 46 (fond vert)
DEBUG - 2026-09-07 18:55:12 --> Footer[2] ligne 47 (italic bleu)
DEBUG - 2026-09-07 18:55:12 --> Footer[3] ENERGIZING à M48:O48
DEBUG - 2026-09-07 18:55:12 --> Footer[4] Pagination ligne 49 | Page 1/4
DEBUG - 2026-09-07 18:55:12 --> Signature bloc de M42 à O47
DEBUG - 2026-09-07 18:55:12 --> Ajout saut de page après ligne 50
DEBUG - 2026-09-07 18:55:12 --> Insertion données page 2 et ligne 64
DEBUG - 2026-09-07 18:55:12 --> Totaux page 2 => HT: 4205374 | TVA: 809533 | TTC: 5014907
DEBUG - 2026-09-07 18:55:12 --> Insertion footer à partir de ligne 96
DEBUG - 2026-09-07 18:55:12 --> Footer[0] ligne 96 : Bon à savoir / Good to know
DEBUG - 2026-09-07 18:55:12 --> Footer[1] ligne 97 (fond vert)
DEBUG - 2026-09-07 18:55:12 --> Footer[2] ligne 98 (italic bleu)
DEBUG - 2026-09-07 18:55:12 --> Footer[3] ENERGIZING à M99:O99
DEBUG - 2026-09-07 18:55:12 --> Footer[4] Pagination ligne 100 | Page 2/4
DEBUG - 2026-09-07 18:55:12 --> Signature bloc de M93 à O98
DEBUG - 2026-09-07 18:55:12 --> Ajout saut de page après ligne 101
DEBUG - 2026-09-07 18:55:12 --> Insertion données page 3 et ligne 115
DEBUG - 2026-09-07 18:55:12 --> Totaux page 3 => HT: 4765463 | TVA: 917350 | TTC: 5682813
DEBUG - 2026-09-07 18:55:12 --> Insertion footer à partir de ligne 147
DEBUG - 2026-09-07 18:55:12 --> Footer[0] ligne 147 : Bon à savoir / Good to know
DEBUG - 2026-09-07 18:55:12 --> Footer[1] ligne 148 (fond vert)
DEBUG - 2026-09-07 18:55:12 --> Footer[2] ligne 149 (italic bleu)
DEBUG - 2026-09-07 18:55:12 --> Footer[3] ENERGIZING à M150:O150
DEBUG - 2026-09-07 18:55:12 --> Footer[4] Pagination ligne 151 | Page 3/4
DEBUG - 2026-09-07 18:55:12 --> Signature bloc de M144 à O149
DEBUG - 2026-09-07 18:55:12 --> Ajout saut de page après ligne 152
DEBUG - 2026-09-07 18:55:12 --> Insertion données page 4 et ligne 166
DEBUG - 2026-09-07 18:55:12 --> Totaux page 4 => HT: 1624942 | TVA: 312801 | TTC: 1937743
DEBUG - 2026-09-07 18:55:12 --> ==============================
DEBUG - 2026-09-07 18:55:12 --> TOTAL GLOBAL
DEBUG - 2026-09-07 18:55:12 --> HT  = 16001426
DEBUG - 2026-09-07 18:55:12 --> TVA = 3080268
DEBUG - 2026-09-07 18:55:12 --> TTC = 19081694
DEBUG - 2026-09-07 18:55:12 --> DUE = 19069406
DEBUG - 2026-09-07 18:55:12 --> ==============================
DEBUG - 2026-09-07 18:55:12 --> Insertion footer à partir de ligne 182
DEBUG - 2026-09-07 18:55:12 --> Footer[0] ligne 182 : Bon à savoir / Good to know
DEBUG - 2026-09-07 18:55:12 --> Footer[1] ligne 183 (fond vert)
DEBUG - 2026-09-07 18:55:12 --> Footer[2] ligne 184 (italic bleu)
DEBUG - 2026-09-07 18:55:12 --> Footer[3] ENERGIZING à M185:O185
DEBUG - 2026-09-07 18:55:12 --> Footer[4] Pagination ligne 186 | Page 4/4
DEBUG - 2026-09-07 18:55:12 --> Signature bloc de M179 à O184
DEBUG - 2026-09-07 18:55:12 --> Insertion données page 1 et ligne 13
DEBUG - 2026-09-07 18:55:12 --> Totaux page 1 => HT: 19981003 | TVA: 3846338 | TTC: 23827341
DEBUG - 2026-09-07 18:55:12 --> Insertion footer à partir de ligne 45
DEBUG - 2026-09-07 18:55:12 --> Footer[0] ligne 45 : Bon à savoir / Good to know
DEBUG - 2026-09-07 18:55:12 --> Footer[1] ligne 46 (fond vert)
DEBUG - 2026-09-07 18:55:12 --> Footer[2] ligne 47 (italic bleu)
DEBUG - 2026-09-07 18:55:12 --> Footer[3] ENERGIZING à M48:O48
DEBUG - 2026-09-07 18:55:12 --> Footer[4] Pagination ligne 49 | Page 1/2
DEBUG - 2026-09-07 18:55:12 --> Signature bloc de M42 à O47
DEBUG - 2026-09-07 18:55:12 --> Ajout saut de page après ligne 50
DEBUG - 2026-09-07 18:55:12 --> Insertion données page 2 et ligne 64
DEBUG - 2026-09-07 18:55:12 --> Totaux page 2 => HT: 11087975 | TVA: 2134433 | TTC: 13222408
DEBUG - 2026-09-07 18:55:12 --> ==============================
DEBUG - 2026-09-07 18:55:12 --> TOTAL GLOBAL
DEBUG - 2026-09-07 18:55:12 --> HT  = 31068978
DEBUG - 2026-09-07 18:55:12 --> TVA = 5980771
DEBUG - 2026-09-07 18:55:12 --> TTC = 37049749
DEBUG - 2026-09-07 18:55:12 --> DUE = 37049749
DEBUG - 2026-09-07 18:55:12 --> ==============================
DEBUG - 2026-09-07 18:55:12 --> Insertion footer à partir de ligne 79
DEBUG - 2026-09-07 18:55:12 --> Footer[0] ligne 79 : Bon à savoir / Good to know
DEBUG - 2026-09-07 18:55:12 --> Footer[1] ligne 80 (fond vert)
DEBUG - 2026-09-07 18:55:12 --> Footer[2] ligne 81 (italic bleu)
DEBUG - 2026-09-07 18:55:12 --> Footer[3] ENERGIZING à M82:O82
DEBUG - 2026-09-07 18:55:12 --> Footer[4] Pagination ligne 83 | Page 2/2
DEBUG - 2026-09-07 18:55:12 --> Signature bloc de M76 à O81
DEBUG - 2026-09-07 18:55:12 --> Insertion données page 1 et ligne 13
DEBUG - 2026-09-07 18:55:12 --> Totaux page 1 => HT: 3513399 | TVA: 673760 | TTC: 4187159
DEBUG - 2026-09-07 18:55:12 --> Insertion footer à partir de ligne 45
DEBUG - 2026-09-07 18:55:12 --> Footer[0] ligne 45 : Bon à savoir / Good to know
DEBUG - 2026-09-07 18:55:12 --> Footer[1] ligne 46 (fond vert)
DEBUG - 2026-09-07 18:55:12 --> Footer[2] ligne 47 (italic bleu)
DEBUG - 2026-09-07 18:55:12 --> Footer[3] ENERGIZING à M48:O48
DEBUG - 2026-09-07 18:55:12 --> Footer[4] Pagination ligne 49 | Page 1/2
DEBUG - 2026-09-07 18:55:12 --> Signature bloc de M42 à O47
DEBUG - 2026-09-07 18:55:12 --> Ajout saut de page après ligne 50
DEBUG - 2026-09-07 18:55:12 --> Insertion données page 2 et ligne 64
DEBUG - 2026-09-07 18:55:12 --> Totaux page 2 => HT: 2538754 | TVA: 488709 | TTC: 3027463
DEBUG - 2026-09-07 18:55:12 --> ==============================
DEBUG - 2026-09-07 18:55:12 --> TOTAL GLOBAL
DEBUG - 2026-09-07 18:55:12 --> HT  = 6052153
DEBUG - 2026-09-07 18:55:12 --> TVA = 1162469
DEBUG - 2026-09-07 18:55:12 --> TTC = 7214622
DEBUG - 2026-09-07 18:55:12 --> DUE = 7151215
DEBUG - 2026-09-07 18:55:12 --> ==============================
DEBUG - 2026-09-07 18:55:12 --> Insertion footer à partir de ligne 87
DEBUG - 2026-09-07 18:55:12 --> Footer[0] ligne 87 : Bon à savoir / Good to know
DEBUG - 2026-09-07 18:55:12 --> Footer[1] ligne 88 (fond vert)
DEBUG - 2026-09-07 18:55:12 --> Footer[2] ligne 89 (italic bleu)
DEBUG - 2026-09-07 18:55:12 --> Footer[3] ENERGIZING à M90:O90
DEBUG - 2026-09-07 18:55:12 --> Footer[4] Pagination ligne 91 | Page 2/2
DEBUG - 2026-09-07 18:55:12 --> Signature bloc de M84 à O89
DEBUG - 2026-09-07 18:55:12 --> Insertion données page 1 et ligne 13
DEBUG - 2026-09-07 18:55:12 --> Totaux page 1 => HT: 998868 | TVA: 192281 | TTC: 1191149
DEBUG - 2026-09-07 18:55:12 --> ==============================
DEBUG - 2026-09-07 18:55:12 --> TOTAL GLOBAL
DEBUG - 2026-09-07 18:55:12 --> HT  = 998868
DEBUG - 2026-09-07 18:55:12 --> TVA = 192281
DEBUG - 2026-09-07 18:55:12 --> TTC = 1191149
DEBUG - 2026-09-07 18:55:12 --> DUE = 1191149
DEBUG - 2026-09-07 18:55:12 --> ==============================
DEBUG - 2026-09-07 18:55:12 --> Insertion footer à partir de ligne 31
DEBUG - 2026-09-07 18:55:12 --> Footer[0] ligne 31 : Bon à savoir / Good to know
DEBUG - 2026-09-07 18:55:12 --> Footer[1] ligne 32 (fond vert)
DEBUG - 2026-09-07 18:55:12 --> Footer[2] ligne 33 (italic bleu)
DEBUG - 2026-09-07 18:55:12 --> Footer[3] ENERGIZING à M34:O34
DEBUG - 2026-09-07 18:55:12 --> Footer[4] Pagination ligne 35 | Page 1/1
DEBUG - 2026-09-07 18:55:12 --> Signature bloc de M28 à O33
DEBUG - 2026-09-07 18:55:12 --> Insertion données page 1 et ligne 13
DEBUG - 2026-09-07 18:55:12 --> Totaux page 1 => HT: 3130572 | TVA: 602635 | TTC: 3733207
DEBUG - 2026-09-07 18:55:12 --> ==============================
DEBUG - 2026-09-07 18:55:12 --> TOTAL GLOBAL
DEBUG - 2026-09-07 18:55:12 --> HT  = 3130572
DEBUG - 2026-09-07 18:55:12 --> TVA = 602635
DEBUG - 2026-09-07 18:55:12 --> TTC = 3733207
DEBUG - 2026-09-07 18:55:12 --> DUE = 3660392
DEBUG - 2026-09-07 18:55:12 --> ==============================
DEBUG - 2026-09-07 18:55:12 --> Insertion footer à partir de ligne 40
DEBUG - 2026-09-07 18:55:12 --> Footer[0] ligne 40 : Bon à savoir / Good to know
DEBUG - 2026-09-07 18:55:12 --> Footer[1] ligne 41 (fond vert)
DEBUG - 2026-09-07 18:55:12 --> Footer[2] ligne 42 (italic bleu)
DEBUG - 2026-09-07 18:55:12 --> Footer[3] ENERGIZING à M43:O43
DEBUG - 2026-09-07 18:55:12 --> Footer[4] Pagination ligne 44 | Page 1/1
DEBUG - 2026-09-07 18:55:12 --> Signature bloc de M37 à O42
DEBUG - 2026-09-07 18:55:12 --> Insertion données page 1 et ligne 13
DEBUG - 2026-09-07 18:55:12 --> Totaux page 1 => HT: 3226713 | TVA: 621026 | TTC: 3847739
DEBUG - 2026-09-07 18:55:12 --> Insertion footer à partir de ligne 45
DEBUG - 2026-09-07 18:55:12 --> Footer[0] ligne 45 : Bon à savoir / Good to know
DEBUG - 2026-09-07 18:55:12 --> Footer[1] ligne 46 (fond vert)
DEBUG - 2026-09-07 18:55:12 --> Footer[2] ligne 47 (italic bleu)
DEBUG - 2026-09-07 18:55:12 --> Footer[3] ENERGIZING à M48:O48
DEBUG - 2026-09-07 18:55:12 --> Footer[4] Pagination ligne 49 | Page 1/2
DEBUG - 2026-09-07 18:55:12 --> Signature bloc de M42 à O47
DEBUG - 2026-09-07 18:55:12 --> Ajout saut de page après ligne 50
DEBUG - 2026-09-07 18:55:12 --> Insertion données page 2 et ligne 64
DEBUG - 2026-09-07 18:55:12 --> Totaux page 2 => HT: 6015885 | TVA: 1158059 | TTC: 7173944
DEBUG - 2026-09-07 18:55:12 --> ==============================
DEBUG - 2026-09-07 18:55:12 --> TOTAL GLOBAL
DEBUG - 2026-09-07 18:55:12 --> HT  = 9242598
DEBUG - 2026-09-07 18:55:12 --> TVA = 1779085
DEBUG - 2026-09-07 18:55:12 --> TTC = 11021683
DEBUG - 2026-09-07 18:55:12 --> DUE = 10672210
DEBUG - 2026-09-07 18:55:12 --> ==============================
DEBUG - 2026-09-07 18:55:12 --> Insertion footer à partir de ligne 93
DEBUG - 2026-09-07 18:55:12 --> Footer[0] ligne 93 : Bon à savoir / Good to know
DEBUG - 2026-09-07 18:55:12 --> Footer[1] ligne 94 (fond vert)
DEBUG - 2026-09-07 18:55:12 --> Footer[2] ligne 95 (italic bleu)
DEBUG - 2026-09-07 18:55:12 --> Footer[3] ENERGIZING à M96:O96
DEBUG - 2026-09-07 18:55:13 --> Footer[4] Pagination ligne 97 | Page 2/2
DEBUG - 2026-09-07 18:55:13 --> Signature bloc de M90 à O95
DEBUG - 2026-09-07 18:55:13 --> Insertion données page 1 et ligne 13
DEBUG - 2026-09-07 18:55:13 --> Totaux page 1 => HT: 1716356 | TVA: 0 | TTC: 1716356
DEBUG - 2026-09-07 18:55:13 --> Insertion footer à partir de ligne 45
DEBUG - 2026-09-07 18:55:13 --> Footer[0] ligne 45 : Bon à savoir / Good to know
DEBUG - 2026-09-07 18:55:13 --> Footer[1] ligne 46 (fond vert)
DEBUG - 2026-09-07 18:55:13 --> Footer[2] ligne 47 (italic bleu)
DEBUG - 2026-09-07 18:55:13 --> Footer[3] ENERGIZING à M48:O48
DEBUG - 2026-09-07 18:55:13 --> Footer[4] Pagination ligne 49 | Page 1/2
DEBUG - 2026-09-07 18:55:13 --> Signature bloc de M42 à O47
DEBUG - 2026-09-07 18:55:13 --> Ajout saut de page après ligne 50
DEBUG - 2026-09-07 18:55:13 --> Insertion données page 2 et ligne 64
DEBUG - 2026-09-07 18:55:13 --> Totaux page 2 => HT: 2266099 | TVA: 7205 | TTC: 2273304
DEBUG - 2026-09-07 18:55:13 --> ==============================
DEBUG - 2026-09-07 18:55:13 --> TOTAL GLOBAL
DEBUG - 2026-09-07 18:55:13 --> HT  = 3982455
DEBUG - 2026-09-07 18:55:13 --> TVA = 7205
DEBUG - 2026-09-07 18:55:13 --> TTC = 3989660
DEBUG - 2026-09-07 18:55:13 --> DUE = 3951380
DEBUG - 2026-09-07 18:55:13 --> ==============================
DEBUG - 2026-09-07 18:55:13 --> Insertion footer à partir de ligne 94
DEBUG - 2026-09-07 18:55:13 --> Footer[0] ligne 94 : Bon à savoir / Good to know
DEBUG - 2026-09-07 18:55:13 --> Footer[1] ligne 95 (fond vert)
DEBUG - 2026-09-07 18:55:13 --> Footer[2] ligne 96 (italic bleu)
DEBUG - 2026-09-07 18:55:13 --> Footer[3] ENERGIZING à M97:O97
DEBUG - 2026-09-07 18:55:13 --> Footer[4] Pagination ligne 98 | Page 2/2
DEBUG - 2026-09-07 18:55:13 --> Signature bloc de M91 à O96
DEBUG - 2026-09-07 18:55:13 --> Insertion données page 1 et ligne 13
DEBUG - 2026-09-07 18:55:13 --> Totaux page 1 => HT: 1782290 | TVA: 343093 | TTC: 2125383
DEBUG - 2026-09-07 18:55:13 --> ==============================
DEBUG - 2026-09-07 18:55:13 --> TOTAL GLOBAL
DEBUG - 2026-09-07 18:55:13 --> HT  = 1782290
DEBUG - 2026-09-07 18:55:13 --> TVA = 343093
DEBUG - 2026-09-07 18:55:13 --> TTC = 2125383
DEBUG - 2026-09-07 18:55:13 --> DUE = 2125383
DEBUG - 2026-09-07 18:55:13 --> ==============================
DEBUG - 2026-09-07 18:55:13 --> Insertion footer à partir de ligne 41
DEBUG - 2026-09-07 18:55:13 --> Footer[0] ligne 41 : Bon à savoir / Good to know
DEBUG - 2026-09-07 18:55:13 --> Footer[1] ligne 42 (fond vert)
DEBUG - 2026-09-07 18:55:13 --> Footer[2] ligne 43 (italic bleu)
DEBUG - 2026-09-07 18:55:13 --> Footer[3] ENERGIZING à M44:O44
DEBUG - 2026-09-07 18:55:13 --> Footer[4] Pagination ligne 45 | Page 1/1
DEBUG - 2026-09-07 18:55:13 --> Signature bloc de M38 à O43
DEBUG - 2026-09-07 18:55:13 --> Insertion données page 1 et ligne 13
DEBUG - 2026-09-07 18:55:13 --> Totaux page 1 => HT: 1286611 | TVA: 247522 | TTC: 1534133
DEBUG - 2026-09-07 18:55:13 --> ==============================
DEBUG - 2026-09-07 18:55:13 --> TOTAL GLOBAL
DEBUG - 2026-09-07 18:55:13 --> HT  = 1286611
DEBUG - 2026-09-07 18:55:13 --> TVA = 247522
DEBUG - 2026-09-07 18:55:13 --> TTC = 1534133
DEBUG - 2026-09-07 18:55:13 --> DUE = 1460373
DEBUG - 2026-09-07 18:55:13 --> ==============================
DEBUG - 2026-09-07 18:55:13 --> Insertion footer à partir de ligne 46
DEBUG - 2026-09-07 18:55:13 --> Footer[0] ligne 46 : Bon à savoir / Good to know
DEBUG - 2026-09-07 18:55:13 --> Footer[1] ligne 47 (fond vert)
DEBUG - 2026-09-07 18:55:13 --> Footer[2] ligne 48 (italic bleu)
DEBUG - 2026-09-07 18:55:13 --> Footer[3] ENERGIZING à M49:O49
DEBUG - 2026-09-07 18:55:13 --> Footer[4] Pagination ligne 50 | Page 1/1
DEBUG - 2026-09-07 18:55:13 --> Signature bloc de M43 à O48
DEBUG - 2026-09-07 18:55:13 --> Insertion données page 1 et ligne 13
DEBUG - 2026-09-07 18:55:13 --> Totaux page 1 => HT: 707337 | TVA: 129591 | TTC: 836928
DEBUG - 2026-09-07 18:55:13 --> ==============================
DEBUG - 2026-09-07 18:55:13 --> TOTAL GLOBAL
DEBUG - 2026-09-07 18:55:13 --> HT  = 707337
DEBUG - 2026-09-07 18:55:13 --> TVA = 129591
DEBUG - 2026-09-07 18:55:13 --> TTC = 836928
DEBUG - 2026-09-07 18:55:13 --> DUE = 772704
DEBUG - 2026-09-07 18:55:13 --> ==============================
DEBUG - 2026-09-07 18:55:13 --> Insertion footer à partir de ligne 43
DEBUG - 2026-09-07 18:55:13 --> Footer[0] ligne 43 : Bon à savoir / Good to know
DEBUG - 2026-09-07 18:55:13 --> Footer[1] ligne 44 (fond vert)
DEBUG - 2026-09-07 18:55:13 --> Footer[2] ligne 45 (italic bleu)
DEBUG - 2026-09-07 18:55:13 --> Footer[3] ENERGIZING à M46:O46
DEBUG - 2026-09-07 18:55:13 --> Footer[4] Pagination ligne 47 | Page 1/1
DEBUG - 2026-09-07 18:55:13 --> Signature bloc de M40 à O45
DEBUG - 2026-09-07 18:55:13 --> Insertion données page 1 et ligne 13
DEBUG - 2026-09-07 18:55:13 --> Totaux page 1 => HT: 226327 | TVA: 40327 | TTC: 266654
DEBUG - 2026-09-07 18:55:13 --> ==============================
DEBUG - 2026-09-07 18:55:13 --> TOTAL GLOBAL
DEBUG - 2026-09-07 18:55:13 --> HT  = 226327
DEBUG - 2026-09-07 18:55:13 --> TVA = 40327
DEBUG - 2026-09-07 18:55:13 --> TTC = 266654
DEBUG - 2026-09-07 18:55:13 --> DUE = 266654
DEBUG - 2026-09-07 18:55:13 --> ==============================
DEBUG - 2026-09-07 18:55:13 --> Insertion footer à partir de ligne 29
DEBUG - 2026-09-07 18:55:13 --> Footer[0] ligne 29 : Bon à savoir / Good to know
DEBUG - 2026-09-07 18:55:13 --> Footer[1] ligne 30 (fond vert)
DEBUG - 2026-09-07 18:55:13 --> Footer[2] ligne 31 (italic bleu)
DEBUG - 2026-09-07 18:55:13 --> Footer[3] ENERGIZING à M32:O32
DEBUG - 2026-09-07 18:55:13 --> Footer[4] Pagination ligne 33 | Page 1/1
DEBUG - 2026-09-07 18:55:13 --> Signature bloc de M26 à O31
DEBUG - 2026-09-07 18:55:13 --> Insertion données page 1 et ligne 13
DEBUG - 2026-09-07 18:55:13 --> Totaux page 1 => HT: 3253732 | TVA: 626344 | TTC: 3880076
DEBUG - 2026-09-07 18:55:13 --> ==============================
DEBUG - 2026-09-07 18:55:13 --> TOTAL GLOBAL
DEBUG - 2026-09-07 18:55:13 --> HT  = 3253732
DEBUG - 2026-09-07 18:55:13 --> TVA = 626344
DEBUG - 2026-09-07 18:55:13 --> TTC = 3880076
DEBUG - 2026-09-07 18:55:13 --> DUE = 3880076
DEBUG - 2026-09-07 18:55:13 --> ==============================
DEBUG - 2026-09-07 18:55:13 --> Insertion footer à partir de ligne 34
DEBUG - 2026-09-07 18:55:13 --> Footer[0] ligne 34 : Bon à savoir / Good to know
DEBUG - 2026-09-07 18:55:13 --> Footer[1] ligne 35 (fond vert)
DEBUG - 2026-09-07 18:55:13 --> Footer[2] ligne 36 (italic bleu)
DEBUG - 2026-09-07 18:55:13 --> Footer[3] ENERGIZING à M37:O37
DEBUG - 2026-09-07 18:55:13 --> Footer[4] Pagination ligne 38 | Page 1/1
DEBUG - 2026-09-07 18:55:13 --> Signature bloc de M31 à O36
DEBUG - 2026-09-07 18:55:13 --> Insertion données page 1 et ligne 13
DEBUG - 2026-09-07 18:55:13 --> Totaux page 1 => HT: 8122211 | TVA: 1563524 | TTC: 9685735
DEBUG - 2026-09-07 18:55:13 --> ==============================
DEBUG - 2026-09-07 18:55:13 --> TOTAL GLOBAL
DEBUG - 2026-09-07 18:55:13 --> HT  = 8122211
DEBUG - 2026-09-07 18:55:13 --> TVA = 1563524
DEBUG - 2026-09-07 18:55:13 --> TTC = 9685735
DEBUG - 2026-09-07 18:55:13 --> DUE = 9685735
DEBUG - 2026-09-07 18:55:13 --> ==============================
DEBUG - 2026-09-07 18:55:13 --> Insertion footer à partir de ligne 27
DEBUG - 2026-09-07 18:55:13 --> Footer[0] ligne 27 : Bon à savoir / Good to know
DEBUG - 2026-09-07 18:55:13 --> Footer[1] ligne 28 (fond vert)
DEBUG - 2026-09-07 18:55:13 --> Footer[2] ligne 29 (italic bleu)
DEBUG - 2026-09-07 18:55:13 --> Footer[3] ENERGIZING à M30:O30
DEBUG - 2026-09-07 18:55:13 --> Footer[4] Pagination ligne 31 | Page 1/1
DEBUG - 2026-09-07 18:55:13 --> Signature bloc de M24 à O29
DEBUG - 2026-09-07 18:55:13 --> Insertion données page 1 et ligne 13
DEBUG - 2026-09-07 18:55:13 --> Totaux page 1 => HT: 1027588 | TVA: 197811 | TTC: 1225399
DEBUG - 2026-09-07 18:55:13 --> ==============================
DEBUG - 2026-09-07 18:55:13 --> TOTAL GLOBAL
DEBUG - 2026-09-07 18:55:13 --> HT  = 1027588
DEBUG - 2026-09-07 18:55:13 --> TVA = 197811
DEBUG - 2026-09-07 18:55:13 --> TTC = 1225399
DEBUG - 2026-09-07 18:55:13 --> DUE = 1225399
DEBUG - 2026-09-07 18:55:13 --> ==============================
DEBUG - 2026-09-07 18:55:13 --> Insertion footer à partir de ligne 24
DEBUG - 2026-09-07 18:55:13 --> Footer[0] ligne 24 : Bon à savoir / Good to know
DEBUG - 2026-09-07 18:55:13 --> Footer[1] ligne 25 (fond vert)
DEBUG - 2026-09-07 18:55:13 --> Footer[2] ligne 26 (italic bleu)
DEBUG - 2026-09-07 18:55:13 --> Footer[3] ENERGIZING à M27:O27
DEBUG - 2026-09-07 18:55:13 --> Footer[4] Pagination ligne 28 | Page 1/1
DEBUG - 2026-09-07 18:55:13 --> Signature bloc de M21 à O26
DEBUG - 2026-09-07 18:55:13 --> Insertion données page 1 et ligne 13
DEBUG - 2026-09-07 18:55:13 --> Totaux page 1 => HT: 8719117 | TVA: 1678431 | TTC: 10397548
DEBUG - 2026-09-07 18:55:13 --> ==============================
DEBUG - 2026-09-07 18:55:13 --> TOTAL GLOBAL
DEBUG - 2026-09-07 18:55:13 --> HT  = 8719117
DEBUG - 2026-09-07 18:55:13 --> TVA = 1678431
DEBUG - 2026-09-07 18:55:13 --> TTC = 10397548
DEBUG - 2026-09-07 18:55:13 --> DUE = 10397548
DEBUG - 2026-09-07 18:55:13 --> ==============================
DEBUG - 2026-09-07 18:55:13 --> Insertion footer à partir de ligne 42
DEBUG - 2026-09-07 18:55:13 --> Footer[0] ligne 42 : Bon à savoir / Good to know
DEBUG - 2026-09-07 18:55:13 --> Footer[1] ligne 43 (fond vert)
DEBUG - 2026-09-07 18:55:13 --> Footer[2] ligne 44 (italic bleu)
DEBUG - 2026-09-07 18:55:13 --> Footer[3] ENERGIZING à M45:O45
DEBUG - 2026-09-07 18:55:13 --> Footer[4] Pagination ligne 46 | Page 1/1
DEBUG - 2026-09-07 18:55:13 --> Signature bloc de M39 à O44
DEBUG - 2026-09-07 18:55:14 --> Insertion données page 1 et ligne 13
DEBUG - 2026-09-07 18:55:14 --> Totaux page 1 => HT: 1615159 | TVA: 310918 | TTC: 1926077
DEBUG - 2026-09-07 18:55:14 --> ==============================
DEBUG - 2026-09-07 18:55:14 --> TOTAL GLOBAL
DEBUG - 2026-09-07 18:55:14 --> HT  = 1615159
DEBUG - 2026-09-07 18:55:14 --> TVA = 310918
DEBUG - 2026-09-07 18:55:14 --> TTC = 1926077
DEBUG - 2026-09-07 18:55:14 --> DUE = 1926077
DEBUG - 2026-09-07 18:55:14 --> ==============================
DEBUG - 2026-09-07 18:55:14 --> Insertion footer à partir de ligne 25
DEBUG - 2026-09-07 18:55:14 --> Footer[0] ligne 25 : Bon à savoir / Good to know
DEBUG - 2026-09-07 18:55:14 --> Footer[1] ligne 26 (fond vert)
DEBUG - 2026-09-07 18:55:14 --> Footer[2] ligne 27 (italic bleu)
DEBUG - 2026-09-07 18:55:14 --> Footer[3] ENERGIZING à M28:O28
DEBUG - 2026-09-07 18:55:14 --> Footer[4] Pagination ligne 29 | Page 1/1
DEBUG - 2026-09-07 18:55:14 --> Signature bloc de M22 à O27
DEBUG - 2026-09-07 18:55:14 --> Insertion données page 1 et ligne 13
DEBUG - 2026-09-07 18:55:14 --> Totaux page 1 => HT: 19307131 | TVA: 0 | TTC: 19307131
DEBUG - 2026-09-07 18:55:14 --> ==============================
DEBUG - 2026-09-07 18:55:14 --> TOTAL GLOBAL
DEBUG - 2026-09-07 18:55:14 --> HT  = 19307131
DEBUG - 2026-09-07 18:55:14 --> TVA = 0
DEBUG - 2026-09-07 18:55:14 --> TTC = 19307131
DEBUG - 2026-09-07 18:55:14 --> DUE = 19307131
DEBUG - 2026-09-07 18:55:14 --> ==============================
DEBUG - 2026-09-07 18:55:14 --> Insertion footer à partir de ligne 29
DEBUG - 2026-09-07 18:55:14 --> Footer[0] ligne 29 : Bon à savoir / Good to know
DEBUG - 2026-09-07 18:55:14 --> Footer[1] ligne 30 (fond vert)
DEBUG - 2026-09-07 18:55:14 --> Footer[2] ligne 31 (italic bleu)
DEBUG - 2026-09-07 18:55:14 --> Footer[3] ENERGIZING à M32:O32
DEBUG - 2026-09-07 18:55:14 --> Footer[4] Pagination ligne 33 | Page 1/1
DEBUG - 2026-09-07 18:55:14 --> Signature bloc de M26 à O31
DEBUG - 2026-09-07 18:55:14 --> Insertion données page 1 et ligne 13
DEBUG - 2026-09-07 18:55:14 --> Totaux page 1 => HT: 1501166 | TVA: 288974 | TTC: 1790140
DEBUG - 2026-09-07 18:55:14 --> ==============================
DEBUG - 2026-09-07 18:55:14 --> TOTAL GLOBAL
DEBUG - 2026-09-07 18:55:14 --> HT  = 1501166
DEBUG - 2026-09-07 18:55:14 --> TVA = 288974
DEBUG - 2026-09-07 18:55:14 --> TTC = 1790140
DEBUG - 2026-09-07 18:55:14 --> DUE = 1790140
DEBUG - 2026-09-07 18:55:14 --> ==============================
DEBUG - 2026-09-07 18:55:14 --> Insertion footer à partir de ligne 21
DEBUG - 2026-09-07 18:55:14 --> Footer[0] ligne 21 : Bon à savoir / Good to know
DEBUG - 2026-09-07 18:55:14 --> Footer[1] ligne 22 (fond vert)
DEBUG - 2026-09-07 18:55:14 --> Footer[2] ligne 23 (italic bleu)
DEBUG - 2026-09-07 18:55:14 --> Footer[3] ENERGIZING à M24:O24
DEBUG - 2026-09-07 18:55:14 --> Footer[4] Pagination ligne 25 | Page 1/1
DEBUG - 2026-09-07 18:55:14 --> Signature bloc de M18 à O23
DEBUG - 2026-09-07 18:55:14 --> Insertion données page 1 et ligne 13
DEBUG - 2026-09-07 18:55:14 --> Totaux page 1 => HT: 2294194 | TVA: 441631 | TTC: 2735825
DEBUG - 2026-09-07 18:55:14 --> Insertion footer à partir de ligne 45
DEBUG - 2026-09-07 18:55:14 --> Footer[0] ligne 45 : Bon à savoir / Good to know
DEBUG - 2026-09-07 18:55:14 --> Footer[1] ligne 46 (fond vert)
DEBUG - 2026-09-07 18:55:14 --> Footer[2] ligne 47 (italic bleu)
DEBUG - 2026-09-07 18:55:14 --> Footer[3] ENERGIZING à M48:O48
DEBUG - 2026-09-07 18:55:14 --> Footer[4] Pagination ligne 49 | Page 1/2
DEBUG - 2026-09-07 18:55:14 --> Signature bloc de M42 à O47
DEBUG - 2026-09-07 18:55:14 --> Ajout saut de page après ligne 50
DEBUG - 2026-09-07 18:55:14 --> Insertion données page 2 et ligne 64
DEBUG - 2026-09-07 18:55:14 --> Totaux page 2 => HT: 1948163 | TVA: 375021 | TTC: 2323184
DEBUG - 2026-09-07 18:55:14 --> ==============================
DEBUG - 2026-09-07 18:55:14 --> TOTAL GLOBAL
DEBUG - 2026-09-07 18:55:14 --> HT  = 4242357
DEBUG - 2026-09-07 18:55:14 --> TVA = 816652
DEBUG - 2026-09-07 18:55:14 --> TTC = 5059009
DEBUG - 2026-09-07 18:55:14 --> DUE = 5058408
DEBUG - 2026-09-07 18:55:14 --> ==============================
DEBUG - 2026-09-07 18:55:14 --> Insertion footer à partir de ligne 97
DEBUG - 2026-09-07 18:55:14 --> Footer[0] ligne 97 : Bon à savoir / Good to know
DEBUG - 2026-09-07 18:55:14 --> Footer[1] ligne 98 (fond vert)
DEBUG - 2026-09-07 18:55:14 --> Footer[2] ligne 99 (italic bleu)
DEBUG - 2026-09-07 18:55:14 --> Footer[3] ENERGIZING à M100:O100
DEBUG - 2026-09-07 18:55:14 --> Footer[4] Pagination ligne 101 | Page 2/2
DEBUG - 2026-09-07 18:55:14 --> Signature bloc de M94 à O99
DEBUG - 2026-09-07 18:55:14 --> Insertion données page 1 et ligne 13
DEBUG - 2026-09-07 18:55:14 --> Totaux page 1 => HT: 2813711 | TVA: 539361 | TTC: 3353072
DEBUG - 2026-09-07 18:55:14 --> Insertion footer à partir de ligne 45
DEBUG - 2026-09-07 18:55:14 --> Footer[0] ligne 45 : Bon à savoir / Good to know
DEBUG - 2026-09-07 18:55:14 --> Footer[1] ligne 46 (fond vert)
DEBUG - 2026-09-07 18:55:14 --> Footer[2] ligne 47 (italic bleu)
DEBUG - 2026-09-07 18:55:14 --> Footer[3] ENERGIZING à M48:O48
DEBUG - 2026-09-07 18:55:14 --> Footer[4] Pagination ligne 49 | Page 1/2
DEBUG - 2026-09-07 18:55:14 --> Signature bloc de M42 à O47
DEBUG - 2026-09-07 18:55:14 --> Ajout saut de page après ligne 50
DEBUG - 2026-09-07 18:55:14 --> Insertion données page 2 et ligne 64
DEBUG - 2026-09-07 18:55:14 --> Totaux page 2 => HT: 422793 | TVA: 81387 | TTC: 504180
DEBUG - 2026-09-07 18:55:14 --> ==============================
DEBUG - 2026-09-07 18:55:14 --> TOTAL GLOBAL
DEBUG - 2026-09-07 18:55:14 --> HT  = 3236504
DEBUG - 2026-09-07 18:55:14 --> TVA = 620748
DEBUG - 2026-09-07 18:55:14 --> TTC = 3857252
DEBUG - 2026-09-07 18:55:14 --> DUE = 3567004
DEBUG - 2026-09-07 18:55:14 --> ==============================
DEBUG - 2026-09-07 18:55:14 --> Insertion footer à partir de ligne 78
DEBUG - 2026-09-07 18:55:14 --> Footer[0] ligne 78 : Bon à savoir / Good to know
DEBUG - 2026-09-07 18:55:14 --> Footer[1] ligne 79 (fond vert)
DEBUG - 2026-09-07 18:55:14 --> Footer[2] ligne 80 (italic bleu)
DEBUG - 2026-09-07 18:55:14 --> Footer[3] ENERGIZING à M81:O81
DEBUG - 2026-09-07 18:55:14 --> Footer[4] Pagination ligne 82 | Page 2/2
DEBUG - 2026-09-07 18:55:14 --> Signature bloc de M75 à O80
DEBUG - 2026-09-07 18:55:14 --> Insertion données page 1 et ligne 13
DEBUG - 2026-09-07 18:55:14 --> Totaux page 1 => HT: 984025 | TVA: 184324 | TTC: 1168349
DEBUG - 2026-09-07 18:55:14 --> Insertion footer à partir de ligne 45
DEBUG - 2026-09-07 18:55:14 --> Footer[0] ligne 45 : Bon à savoir / Good to know
DEBUG - 2026-09-07 18:55:14 --> Footer[1] ligne 46 (fond vert)
DEBUG - 2026-09-07 18:55:14 --> Footer[2] ligne 47 (italic bleu)
DEBUG - 2026-09-07 18:55:14 --> Footer[3] ENERGIZING à M48:O48
DEBUG - 2026-09-07 18:55:14 --> Footer[4] Pagination ligne 49 | Page 1/2
DEBUG - 2026-09-07 18:55:14 --> Signature bloc de M42 à O47
DEBUG - 2026-09-07 18:55:14 --> Ajout saut de page après ligne 50
DEBUG - 2026-09-07 18:55:14 --> Insertion données page 2 et ligne 64
DEBUG - 2026-09-07 18:55:14 --> Totaux page 2 => HT: 60439 | TVA: 7375 | TTC: 67814
DEBUG - 2026-09-07 18:55:14 --> ==============================
DEBUG - 2026-09-07 18:55:14 --> TOTAL GLOBAL
DEBUG - 2026-09-07 18:55:14 --> HT  = 1044464
DEBUG - 2026-09-07 18:55:14 --> TVA = 191699
DEBUG - 2026-09-07 18:55:14 --> TTC = 1236163
DEBUG - 2026-09-07 18:55:14 --> DUE = 1236163
DEBUG - 2026-09-07 18:55:14 --> ==============================
DEBUG - 2026-09-07 18:55:14 --> Insertion footer à partir de ligne 82
DEBUG - 2026-09-07 18:55:14 --> Footer[0] ligne 82 : Bon à savoir / Good to know
DEBUG - 2026-09-07 18:55:14 --> Footer[1] ligne 83 (fond vert)
DEBUG - 2026-09-07 18:55:14 --> Footer[2] ligne 84 (italic bleu)
DEBUG - 2026-09-07 18:55:14 --> Footer[3] ENERGIZING à M85:O85
DEBUG - 2026-09-07 18:55:14 --> Footer[4] Pagination ligne 86 | Page 2/2
DEBUG - 2026-09-07 18:55:14 --> Signature bloc de M79 à O84
DEBUG - 2026-09-07 18:55:14 --> Insertion données page 1 et ligne 13
DEBUG - 2026-09-07 18:55:14 --> Totaux page 1 => HT: 223383 | TVA: 40888 | TTC: 264271
DEBUG - 2026-09-07 18:55:14 --> ==============================
DEBUG - 2026-09-07 18:55:14 --> TOTAL GLOBAL
DEBUG - 2026-09-07 18:55:14 --> HT  = 223383
DEBUG - 2026-09-07 18:55:14 --> TVA = 40888
DEBUG - 2026-09-07 18:55:14 --> TTC = 264271
DEBUG - 2026-09-07 18:55:14 --> DUE = 263970
DEBUG - 2026-09-07 18:55:14 --> ==============================
DEBUG - 2026-09-07 18:55:14 --> Insertion footer à partir de ligne 40
DEBUG - 2026-09-07 18:55:14 --> Footer[0] ligne 40 : Bon à savoir / Good to know
DEBUG - 2026-09-07 18:55:14 --> Footer[1] ligne 41 (fond vert)
DEBUG - 2026-09-07 18:55:14 --> Footer[2] ligne 42 (italic bleu)
DEBUG - 2026-09-07 18:55:14 --> Footer[3] ENERGIZING à M43:O43
DEBUG - 2026-09-07 18:55:14 --> Footer[4] Pagination ligne 44 | Page 1/1
DEBUG - 2026-09-07 18:55:14 --> Signature bloc de M37 à O42
DEBUG - 2026-09-07 18:55:14 --> Insertion données page 1 et ligne 13
DEBUG - 2026-09-07 18:55:14 --> Totaux page 1 => HT: 1498103 | TVA: 288386 | TTC: 1786489
DEBUG - 2026-09-07 18:55:14 --> ==============================
DEBUG - 2026-09-07 18:55:14 --> TOTAL GLOBAL
DEBUG - 2026-09-07 18:55:14 --> HT  = 1498103
DEBUG - 2026-09-07 18:55:14 --> TVA = 288386
DEBUG - 2026-09-07 18:55:14 --> TTC = 1786489
DEBUG - 2026-09-07 18:55:14 --> DUE = 1786489
DEBUG - 2026-09-07 18:55:14 --> ==============================
DEBUG - 2026-09-07 18:55:14 --> Insertion footer à partir de ligne 24
DEBUG - 2026-09-07 18:55:14 --> Footer[0] ligne 24 : Bon à savoir / Good to know
DEBUG - 2026-09-07 18:55:14 --> Footer[1] ligne 25 (fond vert)
DEBUG - 2026-09-07 18:55:14 --> Footer[2] ligne 26 (italic bleu)
DEBUG - 2026-09-07 18:55:14 --> Footer[3] ENERGIZING à M27:O27
DEBUG - 2026-09-07 18:55:14 --> Footer[4] Pagination ligne 28 | Page 1/1
DEBUG - 2026-09-07 18:55:14 --> Signature bloc de M21 à O26
DEBUG - 2026-09-07 18:55:15 --> Insertion données page 1 et ligne 13
DEBUG - 2026-09-07 18:55:15 --> Totaux page 1 => HT: 13176655 | TVA: 2536507 | TTC: 15713162
DEBUG - 2026-09-07 18:55:15 --> ==============================
DEBUG - 2026-09-07 18:55:15 --> TOTAL GLOBAL
DEBUG - 2026-09-07 18:55:15 --> HT  = 13176655
DEBUG - 2026-09-07 18:55:15 --> TVA = 2536507
DEBUG - 2026-09-07 18:55:15 --> TTC = 15713162
DEBUG - 2026-09-07 18:55:15 --> DUE = 15713162
DEBUG - 2026-09-07 18:55:15 --> ==============================
DEBUG - 2026-09-07 18:55:15 --> Insertion footer à partir de ligne 39
DEBUG - 2026-09-07 18:55:15 --> Footer[0] ligne 39 : Bon à savoir / Good to know
DEBUG - 2026-09-07 18:55:15 --> Footer[1] ligne 40 (fond vert)
DEBUG - 2026-09-07 18:55:15 --> Footer[2] ligne 41 (italic bleu)
DEBUG - 2026-09-07 18:55:15 --> Footer[3] ENERGIZING à M42:O42
DEBUG - 2026-09-07 18:55:15 --> Footer[4] Pagination ligne 43 | Page 1/1
DEBUG - 2026-09-07 18:55:15 --> Signature bloc de M36 à O41
DEBUG - 2026-09-07 18:55:15 --> Insertion données page 1 et ligne 13
DEBUG - 2026-09-07 18:55:15 --> Totaux page 1 => HT: 1696584 | TVA: 324129 | TTC: 2020713
DEBUG - 2026-09-07 18:55:15 --> ==============================
DEBUG - 2026-09-07 18:55:15 --> TOTAL GLOBAL
DEBUG - 2026-09-07 18:55:15 --> HT  = 1696584
DEBUG - 2026-09-07 18:55:15 --> TVA = 324129
DEBUG - 2026-09-07 18:55:15 --> TTC = 2020713
DEBUG - 2026-09-07 18:55:15 --> DUE = 2020713
DEBUG - 2026-09-07 18:55:15 --> ==============================
DEBUG - 2026-09-07 18:55:15 --> Insertion footer à partir de ligne 29
DEBUG - 2026-09-07 18:55:15 --> Footer[0] ligne 29 : Bon à savoir / Good to know
DEBUG - 2026-09-07 18:55:15 --> Footer[1] ligne 30 (fond vert)
DEBUG - 2026-09-07 18:55:15 --> Footer[2] ligne 31 (italic bleu)
DEBUG - 2026-09-07 18:55:15 --> Footer[3] ENERGIZING à M32:O32
DEBUG - 2026-09-07 18:55:15 --> Footer[4] Pagination ligne 33 | Page 1/1
DEBUG - 2026-09-07 18:55:15 --> Signature bloc de M26 à O31
DEBUG - 2026-09-07 18:55:15 --> Insertion données page 1 et ligne 13
DEBUG - 2026-09-07 18:55:15 --> Totaux page 1 => HT: 2660432 | TVA: 512132 | TTC: 3172564
DEBUG - 2026-09-07 18:55:15 --> Insertion footer à partir de ligne 45
DEBUG - 2026-09-07 18:55:15 --> Footer[0] ligne 45 : Bon à savoir / Good to know
DEBUG - 2026-09-07 18:55:15 --> Footer[1] ligne 46 (fond vert)
DEBUG - 2026-09-07 18:55:15 --> Footer[2] ligne 47 (italic bleu)
DEBUG - 2026-09-07 18:55:15 --> Footer[3] ENERGIZING à M48:O48
DEBUG - 2026-09-07 18:55:15 --> Footer[4] Pagination ligne 49 | Page 1/2
DEBUG - 2026-09-07 18:55:15 --> Signature bloc de M42 à O47
DEBUG - 2026-09-07 18:55:15 --> Ajout saut de page après ligne 50
DEBUG - 2026-09-07 18:55:15 --> Insertion données page 2 et ligne 64
DEBUG - 2026-09-07 18:55:15 --> Totaux page 2 => HT: 620722 | TVA: 119489 | TTC: 740211
DEBUG - 2026-09-07 18:55:15 --> ==============================
DEBUG - 2026-09-07 18:55:15 --> TOTAL GLOBAL
DEBUG - 2026-09-07 18:55:15 --> HT  = 3281154
DEBUG - 2026-09-07 18:55:15 --> TVA = 631621
DEBUG - 2026-09-07 18:55:15 --> TTC = 3912775
DEBUG - 2026-09-07 18:55:15 --> DUE = 3899061
DEBUG - 2026-09-07 18:55:15 --> ==============================
DEBUG - 2026-09-07 18:55:15 --> Insertion footer à partir de ligne 82
DEBUG - 2026-09-07 18:55:15 --> Footer[0] ligne 82 : Bon à savoir / Good to know
DEBUG - 2026-09-07 18:55:15 --> Footer[1] ligne 83 (fond vert)
DEBUG - 2026-09-07 18:55:15 --> Footer[2] ligne 84 (italic bleu)
DEBUG - 2026-09-07 18:55:15 --> Footer[3] ENERGIZING à M85:O85
DEBUG - 2026-09-07 18:55:15 --> Footer[4] Pagination ligne 86 | Page 2/2
DEBUG - 2026-09-07 18:55:15 --> Signature bloc de M79 à O84
DEBUG - 2026-09-07 18:55:15 --> Insertion données page 1 et ligne 13
DEBUG - 2026-09-07 18:55:15 --> Totaux page 1 => HT: 2208793 | TVA: 423091 | TTC: 2631884
DEBUG - 2026-09-07 18:55:15 --> ==============================
DEBUG - 2026-09-07 18:55:15 --> TOTAL GLOBAL
DEBUG - 2026-09-07 18:55:15 --> HT  = 2208793
DEBUG - 2026-09-07 18:55:15 --> TVA = 423091
DEBUG - 2026-09-07 18:55:15 --> TTC = 2631884
DEBUG - 2026-09-07 18:55:15 --> DUE = 2631884
DEBUG - 2026-09-07 18:55:15 --> ==============================
DEBUG - 2026-09-07 18:55:15 --> Insertion footer à partir de ligne 34
DEBUG - 2026-09-07 18:55:15 --> Footer[0] ligne 34 : Bon à savoir / Good to know
DEBUG - 2026-09-07 18:55:15 --> Footer[1] ligne 35 (fond vert)
DEBUG - 2026-09-07 18:55:15 --> Footer[2] ligne 36 (italic bleu)
DEBUG - 2026-09-07 18:55:15 --> Footer[3] ENERGIZING à M37:O37
DEBUG - 2026-09-07 18:55:15 --> Footer[4] Pagination ligne 38 | Page 1/1
DEBUG - 2026-09-07 18:55:15 --> Signature bloc de M31 à O36
DEBUG - 2026-09-07 18:55:15 --> Insertion données page 1 et ligne 13
DEBUG - 2026-09-07 18:55:15 --> Totaux page 1 => HT: 2056507 | TVA: 395877 | TTC: 2452384
DEBUG - 2026-09-07 18:55:15 --> ==============================
DEBUG - 2026-09-07 18:55:15 --> TOTAL GLOBAL
DEBUG - 2026-09-07 18:55:15 --> HT  = 2056507
DEBUG - 2026-09-07 18:55:15 --> TVA = 395877
DEBUG - 2026-09-07 18:55:15 --> TTC = 2452384
DEBUG - 2026-09-07 18:55:15 --> DUE = 2452384
DEBUG - 2026-09-07 18:55:15 --> ==============================
DEBUG - 2026-09-07 18:55:15 --> Insertion footer à partir de ligne 30
DEBUG - 2026-09-07 18:55:15 --> Footer[0] ligne 30 : Bon à savoir / Good to know
DEBUG - 2026-09-07 18:55:15 --> Footer[1] ligne 31 (fond vert)
DEBUG - 2026-09-07 18:55:15 --> Footer[2] ligne 32 (italic bleu)
DEBUG - 2026-09-07 18:55:15 --> Footer[3] ENERGIZING à M33:O33
DEBUG - 2026-09-07 18:55:15 --> Footer[4] Pagination ligne 34 | Page 1/1
DEBUG - 2026-09-07 18:55:15 --> Signature bloc de M27 à O32
DEBUG - 2026-09-07 18:55:15 --> Insertion données page 1 et ligne 13
DEBUG - 2026-09-07 18:55:15 --> Totaux page 1 => HT: 3236700 | TVA: 623063 | TTC: 3859763
DEBUG - 2026-09-07 18:55:15 --> ==============================
DEBUG - 2026-09-07 18:55:15 --> TOTAL GLOBAL
DEBUG - 2026-09-07 18:55:15 --> HT  = 3236700
DEBUG - 2026-09-07 18:55:15 --> TVA = 623063
DEBUG - 2026-09-07 18:55:15 --> TTC = 3859763
DEBUG - 2026-09-07 18:55:15 --> DUE = 3810109
DEBUG - 2026-09-07 18:55:15 --> ==============================
DEBUG - 2026-09-07 18:55:15 --> Insertion footer à partir de ligne 31
DEBUG - 2026-09-07 18:55:15 --> Footer[0] ligne 31 : Bon à savoir / Good to know
DEBUG - 2026-09-07 18:55:15 --> Footer[1] ligne 32 (fond vert)
DEBUG - 2026-09-07 18:55:15 --> Footer[2] ligne 33 (italic bleu)
DEBUG - 2026-09-07 18:55:15 --> Footer[3] ENERGIZING à M34:O34
DEBUG - 2026-09-07 18:55:15 --> Footer[4] Pagination ligne 35 | Page 1/1
DEBUG - 2026-09-07 18:55:15 --> Signature bloc de M28 à O33
DEBUG - 2026-09-07 18:55:15 --> Insertion données page 1 et ligne 13
DEBUG - 2026-09-07 18:55:15 --> Totaux page 1 => HT: 4079777 | TVA: 785358 | TTC: 4865135
DEBUG - 2026-09-07 18:55:15 --> ==============================
DEBUG - 2026-09-07 18:55:15 --> TOTAL GLOBAL
DEBUG - 2026-09-07 18:55:15 --> HT  = 4079777
DEBUG - 2026-09-07 18:55:15 --> TVA = 785358
DEBUG - 2026-09-07 18:55:15 --> TTC = 4865135
DEBUG - 2026-09-07 18:55:15 --> DUE = 4865135
DEBUG - 2026-09-07 18:55:15 --> ==============================
DEBUG - 2026-09-07 18:55:15 --> Insertion footer à partir de ligne 42
DEBUG - 2026-09-07 18:55:15 --> Footer[0] ligne 42 : Bon à savoir / Good to know
DEBUG - 2026-09-07 18:55:15 --> Footer[1] ligne 43 (fond vert)
DEBUG - 2026-09-07 18:55:15 --> Footer[2] ligne 44 (italic bleu)
DEBUG - 2026-09-07 18:55:15 --> Footer[3] ENERGIZING à M45:O45
DEBUG - 2026-09-07 18:55:15 --> Footer[4] Pagination ligne 46 | Page 1/1
DEBUG - 2026-09-07 18:55:15 --> Signature bloc de M39 à O44
DEBUG - 2026-09-07 18:55:15 --> Insertion données page 1 et ligne 13
DEBUG - 2026-09-07 18:55:15 --> Totaux page 1 => HT: 2298659 | TVA: 442492 | TTC: 2741151
DEBUG - 2026-09-07 18:55:15 --> ==============================
DEBUG - 2026-09-07 18:55:15 --> TOTAL GLOBAL
DEBUG - 2026-09-07 18:55:15 --> HT  = 2298659
DEBUG - 2026-09-07 18:55:15 --> TVA = 442492
DEBUG - 2026-09-07 18:55:15 --> TTC = 2741151
DEBUG - 2026-09-07 18:55:15 --> DUE = 2741151
DEBUG - 2026-09-07 18:55:15 --> ==============================
DEBUG - 2026-09-07 18:55:15 --> Insertion footer à partir de ligne 36
DEBUG - 2026-09-07 18:55:15 --> Footer[0] ligne 36 : Bon à savoir / Good to know
DEBUG - 2026-09-07 18:55:15 --> Footer[1] ligne 37 (fond vert)
DEBUG - 2026-09-07 18:55:15 --> Footer[2] ligne 38 (italic bleu)
DEBUG - 2026-09-07 18:55:15 --> Footer[3] ENERGIZING à M39:O39
DEBUG - 2026-09-07 18:55:15 --> Footer[4] Pagination ligne 40 | Page 1/1
DEBUG - 2026-09-07 18:55:15 --> Signature bloc de M33 à O38
DEBUG - 2026-09-07 18:55:15 --> Insertion données page 1 et ligne 13
DEBUG - 2026-09-07 18:55:15 --> Totaux page 1 => HT: 2247299 | TVA: 432606 | TTC: 2679905
DEBUG - 2026-09-07 18:55:15 --> ==============================
DEBUG - 2026-09-07 18:55:15 --> TOTAL GLOBAL
DEBUG - 2026-09-07 18:55:15 --> HT  = 2247299
DEBUG - 2026-09-07 18:55:15 --> TVA = 432606
DEBUG - 2026-09-07 18:55:15 --> TTC = 2679905
DEBUG - 2026-09-07 18:55:15 --> DUE = 2679905
DEBUG - 2026-09-07 18:55:15 --> ==============================
DEBUG - 2026-09-07 18:55:15 --> Insertion footer à partir de ligne 36
DEBUG - 2026-09-07 18:55:15 --> Footer[0] ligne 36 : Bon à savoir / Good to know
DEBUG - 2026-09-07 18:55:15 --> Footer[1] ligne 37 (fond vert)
DEBUG - 2026-09-07 18:55:15 --> Footer[2] ligne 38 (italic bleu)
DEBUG - 2026-09-07 18:55:15 --> Footer[3] ENERGIZING à M39:O39
DEBUG - 2026-09-07 18:55:15 --> Footer[4] Pagination ligne 40 | Page 1/1
DEBUG - 2026-09-07 18:55:15 --> Signature bloc de M33 à O38
DEBUG - 2026-09-07 18:55:16 --> Insertion données page 1 et ligne 13
DEBUG - 2026-09-07 18:55:16 --> Totaux page 1 => HT: 400605 | TVA: 77116 | TTC: 477721
DEBUG - 2026-09-07 18:55:16 --> ==============================
DEBUG - 2026-09-07 18:55:16 --> TOTAL GLOBAL
DEBUG - 2026-09-07 18:55:16 --> HT  = 400605
DEBUG - 2026-09-07 18:55:16 --> TVA = 77116
DEBUG - 2026-09-07 18:55:16 --> TTC = 477721
DEBUG - 2026-09-07 18:55:16 --> DUE = 477721
DEBUG - 2026-09-07 18:55:16 --> ==============================
DEBUG - 2026-09-07 18:55:16 --> Insertion footer à partir de ligne 25
DEBUG - 2026-09-07 18:55:16 --> Footer[0] ligne 25 : Bon à savoir / Good to know
DEBUG - 2026-09-07 18:55:16 --> Footer[1] ligne 26 (fond vert)
DEBUG - 2026-09-07 18:55:16 --> Footer[2] ligne 27 (italic bleu)
DEBUG - 2026-09-07 18:55:16 --> Footer[3] ENERGIZING à M28:O28
DEBUG - 2026-09-07 18:55:16 --> Footer[4] Pagination ligne 29 | Page 1/1
DEBUG - 2026-09-07 18:55:16 --> Signature bloc de M22 à O27
DEBUG - 2026-09-07 18:55:16 --> Insertion données page 1 et ligne 13
DEBUG - 2026-09-07 18:55:16 --> Totaux page 1 => HT: 1593953 | TVA: 306836 | TTC: 1900789
DEBUG - 2026-09-07 18:55:16 --> ==============================
DEBUG - 2026-09-07 18:55:16 --> TOTAL GLOBAL
DEBUG - 2026-09-07 18:55:16 --> HT  = 1593953
DEBUG - 2026-09-07 18:55:16 --> TVA = 306836
DEBUG - 2026-09-07 18:55:16 --> TTC = 1900789
DEBUG - 2026-09-07 18:55:16 --> DUE = 1900789
DEBUG - 2026-09-07 18:55:16 --> ==============================
DEBUG - 2026-09-07 18:55:16 --> Insertion footer à partir de ligne 25
DEBUG - 2026-09-07 18:55:16 --> Footer[0] ligne 25 : Bon à savoir / Good to know
DEBUG - 2026-09-07 18:55:16 --> Footer[1] ligne 26 (fond vert)
DEBUG - 2026-09-07 18:55:16 --> Footer[2] ligne 27 (italic bleu)
DEBUG - 2026-09-07 18:55:16 --> Footer[3] ENERGIZING à M28:O28
DEBUG - 2026-09-07 18:55:16 --> Footer[4] Pagination ligne 29 | Page 1/1
DEBUG - 2026-09-07 18:55:16 --> Signature bloc de M22 à O27
DEBUG - 2026-09-07 18:55:16 --> Insertion données page 1 et ligne 13
DEBUG - 2026-09-07 18:55:16 --> Totaux page 1 => HT: 150212 | TVA: 28915 | TTC: 179127
DEBUG - 2026-09-07 18:55:16 --> ==============================
DEBUG - 2026-09-07 18:55:16 --> TOTAL GLOBAL
DEBUG - 2026-09-07 18:55:16 --> HT  = 150212
DEBUG - 2026-09-07 18:55:16 --> TVA = 28915
DEBUG - 2026-09-07 18:55:16 --> TTC = 179127
DEBUG - 2026-09-07 18:55:16 --> DUE = 178426
DEBUG - 2026-09-07 18:55:16 --> ==============================
DEBUG - 2026-09-07 18:55:16 --> Insertion footer à partir de ligne 23
DEBUG - 2026-09-07 18:55:16 --> Footer[0] ligne 23 : Bon à savoir / Good to know
DEBUG - 2026-09-07 18:55:16 --> Footer[1] ligne 24 (fond vert)
DEBUG - 2026-09-07 18:55:16 --> Footer[2] ligne 25 (italic bleu)
DEBUG - 2026-09-07 18:55:16 --> Footer[3] ENERGIZING à M26:O26
DEBUG - 2026-09-07 18:55:16 --> Footer[4] Pagination ligne 27 | Page 1/1
DEBUG - 2026-09-07 18:55:16 --> Signature bloc de M20 à O25
DEBUG - 2026-09-07 18:55:16 --> Insertion données page 1 et ligne 13
DEBUG - 2026-09-07 18:55:16 --> Totaux page 1 => HT: 4629447 | TVA: 891169 | TTC: 5520616
DEBUG - 2026-09-07 18:55:16 --> ==============================
DEBUG - 2026-09-07 18:55:16 --> TOTAL GLOBAL
DEBUG - 2026-09-07 18:55:16 --> HT  = 4629447
DEBUG - 2026-09-07 18:55:16 --> TVA = 891169
DEBUG - 2026-09-07 18:55:16 --> TTC = 5520616
DEBUG - 2026-09-07 18:55:16 --> DUE = 5520616
DEBUG - 2026-09-07 18:55:16 --> ==============================
DEBUG - 2026-09-07 18:55:16 --> Insertion footer à partir de ligne 24
DEBUG - 2026-09-07 18:55:16 --> Footer[0] ligne 24 : Bon à savoir / Good to know
DEBUG - 2026-09-07 18:55:16 --> Footer[1] ligne 25 (fond vert)
DEBUG - 2026-09-07 18:55:16 --> Footer[2] ligne 26 (italic bleu)
DEBUG - 2026-09-07 18:55:16 --> Footer[3] ENERGIZING à M27:O27
DEBUG - 2026-09-07 18:55:16 --> Footer[4] Pagination ligne 28 | Page 1/1
DEBUG - 2026-09-07 18:55:16 --> Signature bloc de M21 à O26
DEBUG - 2026-09-07 18:55:16 --> Insertion données page 1 et ligne 13
DEBUG - 2026-09-07 18:55:16 --> Totaux page 1 => HT: 2779420 | TVA: 534680 | TTC: 3314100
DEBUG - 2026-09-07 18:55:16 --> ==============================
DEBUG - 2026-09-07 18:55:16 --> TOTAL GLOBAL
DEBUG - 2026-09-07 18:55:16 --> HT  = 2779420
DEBUG - 2026-09-07 18:55:16 --> TVA = 534680
DEBUG - 2026-09-07 18:55:16 --> TTC = 3314100
DEBUG - 2026-09-07 18:55:16 --> DUE = 3297874
DEBUG - 2026-09-07 18:55:16 --> ==============================
DEBUG - 2026-09-07 18:55:16 --> Insertion footer à partir de ligne 44
DEBUG - 2026-09-07 18:55:16 --> Footer[0] ligne 44 : Bon à savoir / Good to know
DEBUG - 2026-09-07 18:55:16 --> Footer[1] ligne 45 (fond vert)
DEBUG - 2026-09-07 18:55:16 --> Footer[2] ligne 46 (italic bleu)
DEBUG - 2026-09-07 18:55:16 --> Footer[3] ENERGIZING à M47:O47
DEBUG - 2026-09-07 18:55:16 --> Footer[4] Pagination ligne 48 | Page 1/1
DEBUG - 2026-09-07 18:55:16 --> Signature bloc de M41 à O46
DEBUG - 2026-09-07 18:55:16 --> Insertion données page 1 et ligne 13
DEBUG - 2026-09-07 18:55:16 --> Totaux page 1 => HT: 2151813 | TVA: 414225 | TTC: 2566038
DEBUG - 2026-09-07 18:55:16 --> ==============================
DEBUG - 2026-09-07 18:55:16 --> TOTAL GLOBAL
DEBUG - 2026-09-07 18:55:16 --> HT  = 2151813
DEBUG - 2026-09-07 18:55:16 --> TVA = 414225
DEBUG - 2026-09-07 18:55:16 --> TTC = 2566038
DEBUG - 2026-09-07 18:55:16 --> DUE = 2566038
DEBUG - 2026-09-07 18:55:16 --> ==============================
DEBUG - 2026-09-07 18:55:16 --> Insertion footer à partir de ligne 29
DEBUG - 2026-09-07 18:55:16 --> Footer[0] ligne 29 : Bon à savoir / Good to know
DEBUG - 2026-09-07 18:55:16 --> Footer[1] ligne 30 (fond vert)
DEBUG - 2026-09-07 18:55:16 --> Footer[2] ligne 31 (italic bleu)
DEBUG - 2026-09-07 18:55:16 --> Footer[3] ENERGIZING à M32:O32
DEBUG - 2026-09-07 18:55:16 --> Footer[4] Pagination ligne 33 | Page 1/1
DEBUG - 2026-09-07 18:55:16 --> Signature bloc de M26 à O31
DEBUG - 2026-09-07 18:55:16 --> Insertion données page 1 et ligne 13
DEBUG - 2026-09-07 18:55:16 --> Totaux page 1 => HT: 240465 | TVA: 46194 | TTC: 286659
DEBUG - 2026-09-07 18:55:16 --> ==============================
DEBUG - 2026-09-07 18:55:16 --> TOTAL GLOBAL
DEBUG - 2026-09-07 18:55:16 --> HT  = 240465
DEBUG - 2026-09-07 18:55:16 --> TVA = 46194
DEBUG - 2026-09-07 18:55:16 --> TTC = 286659
DEBUG - 2026-09-07 18:55:16 --> DUE = 286659
DEBUG - 2026-09-07 18:55:16 --> ==============================
DEBUG - 2026-09-07 18:55:16 --> Insertion footer à partir de ligne 24
DEBUG - 2026-09-07 18:55:16 --> Footer[0] ligne 24 : Bon à savoir / Good to know
DEBUG - 2026-09-07 18:55:16 --> Footer[1] ligne 25 (fond vert)
DEBUG - 2026-09-07 18:55:16 --> Footer[2] ligne 26 (italic bleu)
DEBUG - 2026-09-07 18:55:16 --> Footer[3] ENERGIZING à M27:O27
DEBUG - 2026-09-07 18:55:16 --> Footer[4] Pagination ligne 28 | Page 1/1
DEBUG - 2026-09-07 18:55:16 --> Signature bloc de M21 à O26
DEBUG - 2026-09-07 18:55:16 --> Insertion données page 1 et ligne 13
DEBUG - 2026-09-07 18:55:16 --> Totaux page 1 => HT: 1609965 | TVA: 307399 | TTC: 1917364
DEBUG - 2026-09-07 18:55:16 --> ==============================
DEBUG - 2026-09-07 18:55:16 --> TOTAL GLOBAL
DEBUG - 2026-09-07 18:55:16 --> HT  = 1609965
DEBUG - 2026-09-07 18:55:16 --> TVA = 307399
DEBUG - 2026-09-07 18:55:16 --> TTC = 1917364
DEBUG - 2026-09-07 18:55:16 --> DUE = 1602706
DEBUG - 2026-09-07 18:55:16 --> ==============================
DEBUG - 2026-09-07 18:55:16 --> Insertion footer à partir de ligne 31
DEBUG - 2026-09-07 18:55:16 --> Footer[0] ligne 31 : Bon à savoir / Good to know
DEBUG - 2026-09-07 18:55:16 --> Footer[1] ligne 32 (fond vert)
DEBUG - 2026-09-07 18:55:16 --> Footer[2] ligne 33 (italic bleu)
DEBUG - 2026-09-07 18:55:16 --> Footer[3] ENERGIZING à M34:O34
DEBUG - 2026-09-07 18:55:16 --> Footer[4] Pagination ligne 35 | Page 1/1
DEBUG - 2026-09-07 18:55:16 --> Signature bloc de M28 à O33
DEBUG - 2026-09-07 18:55:16 --> Insertion données page 1 et ligne 13
DEBUG - 2026-09-07 18:55:16 --> Totaux page 1 => HT: 2454329 | TVA: 472457 | TTC: 2926786
DEBUG - 2026-09-07 18:55:16 --> ==============================
DEBUG - 2026-09-07 18:55:16 --> TOTAL GLOBAL
DEBUG - 2026-09-07 18:55:16 --> HT  = 2454329
DEBUG - 2026-09-07 18:55:16 --> TVA = 472457
DEBUG - 2026-09-07 18:55:16 --> TTC = 2926786
DEBUG - 2026-09-07 18:55:16 --> DUE = 2926786
DEBUG - 2026-09-07 18:55:16 --> ==============================
DEBUG - 2026-09-07 18:55:16 --> Insertion footer à partir de ligne 35
DEBUG - 2026-09-07 18:55:16 --> Footer[0] ligne 35 : Bon à savoir / Good to know
DEBUG - 2026-09-07 18:55:16 --> Footer[1] ligne 36 (fond vert)
DEBUG - 2026-09-07 18:55:16 --> Footer[2] ligne 37 (italic bleu)
DEBUG - 2026-09-07 18:55:16 --> Footer[3] ENERGIZING à M38:O38
DEBUG - 2026-09-07 18:55:16 --> Footer[4] Pagination ligne 39 | Page 1/1
DEBUG - 2026-09-07 18:55:16 --> Signature bloc de M32 à O37
DEBUG - 2026-09-07 18:55:17 --> Insertion données page 1 et ligne 13
DEBUG - 2026-09-07 18:55:17 --> Totaux page 1 => HT: 454163 | TVA: 87426 | TTC: 541589
DEBUG - 2026-09-07 18:55:17 --> ==============================
DEBUG - 2026-09-07 18:55:17 --> TOTAL GLOBAL
DEBUG - 2026-09-07 18:55:17 --> HT  = 454163
DEBUG - 2026-09-07 18:55:17 --> TVA = 87426
DEBUG - 2026-09-07 18:55:17 --> TTC = 541589
DEBUG - 2026-09-07 18:55:17 --> DUE = 541589
DEBUG - 2026-09-07 18:55:17 --> ==============================
DEBUG - 2026-09-07 18:55:17 --> Insertion footer à partir de ligne 20
DEBUG - 2026-09-07 18:55:17 --> Footer[0] ligne 20 : Bon à savoir / Good to know
DEBUG - 2026-09-07 18:55:17 --> Footer[1] ligne 21 (fond vert)
DEBUG - 2026-09-07 18:55:17 --> Footer[2] ligne 22 (italic bleu)
DEBUG - 2026-09-07 18:55:17 --> Footer[3] ENERGIZING à M23:O23
DEBUG - 2026-09-07 18:55:17 --> Footer[4] Pagination ligne 24 | Page 1/1
DEBUG - 2026-09-07 18:55:17 --> Signature bloc de M17 à O22
DEBUG - 2026-09-07 18:55:17 --> Insertion données page 1 et ligne 13
DEBUG - 2026-09-07 18:55:17 --> Totaux page 1 => HT: 4369444 | TVA: 841118 | TTC: 5210562
DEBUG - 2026-09-07 18:55:17 --> ==============================
DEBUG - 2026-09-07 18:55:17 --> TOTAL GLOBAL
DEBUG - 2026-09-07 18:55:17 --> HT  = 4369444
DEBUG - 2026-09-07 18:55:17 --> TVA = 841118
DEBUG - 2026-09-07 18:55:17 --> TTC = 5210562
DEBUG - 2026-09-07 18:55:17 --> DUE = 5102067
DEBUG - 2026-09-07 18:55:17 --> ==============================
DEBUG - 2026-09-07 18:55:17 --> Insertion footer à partir de ligne 26
DEBUG - 2026-09-07 18:55:17 --> Footer[0] ligne 26 : Bon à savoir / Good to know
DEBUG - 2026-09-07 18:55:17 --> Footer[1] ligne 27 (fond vert)
DEBUG - 2026-09-07 18:55:17 --> Footer[2] ligne 28 (italic bleu)
DEBUG - 2026-09-07 18:55:17 --> Footer[3] ENERGIZING à M29:O29
DEBUG - 2026-09-07 18:55:17 --> Footer[4] Pagination ligne 30 | Page 1/1
DEBUG - 2026-09-07 18:55:17 --> Signature bloc de M23 à O28
DEBUG - 2026-09-07 18:55:17 --> Insertion données page 1 et ligne 13
DEBUG - 2026-09-07 18:55:17 --> Totaux page 1 => HT: 275935 | TVA: 53117 | TTC: 329052
DEBUG - 2026-09-07 18:55:17 --> ==============================
DEBUG - 2026-09-07 18:55:17 --> TOTAL GLOBAL
DEBUG - 2026-09-07 18:55:17 --> HT  = 275935
DEBUG - 2026-09-07 18:55:17 --> TVA = 53117
DEBUG - 2026-09-07 18:55:17 --> TTC = 329052
DEBUG - 2026-09-07 18:55:17 --> DUE = 328251
DEBUG - 2026-09-07 18:55:17 --> ==============================
DEBUG - 2026-09-07 18:55:17 --> Insertion footer à partir de ligne 22
DEBUG - 2026-09-07 18:55:17 --> Footer[0] ligne 22 : Bon à savoir / Good to know
DEBUG - 2026-09-07 18:55:17 --> Footer[1] ligne 23 (fond vert)
DEBUG - 2026-09-07 18:55:17 --> Footer[2] ligne 24 (italic bleu)
DEBUG - 2026-09-07 18:55:17 --> Footer[3] ENERGIZING à M25:O25
DEBUG - 2026-09-07 18:55:17 --> Footer[4] Pagination ligne 26 | Page 1/1
DEBUG - 2026-09-07 18:55:17 --> Signature bloc de M19 à O24
DEBUG - 2026-09-07 18:55:17 --> Insertion données page 1 et ligne 13
DEBUG - 2026-09-07 18:55:17 --> Totaux page 1 => HT: 332141 | TVA: 63937 | TTC: 396078
DEBUG - 2026-09-07 18:55:17 --> ==============================
DEBUG - 2026-09-07 18:55:17 --> TOTAL GLOBAL
DEBUG - 2026-09-07 18:55:17 --> HT  = 332141
DEBUG - 2026-09-07 18:55:17 --> TVA = 63937
DEBUG - 2026-09-07 18:55:17 --> TTC = 396078
DEBUG - 2026-09-07 18:55:17 --> DUE = 295847
DEBUG - 2026-09-07 18:55:17 --> ==============================
DEBUG - 2026-09-07 18:55:17 --> Insertion footer à partir de ligne 23
DEBUG - 2026-09-07 18:55:17 --> Footer[0] ligne 23 : Bon à savoir / Good to know
DEBUG - 2026-09-07 18:55:17 --> Footer[1] ligne 24 (fond vert)
DEBUG - 2026-09-07 18:55:17 --> Footer[2] ligne 25 (italic bleu)
DEBUG - 2026-09-07 18:55:17 --> Footer[3] ENERGIZING à M26:O26
DEBUG - 2026-09-07 18:55:17 --> Footer[4] Pagination ligne 27 | Page 1/1
DEBUG - 2026-09-07 18:55:17 --> Signature bloc de M20 à O25
DEBUG - 2026-09-07 18:55:17 --> Insertion données page 1 et ligne 13
DEBUG - 2026-09-07 18:55:17 --> Totaux page 1 => HT: 1477118 | TVA: 284346 | TTC: 1761464
DEBUG - 2026-09-07 18:55:17 --> ==============================
DEBUG - 2026-09-07 18:55:17 --> TOTAL GLOBAL
DEBUG - 2026-09-07 18:55:17 --> HT  = 1477118
DEBUG - 2026-09-07 18:55:17 --> TVA = 284346
DEBUG - 2026-09-07 18:55:17 --> TTC = 1761464
DEBUG - 2026-09-07 18:55:17 --> DUE = 1761464
DEBUG - 2026-09-07 18:55:17 --> ==============================
DEBUG - 2026-09-07 18:55:17 --> Insertion footer à partir de ligne 24
DEBUG - 2026-09-07 18:55:17 --> Footer[0] ligne 24 : Bon à savoir / Good to know
DEBUG - 2026-09-07 18:55:17 --> Footer[1] ligne 25 (fond vert)
DEBUG - 2026-09-07 18:55:17 --> Footer[2] ligne 26 (italic bleu)
DEBUG - 2026-09-07 18:55:17 --> Footer[3] ENERGIZING à M27:O27
DEBUG - 2026-09-07 18:55:17 --> Footer[4] Pagination ligne 28 | Page 1/1
DEBUG - 2026-09-07 18:55:17 --> Signature bloc de M21 à O26
DEBUG - 2026-09-07 18:55:17 --> Insertion données page 1 et ligne 13
DEBUG - 2026-09-07 18:55:17 --> Totaux page 1 => HT: 2680099 | TVA: 515921 | TTC: 3196020
DEBUG - 2026-09-07 18:55:17 --> ==============================
DEBUG - 2026-09-07 18:55:17 --> TOTAL GLOBAL
DEBUG - 2026-09-07 18:55:17 --> HT  = 2680099
DEBUG - 2026-09-07 18:55:17 --> TVA = 515921
DEBUG - 2026-09-07 18:55:17 --> TTC = 3196020
DEBUG - 2026-09-07 18:55:17 --> DUE = 3195719
DEBUG - 2026-09-07 18:55:17 --> ==============================
DEBUG - 2026-09-07 18:55:17 --> Insertion footer à partir de ligne 27
DEBUG - 2026-09-07 18:55:17 --> Footer[0] ligne 27 : Bon à savoir / Good to know
DEBUG - 2026-09-07 18:55:17 --> Footer[1] ligne 28 (fond vert)
DEBUG - 2026-09-07 18:55:17 --> Footer[2] ligne 29 (italic bleu)
DEBUG - 2026-09-07 18:55:17 --> Footer[3] ENERGIZING à M30:O30
DEBUG - 2026-09-07 18:55:17 --> Footer[4] Pagination ligne 31 | Page 1/1
DEBUG - 2026-09-07 18:55:17 --> Signature bloc de M24 à O29
DEBUG - 2026-09-07 18:55:17 --> Insertion données page 1 et ligne 13
DEBUG - 2026-09-07 18:55:17 --> Totaux page 1 => HT: 2382078 | TVA: 458550 | TTC: 2840628
DEBUG - 2026-09-07 18:55:17 --> ==============================
DEBUG - 2026-09-07 18:55:17 --> TOTAL GLOBAL
DEBUG - 2026-09-07 18:55:17 --> HT  = 2382078
DEBUG - 2026-09-07 18:55:17 --> TVA = 458550
DEBUG - 2026-09-07 18:55:17 --> TTC = 2840628
DEBUG - 2026-09-07 18:55:17 --> DUE = 2840628
DEBUG - 2026-09-07 18:55:17 --> ==============================
DEBUG - 2026-09-07 18:55:17 --> Insertion footer à partir de ligne 25
DEBUG - 2026-09-07 18:55:17 --> Footer[0] ligne 25 : Bon à savoir / Good to know
DEBUG - 2026-09-07 18:55:17 --> Footer[1] ligne 26 (fond vert)
DEBUG - 2026-09-07 18:55:17 --> Footer[2] ligne 27 (italic bleu)
DEBUG - 2026-09-07 18:55:17 --> Footer[3] ENERGIZING à M28:O28
DEBUG - 2026-09-07 18:55:17 --> Footer[4] Pagination ligne 29 | Page 1/1
DEBUG - 2026-09-07 18:55:17 --> Signature bloc de M22 à O27
DEBUG - 2026-09-07 18:55:17 --> Insertion données page 1 et ligne 13
DEBUG - 2026-09-07 18:55:17 --> Totaux page 1 => HT: 744902 | TVA: 143394 | TTC: 888296
DEBUG - 2026-09-07 18:55:17 --> ==============================
DEBUG - 2026-09-07 18:55:17 --> TOTAL GLOBAL
DEBUG - 2026-09-07 18:55:17 --> HT  = 744902
DEBUG - 2026-09-07 18:55:17 --> TVA = 143394
DEBUG - 2026-09-07 18:55:17 --> TTC = 888296
DEBUG - 2026-09-07 18:55:17 --> DUE = 888296
DEBUG - 2026-09-07 18:55:17 --> ==============================
DEBUG - 2026-09-07 18:55:17 --> Insertion footer à partir de ligne 22
DEBUG - 2026-09-07 18:55:17 --> Footer[0] ligne 22 : Bon à savoir / Good to know
DEBUG - 2026-09-07 18:55:17 --> Footer[1] ligne 23 (fond vert)
DEBUG - 2026-09-07 18:55:17 --> Footer[2] ligne 24 (italic bleu)
DEBUG - 2026-09-07 18:55:17 --> Footer[3] ENERGIZING à M25:O25
DEBUG - 2026-09-07 18:55:17 --> Footer[4] Pagination ligne 26 | Page 1/1
DEBUG - 2026-09-07 18:55:17 --> Signature bloc de M19 à O24
DEBUG - 2026-09-07 18:55:17 --> Insertion données page 1 et ligne 13
DEBUG - 2026-09-07 18:55:17 --> Totaux page 1 => HT: 600495 | TVA: 115595 | TTC: 716090
DEBUG - 2026-09-07 18:55:17 --> ==============================
DEBUG - 2026-09-07 18:55:17 --> TOTAL GLOBAL
DEBUG - 2026-09-07 18:55:17 --> HT  = 600495
DEBUG - 2026-09-07 18:55:17 --> TVA = 115595
DEBUG - 2026-09-07 18:55:17 --> TTC = 716090
DEBUG - 2026-09-07 18:55:17 --> DUE = 716090
DEBUG - 2026-09-07 18:55:17 --> ==============================
DEBUG - 2026-09-07 18:55:17 --> Insertion footer à partir de ligne 25
DEBUG - 2026-09-07 18:55:17 --> Footer[0] ligne 25 : Bon à savoir / Good to know
DEBUG - 2026-09-07 18:55:17 --> Footer[1] ligne 26 (fond vert)
DEBUG - 2026-09-07 18:55:17 --> Footer[2] ligne 27 (italic bleu)
DEBUG - 2026-09-07 18:55:17 --> Footer[3] ENERGIZING à M28:O28
DEBUG - 2026-09-07 18:55:17 --> Footer[4] Pagination ligne 29 | Page 1/1
DEBUG - 2026-09-07 18:55:17 --> Signature bloc de M22 à O27
DEBUG - 2026-09-07 18:55:18 --> Insertion données page 1 et ligne 13
DEBUG - 2026-09-07 18:55:18 --> Totaux page 1 => HT: 1816859 | TVA: 349746 | TTC: 2166605
DEBUG - 2026-09-07 18:55:18 --> ==============================
DEBUG - 2026-09-07 18:55:18 --> TOTAL GLOBAL
DEBUG - 2026-09-07 18:55:18 --> HT  = 1816859
DEBUG - 2026-09-07 18:55:18 --> TVA = 349746
DEBUG - 2026-09-07 18:55:18 --> TTC = 2166605
DEBUG - 2026-09-07 18:55:18 --> DUE = 2166605
DEBUG - 2026-09-07 18:55:18 --> ==============================
DEBUG - 2026-09-07 18:55:18 --> Insertion footer à partir de ligne 36
DEBUG - 2026-09-07 18:55:18 --> Footer[0] ligne 36 : Bon à savoir / Good to know
DEBUG - 2026-09-07 18:55:18 --> Footer[1] ligne 37 (fond vert)
DEBUG - 2026-09-07 18:55:18 --> Footer[2] ligne 38 (italic bleu)
DEBUG - 2026-09-07 18:55:18 --> Footer[3] ENERGIZING à M39:O39
DEBUG - 2026-09-07 18:55:18 --> Footer[4] Pagination ligne 40 | Page 1/1
DEBUG - 2026-09-07 18:55:18 --> Signature bloc de M33 à O38
DEBUG - 2026-09-07 18:55:18 --> Insertion données page 1 et ligne 13
DEBUG - 2026-09-07 18:55:18 --> Totaux page 1 => HT: 2879848 | TVA: 554370 | TTC: 3434218
DEBUG - 2026-09-07 18:55:18 --> ==============================
DEBUG - 2026-09-07 18:55:18 --> TOTAL GLOBAL
DEBUG - 2026-09-07 18:55:18 --> HT  = 2879848
DEBUG - 2026-09-07 18:55:18 --> TVA = 554370
DEBUG - 2026-09-07 18:55:18 --> TTC = 3434218
DEBUG - 2026-09-07 18:55:18 --> DUE = 3434218
DEBUG - 2026-09-07 18:55:18 --> ==============================
DEBUG - 2026-09-07 18:55:18 --> Insertion footer à partir de ligne 29
DEBUG - 2026-09-07 18:55:18 --> Footer[0] ligne 29 : Bon à savoir / Good to know
DEBUG - 2026-09-07 18:55:18 --> Footer[1] ligne 30 (fond vert)
DEBUG - 2026-09-07 18:55:18 --> Footer[2] ligne 31 (italic bleu)
DEBUG - 2026-09-07 18:55:18 --> Footer[3] ENERGIZING à M32:O32
DEBUG - 2026-09-07 18:55:18 --> Footer[4] Pagination ligne 33 | Page 1/1
DEBUG - 2026-09-07 18:55:18 --> Signature bloc de M26 à O31
DEBUG - 2026-09-07 18:55:18 --> Insertion données page 1 et ligne 13
DEBUG - 2026-09-07 18:55:18 --> Totaux page 1 => HT: 1161330 | TVA: 221594 | TTC: 1382924
DEBUG - 2026-09-07 18:55:18 --> ==============================
DEBUG - 2026-09-07 18:55:18 --> TOTAL GLOBAL
DEBUG - 2026-09-07 18:55:18 --> HT  = 1161330
DEBUG - 2026-09-07 18:55:18 --> TVA = 221594
DEBUG - 2026-09-07 18:55:18 --> TTC = 1382924
DEBUG - 2026-09-07 18:55:18 --> DUE = 1188530
DEBUG - 2026-09-07 18:55:18 --> ==============================
DEBUG - 2026-09-07 18:55:18 --> Insertion footer à partir de ligne 29
DEBUG - 2026-09-07 18:55:18 --> Footer[0] ligne 29 : Bon à savoir / Good to know
DEBUG - 2026-09-07 18:55:18 --> Footer[1] ligne 30 (fond vert)
DEBUG - 2026-09-07 18:55:18 --> Footer[2] ligne 31 (italic bleu)
DEBUG - 2026-09-07 18:55:18 --> Footer[3] ENERGIZING à M32:O32
DEBUG - 2026-09-07 18:55:18 --> Footer[4] Pagination ligne 33 | Page 1/1
DEBUG - 2026-09-07 18:55:18 --> Signature bloc de M26 à O31
DEBUG - 2026-09-07 18:55:18 --> Insertion données page 1 et ligne 13
DEBUG - 2026-09-07 18:55:18 --> Totaux page 1 => HT: 786626 | TVA: 151426 | TTC: 938052
DEBUG - 2026-09-07 18:55:18 --> ==============================
DEBUG - 2026-09-07 18:55:18 --> TOTAL GLOBAL
DEBUG - 2026-09-07 18:55:18 --> HT  = 786626
DEBUG - 2026-09-07 18:55:18 --> TVA = 151426
DEBUG - 2026-09-07 18:55:18 --> TTC = 938052
DEBUG - 2026-09-07 18:55:18 --> DUE = 938052
DEBUG - 2026-09-07 18:55:18 --> ==============================
DEBUG - 2026-09-07 18:55:18 --> Insertion footer à partir de ligne 24
DEBUG - 2026-09-07 18:55:18 --> Footer[0] ligne 24 : Bon à savoir / Good to know
DEBUG - 2026-09-07 18:55:18 --> Footer[1] ligne 25 (fond vert)
DEBUG - 2026-09-07 18:55:18 --> Footer[2] ligne 26 (italic bleu)
DEBUG - 2026-09-07 18:55:18 --> Footer[3] ENERGIZING à M27:O27
DEBUG - 2026-09-07 18:55:18 --> Footer[4] Pagination ligne 28 | Page 1/1
DEBUG - 2026-09-07 18:55:18 --> Signature bloc de M21 à O26
DEBUG - 2026-09-07 18:55:18 --> Insertion données page 1 et ligne 13
DEBUG - 2026-09-07 18:55:18 --> Totaux page 1 => HT: 32657237 | TVA: 6286517 | TTC: 38943754
DEBUG - 2026-09-07 18:55:18 --> ==============================
DEBUG - 2026-09-07 18:55:18 --> TOTAL GLOBAL
DEBUG - 2026-09-07 18:55:18 --> HT  = 32657237
DEBUG - 2026-09-07 18:55:18 --> TVA = 6286517
DEBUG - 2026-09-07 18:55:18 --> TTC = 38943754
DEBUG - 2026-09-07 18:55:18 --> DUE = 38943754
DEBUG - 2026-09-07 18:55:18 --> ==============================
DEBUG - 2026-09-07 18:55:18 --> Insertion footer à partir de ligne 23
DEBUG - 2026-09-07 18:55:18 --> Footer[0] ligne 23 : Bon à savoir / Good to know
DEBUG - 2026-09-07 18:55:18 --> Footer[1] ligne 24 (fond vert)
DEBUG - 2026-09-07 18:55:18 --> Footer[2] ligne 25 (italic bleu)
DEBUG - 2026-09-07 18:55:18 --> Footer[3] ENERGIZING à M26:O26
DEBUG - 2026-09-07 18:55:18 --> Footer[4] Pagination ligne 27 | Page 1/1
DEBUG - 2026-09-07 18:55:18 --> Signature bloc de M20 à O25
DEBUG - 2026-09-07 18:55:18 --> Insertion données page 1 et ligne 13
DEBUG - 2026-09-07 18:55:18 --> Totaux page 1 => HT: 2997567 | TVA: 577032 | TTC: 3574599
DEBUG - 2026-09-07 18:55:18 --> ==============================
DEBUG - 2026-09-07 18:55:18 --> TOTAL GLOBAL
DEBUG - 2026-09-07 18:55:18 --> HT  = 2997567
DEBUG - 2026-09-07 18:55:18 --> TVA = 577032
DEBUG - 2026-09-07 18:55:18 --> TTC = 3574599
DEBUG - 2026-09-07 18:55:18 --> DUE = 3574599
DEBUG - 2026-09-07 18:55:18 --> ==============================
DEBUG - 2026-09-07 18:55:18 --> Insertion footer à partir de ligne 24
DEBUG - 2026-09-07 18:55:18 --> Footer[0] ligne 24 : Bon à savoir / Good to know
DEBUG - 2026-09-07 18:55:18 --> Footer[1] ligne 25 (fond vert)
DEBUG - 2026-09-07 18:55:18 --> Footer[2] ligne 26 (italic bleu)
DEBUG - 2026-09-07 18:55:18 --> Footer[3] ENERGIZING à M27:O27
DEBUG - 2026-09-07 18:55:18 --> Footer[4] Pagination ligne 28 | Page 1/1
DEBUG - 2026-09-07 18:55:18 --> Signature bloc de M21 à O26
DEBUG - 2026-09-07 18:55:18 --> Insertion données page 1 et ligne 13
DEBUG - 2026-09-07 18:55:18 --> Totaux page 1 => HT: 873401 | TVA: 168130 | TTC: 1041531
DEBUG - 2026-09-07 18:55:18 --> ==============================
DEBUG - 2026-09-07 18:55:18 --> TOTAL GLOBAL
DEBUG - 2026-09-07 18:55:18 --> HT  = 873401
DEBUG - 2026-09-07 18:55:18 --> TVA = 168130
DEBUG - 2026-09-07 18:55:18 --> TTC = 1041531
DEBUG - 2026-09-07 18:55:18 --> DUE = 1041531
DEBUG - 2026-09-07 18:55:18 --> ==============================
DEBUG - 2026-09-07 18:55:18 --> Insertion footer à partir de ligne 22
DEBUG - 2026-09-07 18:55:18 --> Footer[0] ligne 22 : Bon à savoir / Good to know
DEBUG - 2026-09-07 18:55:18 --> Footer[1] ligne 23 (fond vert)
DEBUG - 2026-09-07 18:55:18 --> Footer[2] ligne 24 (italic bleu)
DEBUG - 2026-09-07 18:55:18 --> Footer[3] ENERGIZING à M25:O25
DEBUG - 2026-09-07 18:55:18 --> Footer[4] Pagination ligne 26 | Page 1/1
DEBUG - 2026-09-07 18:55:18 --> Signature bloc de M19 à O24
DEBUG - 2026-09-07 18:55:18 --> Insertion données page 1 et ligne 13
DEBUG - 2026-09-07 18:55:18 --> Totaux page 1 => HT: 289503 | TVA: 55730 | TTC: 345233
DEBUG - 2026-09-07 18:55:18 --> ==============================
DEBUG - 2026-09-07 18:55:18 --> TOTAL GLOBAL
DEBUG - 2026-09-07 18:55:18 --> HT  = 289503
DEBUG - 2026-09-07 18:55:18 --> TVA = 55730
DEBUG - 2026-09-07 18:55:18 --> TTC = 345233
DEBUG - 2026-09-07 18:55:18 --> DUE = 345233
DEBUG - 2026-09-07 18:55:18 --> ==============================
DEBUG - 2026-09-07 18:55:18 --> Insertion footer à partir de ligne 22
DEBUG - 2026-09-07 18:55:18 --> Footer[0] ligne 22 : Bon à savoir / Good to know
DEBUG - 2026-09-07 18:55:18 --> Footer[1] ligne 23 (fond vert)
DEBUG - 2026-09-07 18:55:18 --> Footer[2] ligne 24 (italic bleu)
DEBUG - 2026-09-07 18:55:18 --> Footer[3] ENERGIZING à M25:O25
DEBUG - 2026-09-07 18:55:18 --> Footer[4] Pagination ligne 26 | Page 1/1
DEBUG - 2026-09-07 18:55:18 --> Signature bloc de M19 à O24
DEBUG - 2026-09-07 18:55:18 --> Insertion données page 1 et ligne 13
DEBUG - 2026-09-07 18:55:18 --> Totaux page 1 => HT: 647185 | TVA: 124583 | TTC: 771768
DEBUG - 2026-09-07 18:55:18 --> ==============================
DEBUG - 2026-09-07 18:55:18 --> TOTAL GLOBAL
DEBUG - 2026-09-07 18:55:18 --> HT  = 647185
DEBUG - 2026-09-07 18:55:18 --> TVA = 124583
DEBUG - 2026-09-07 18:55:18 --> TTC = 771768
DEBUG - 2026-09-07 18:55:18 --> DUE = 771768
DEBUG - 2026-09-07 18:55:18 --> ==============================
DEBUG - 2026-09-07 18:55:18 --> Insertion footer à partir de ligne 25
DEBUG - 2026-09-07 18:55:19 --> Footer[0] ligne 25 : Bon à savoir / Good to know
DEBUG - 2026-09-07 18:55:19 --> Footer[1] ligne 26 (fond vert)
DEBUG - 2026-09-07 18:55:19 --> Footer[2] ligne 27 (italic bleu)
DEBUG - 2026-09-07 18:55:19 --> Footer[3] ENERGIZING à M28:O28
DEBUG - 2026-09-07 18:55:19 --> Footer[4] Pagination ligne 29 | Page 1/1
DEBUG - 2026-09-07 18:55:19 --> Signature bloc de M22 à O27
DEBUG - 2026-09-07 18:55:19 --> Insertion données page 1 et ligne 13
DEBUG - 2026-09-07 18:55:19 --> Totaux page 1 => HT: 1389855 | TVA: 267547 | TTC: 1657402
DEBUG - 2026-09-07 18:55:19 --> ==============================
DEBUG - 2026-09-07 18:55:19 --> TOTAL GLOBAL
DEBUG - 2026-09-07 18:55:19 --> HT  = 1389855
DEBUG - 2026-09-07 18:55:19 --> TVA = 267547
DEBUG - 2026-09-07 18:55:19 --> TTC = 1657402
DEBUG - 2026-09-07 18:55:19 --> DUE = 1657402
DEBUG - 2026-09-07 18:55:19 --> ==============================
DEBUG - 2026-09-07 18:55:19 --> Insertion footer à partir de ligne 23
DEBUG - 2026-09-07 18:55:19 --> Footer[0] ligne 23 : Bon à savoir / Good to know
DEBUG - 2026-09-07 18:55:19 --> Footer[1] ligne 24 (fond vert)
DEBUG - 2026-09-07 18:55:19 --> Footer[2] ligne 25 (italic bleu)
DEBUG - 2026-09-07 18:55:19 --> Footer[3] ENERGIZING à M26:O26
DEBUG - 2026-09-07 18:55:19 --> Footer[4] Pagination ligne 27 | Page 1/1
DEBUG - 2026-09-07 18:55:19 --> Signature bloc de M20 à O25
DEBUG - 2026-09-07 18:55:19 --> Insertion données page 1 et ligne 13
DEBUG - 2026-09-07 18:55:19 --> Totaux page 1 => HT: 385087 | TVA: 74129 | TTC: 459216
DEBUG - 2026-09-07 18:55:19 --> ==============================
DEBUG - 2026-09-07 18:55:19 --> TOTAL GLOBAL
DEBUG - 2026-09-07 18:55:19 --> HT  = 385087
DEBUG - 2026-09-07 18:55:19 --> TVA = 74129
DEBUG - 2026-09-07 18:55:19 --> TTC = 459216
DEBUG - 2026-09-07 18:55:19 --> DUE = 459216
DEBUG - 2026-09-07 18:55:19 --> ==============================
DEBUG - 2026-09-07 18:55:19 --> Insertion footer à partir de ligne 21
DEBUG - 2026-09-07 18:55:19 --> Footer[0] ligne 21 : Bon à savoir / Good to know
DEBUG - 2026-09-07 18:55:19 --> Footer[1] ligne 22 (fond vert)
DEBUG - 2026-09-07 18:55:19 --> Footer[2] ligne 23 (italic bleu)
DEBUG - 2026-09-07 18:55:19 --> Footer[3] ENERGIZING à M24:O24
DEBUG - 2026-09-07 18:55:19 --> Footer[4] Pagination ligne 25 | Page 1/1
DEBUG - 2026-09-07 18:55:19 --> Signature bloc de M18 à O23
DEBUG - 2026-09-07 18:55:19 --> Insertion données page 1 et ligne 13
DEBUG - 2026-09-07 18:55:19 --> Totaux page 1 => HT: 528184 | TVA: 101676 | TTC: 629860
DEBUG - 2026-09-07 18:55:19 --> ==============================
DEBUG - 2026-09-07 18:55:19 --> TOTAL GLOBAL
DEBUG - 2026-09-07 18:55:19 --> HT  = 528184
DEBUG - 2026-09-07 18:55:19 --> TVA = 101676
DEBUG - 2026-09-07 18:55:19 --> TTC = 629860
DEBUG - 2026-09-07 18:55:19 --> DUE = 567526
DEBUG - 2026-09-07 18:55:19 --> ==============================
DEBUG - 2026-09-07 18:55:19 --> Insertion footer à partir de ligne 26
DEBUG - 2026-09-07 18:55:19 --> Footer[0] ligne 26 : Bon à savoir / Good to know
DEBUG - 2026-09-07 18:55:19 --> Footer[1] ligne 27 (fond vert)
DEBUG - 2026-09-07 18:55:19 --> Footer[2] ligne 28 (italic bleu)
DEBUG - 2026-09-07 18:55:19 --> Footer[3] ENERGIZING à M29:O29
DEBUG - 2026-09-07 18:55:19 --> Footer[4] Pagination ligne 30 | Page 1/1
DEBUG - 2026-09-07 18:55:19 --> Signature bloc de M23 à O28
DEBUG - 2026-09-07 18:55:19 --> Insertion données page 1 et ligne 13
DEBUG - 2026-09-07 18:55:19 --> Totaux page 1 => HT: 90362 | TVA: 17395 | TTC: 107757
DEBUG - 2026-09-07 18:55:19 --> ==============================
DEBUG - 2026-09-07 18:55:19 --> TOTAL GLOBAL
DEBUG - 2026-09-07 18:55:19 --> HT  = 90362
DEBUG - 2026-09-07 18:55:19 --> TVA = 17395
DEBUG - 2026-09-07 18:55:19 --> TTC = 107757
DEBUG - 2026-09-07 18:55:19 --> DUE = 107757
DEBUG - 2026-09-07 18:55:19 --> ==============================
DEBUG - 2026-09-07 18:55:19 --> Insertion footer à partir de ligne 20
DEBUG - 2026-09-07 18:55:19 --> Footer[0] ligne 20 : Bon à savoir / Good to know
DEBUG - 2026-09-07 18:55:19 --> Footer[1] ligne 21 (fond vert)
DEBUG - 2026-09-07 18:55:19 --> Footer[2] ligne 22 (italic bleu)
DEBUG - 2026-09-07 18:55:19 --> Footer[3] ENERGIZING à M23:O23
DEBUG - 2026-09-07 18:55:19 --> Footer[4] Pagination ligne 24 | Page 1/1
DEBUG - 2026-09-07 18:55:19 --> Signature bloc de M17 à O22
DEBUG - 2026-09-07 18:55:19 --> Insertion données page 1 et ligne 13
DEBUG - 2026-09-07 18:55:19 --> Totaux page 1 => HT: 839888 | TVA: 160755 | TTC: 1000643
DEBUG - 2026-09-07 18:55:19 --> ==============================
DEBUG - 2026-09-07 18:55:19 --> TOTAL GLOBAL
DEBUG - 2026-09-07 18:55:19 --> HT  = 839888
DEBUG - 2026-09-07 18:55:19 --> TVA = 160755
DEBUG - 2026-09-07 18:55:19 --> TTC = 1000643
DEBUG - 2026-09-07 18:55:19 --> DUE = 1000643
DEBUG - 2026-09-07 18:55:19 --> ==============================
DEBUG - 2026-09-07 18:55:19 --> Insertion footer à partir de ligne 24
DEBUG - 2026-09-07 18:55:19 --> Footer[0] ligne 24 : Bon à savoir / Good to know
DEBUG - 2026-09-07 18:55:19 --> Footer[1] ligne 25 (fond vert)
DEBUG - 2026-09-07 18:55:19 --> Footer[2] ligne 26 (italic bleu)
DEBUG - 2026-09-07 18:55:19 --> Footer[3] ENERGIZING à M27:O27
DEBUG - 2026-09-07 18:55:19 --> Footer[4] Pagination ligne 28 | Page 1/1
DEBUG - 2026-09-07 18:55:19 --> Signature bloc de M21 à O26
DEBUG - 2026-09-07 18:55:19 --> Insertion données page 1 et ligne 13
DEBUG - 2026-09-07 18:55:19 --> Totaux page 1 => HT: 10221298 | TVA: 0 | TTC: 10221298
DEBUG - 2026-09-07 18:55:19 --> ==============================
DEBUG - 2026-09-07 18:55:19 --> TOTAL GLOBAL
DEBUG - 2026-09-07 18:55:19 --> HT  = 10221298
DEBUG - 2026-09-07 18:55:19 --> TVA = 0
DEBUG - 2026-09-07 18:55:19 --> TTC = 10221298
DEBUG - 2026-09-07 18:55:19 --> DUE = 10221298
DEBUG - 2026-09-07 18:55:19 --> ==============================
DEBUG - 2026-09-07 18:55:19 --> Insertion footer à partir de ligne 21
DEBUG - 2026-09-07 18:55:19 --> Footer[0] ligne 21 : Bon à savoir / Good to know
DEBUG - 2026-09-07 18:55:19 --> Footer[1] ligne 22 (fond vert)
DEBUG - 2026-09-07 18:55:19 --> Footer[2] ligne 23 (italic bleu)
DEBUG - 2026-09-07 18:55:19 --> Footer[3] ENERGIZING à M24:O24
DEBUG - 2026-09-07 18:55:19 --> Footer[4] Pagination ligne 25 | Page 1/1
DEBUG - 2026-09-07 18:55:19 --> Signature bloc de M18 à O23
DEBUG - 2026-09-07 18:55:19 --> Insertion données page 1 et ligne 13
DEBUG - 2026-09-07 18:55:19 --> Totaux page 1 => HT: 778798 | TVA: 149919 | TTC: 928717
DEBUG - 2026-09-07 18:55:19 --> ==============================
DEBUG - 2026-09-07 18:55:19 --> TOTAL GLOBAL
DEBUG - 2026-09-07 18:55:19 --> HT  = 778798
DEBUG - 2026-09-07 18:55:19 --> TVA = 149919
DEBUG - 2026-09-07 18:55:19 --> TTC = 928717
DEBUG - 2026-09-07 18:55:19 --> DUE = 928717
DEBUG - 2026-09-07 18:55:19 --> ==============================
DEBUG - 2026-09-07 18:55:19 --> Insertion footer à partir de ligne 22
DEBUG - 2026-09-07 18:55:19 --> Footer[0] ligne 22 : Bon à savoir / Good to know
DEBUG - 2026-09-07 18:55:19 --> Footer[1] ligne 23 (fond vert)
DEBUG - 2026-09-07 18:55:19 --> Footer[2] ligne 24 (italic bleu)
DEBUG - 2026-09-07 18:55:19 --> Footer[3] ENERGIZING à M25:O25
DEBUG - 2026-09-07 18:55:19 --> Footer[4] Pagination ligne 26 | Page 1/1
DEBUG - 2026-09-07 18:55:19 --> Signature bloc de M19 à O24
DEBUG - 2026-09-07 18:55:19 --> Insertion données page 1 et ligne 13
DEBUG - 2026-09-07 18:55:19 --> Totaux page 1 => HT: 2405401 | TVA: 463039 | TTC: 2868440
DEBUG - 2026-09-07 18:55:19 --> ==============================
DEBUG - 2026-09-07 18:55:19 --> TOTAL GLOBAL
DEBUG - 2026-09-07 18:55:19 --> HT  = 2405401
DEBUG - 2026-09-07 18:55:19 --> TVA = 463039
DEBUG - 2026-09-07 18:55:19 --> TTC = 2868440
DEBUG - 2026-09-07 18:55:19 --> DUE = 2729746
DEBUG - 2026-09-07 18:55:19 --> ==============================
DEBUG - 2026-09-07 18:55:19 --> Insertion footer à partir de ligne 26
DEBUG - 2026-09-07 18:55:19 --> Footer[0] ligne 26 : Bon à savoir / Good to know
DEBUG - 2026-09-07 18:55:19 --> Footer[1] ligne 27 (fond vert)
DEBUG - 2026-09-07 18:55:19 --> Footer[2] ligne 28 (italic bleu)
DEBUG - 2026-09-07 18:55:19 --> Footer[3] ENERGIZING à M29:O29
DEBUG - 2026-09-07 18:55:19 --> Footer[4] Pagination ligne 30 | Page 1/1
DEBUG - 2026-09-07 18:55:19 --> Signature bloc de M23 à O28
DEBUG - 2026-09-07 18:55:19 --> Insertion données page 1 et ligne 13
DEBUG - 2026-09-07 18:55:19 --> Totaux page 1 => HT: 195426 | TVA: 37620 | TTC: 233046
DEBUG - 2026-09-07 18:55:19 --> ==============================
DEBUG - 2026-09-07 18:55:19 --> TOTAL GLOBAL
DEBUG - 2026-09-07 18:55:19 --> HT  = 195426
DEBUG - 2026-09-07 18:55:19 --> TVA = 37620
DEBUG - 2026-09-07 18:55:19 --> TTC = 233046
DEBUG - 2026-09-07 18:55:19 --> DUE = 233046
DEBUG - 2026-09-07 18:55:19 --> ==============================
DEBUG - 2026-09-07 18:55:19 --> Insertion footer à partir de ligne 20
DEBUG - 2026-09-07 18:55:19 --> Footer[0] ligne 20 : Bon à savoir / Good to know
DEBUG - 2026-09-07 18:55:19 --> Footer[1] ligne 21 (fond vert)
DEBUG - 2026-09-07 18:55:19 --> Footer[2] ligne 22 (italic bleu)
DEBUG - 2026-09-07 18:55:19 --> Footer[3] ENERGIZING à M23:O23
DEBUG - 2026-09-07 18:55:19 --> Footer[4] Pagination ligne 24 | Page 1/1
DEBUG - 2026-09-07 18:55:19 --> Signature bloc de M17 à O22
DEBUG - 2026-09-07 18:55:20 --> Insertion données page 1 et ligne 13
DEBUG - 2026-09-07 18:55:20 --> Totaux page 1 => HT: 187240 | TVA: 36044 | TTC: 223284
DEBUG - 2026-09-07 18:55:20 --> ==============================
DEBUG - 2026-09-07 18:55:20 --> TOTAL GLOBAL
DEBUG - 2026-09-07 18:55:20 --> HT  = 187240
DEBUG - 2026-09-07 18:55:20 --> TVA = 36044
DEBUG - 2026-09-07 18:55:20 --> TTC = 223284
DEBUG - 2026-09-07 18:55:20 --> DUE = 223284
DEBUG - 2026-09-07 18:55:20 --> ==============================
DEBUG - 2026-09-07 18:55:20 --> Insertion footer à partir de ligne 20
DEBUG - 2026-09-07 18:55:20 --> Footer[0] ligne 20 : Bon à savoir / Good to know
DEBUG - 2026-09-07 18:55:20 --> Footer[1] ligne 21 (fond vert)
DEBUG - 2026-09-07 18:55:20 --> Footer[2] ligne 22 (italic bleu)
DEBUG - 2026-09-07 18:55:20 --> Footer[3] ENERGIZING à M23:O23
DEBUG - 2026-09-07 18:55:20 --> Footer[4] Pagination ligne 24 | Page 1/1
DEBUG - 2026-09-07 18:55:20 --> Signature bloc de M17 à O22
DEBUG - 2026-09-07 18:55:20 --> Insertion données page 1 et ligne 13
DEBUG - 2026-09-07 18:55:20 --> Totaux page 1 => HT: 414293 | TVA: 79752 | TTC: 494045
DEBUG - 2026-09-07 18:55:20 --> ==============================
DEBUG - 2026-09-07 18:55:20 --> TOTAL GLOBAL
DEBUG - 2026-09-07 18:55:20 --> HT  = 414293
DEBUG - 2026-09-07 18:55:20 --> TVA = 79752
DEBUG - 2026-09-07 18:55:20 --> TTC = 494045
DEBUG - 2026-09-07 18:55:20 --> DUE = 494045
DEBUG - 2026-09-07 18:55:20 --> ==============================
DEBUG - 2026-09-07 18:55:20 --> Insertion footer à partir de ligne 22
DEBUG - 2026-09-07 18:55:20 --> Footer[0] ligne 22 : Bon à savoir / Good to know
DEBUG - 2026-09-07 18:55:20 --> Footer[1] ligne 23 (fond vert)
DEBUG - 2026-09-07 18:55:20 --> Footer[2] ligne 24 (italic bleu)
DEBUG - 2026-09-07 18:55:20 --> Footer[3] ENERGIZING à M25:O25
DEBUG - 2026-09-07 18:55:20 --> Footer[4] Pagination ligne 26 | Page 1/1
DEBUG - 2026-09-07 18:55:20 --> Signature bloc de M19 à O24
DEBUG - 2026-09-07 18:55:20 --> Insertion données page 1 et ligne 13
DEBUG - 2026-09-07 18:55:20 --> Totaux page 1 => HT: 404508 | TVA: 77867 | TTC: 482375
DEBUG - 2026-09-07 18:55:20 --> ==============================
DEBUG - 2026-09-07 18:55:20 --> TOTAL GLOBAL
DEBUG - 2026-09-07 18:55:20 --> HT  = 404508
DEBUG - 2026-09-07 18:55:20 --> TVA = 77867
DEBUG - 2026-09-07 18:55:20 --> TTC = 482375
DEBUG - 2026-09-07 18:55:20 --> DUE = 482375
DEBUG - 2026-09-07 18:55:20 --> ==============================
DEBUG - 2026-09-07 18:55:20 --> Insertion footer à partir de ligne 21
DEBUG - 2026-09-07 18:55:20 --> Footer[0] ligne 21 : Bon à savoir / Good to know
DEBUG - 2026-09-07 18:55:20 --> Footer[1] ligne 22 (fond vert)
DEBUG - 2026-09-07 18:55:20 --> Footer[2] ligne 23 (italic bleu)
DEBUG - 2026-09-07 18:55:20 --> Footer[3] ENERGIZING à M24:O24
DEBUG - 2026-09-07 18:55:20 --> Footer[4] Pagination ligne 25 | Page 1/1
DEBUG - 2026-09-07 18:55:20 --> Signature bloc de M18 à O23
DEBUG - 2026-09-07 18:55:20 --> Insertion données page 1 et ligne 13
DEBUG - 2026-09-07 18:55:20 --> Totaux page 1 => HT: 150317 | TVA: 28936 | TTC: 179253
DEBUG - 2026-09-07 18:55:20 --> ==============================
DEBUG - 2026-09-07 18:55:20 --> TOTAL GLOBAL
DEBUG - 2026-09-07 18:55:20 --> HT  = 150317
DEBUG - 2026-09-07 18:55:20 --> TVA = 28936
DEBUG - 2026-09-07 18:55:20 --> TTC = 179253
DEBUG - 2026-09-07 18:55:20 --> DUE = 0
DEBUG - 2026-09-07 18:55:20 --> ==============================
DEBUG - 2026-09-07 18:55:20 --> Insertion footer à partir de ligne 22
DEBUG - 2026-09-07 18:55:20 --> Footer[0] ligne 22 : Bon à savoir / Good to know
DEBUG - 2026-09-07 18:55:20 --> Footer[1] ligne 23 (fond vert)
DEBUG - 2026-09-07 18:55:20 --> Footer[2] ligne 24 (italic bleu)
DEBUG - 2026-09-07 18:55:20 --> Footer[3] ENERGIZING à M25:O25
DEBUG - 2026-09-07 18:55:20 --> Footer[4] Pagination ligne 26 | Page 1/1
DEBUG - 2026-09-07 18:55:20 --> Signature bloc de M19 à O24
DEBUG - 2026-09-07 18:55:20 --> Insertion données page 1 et ligne 13
DEBUG - 2026-09-07 18:55:20 --> Totaux page 1 => HT: 1188927 | TVA: 228869 | TTC: 1417796
DEBUG - 2026-09-07 18:55:20 --> ==============================
DEBUG - 2026-09-07 18:55:20 --> TOTAL GLOBAL
DEBUG - 2026-09-07 18:55:20 --> HT  = 1188927
DEBUG - 2026-09-07 18:55:20 --> TVA = 228869
DEBUG - 2026-09-07 18:55:20 --> TTC = 1417796
DEBUG - 2026-09-07 18:55:20 --> DUE = 1417796
DEBUG - 2026-09-07 18:55:20 --> ==============================
DEBUG - 2026-09-07 18:55:20 --> Insertion footer à partir de ligne 23
DEBUG - 2026-09-07 18:55:20 --> Footer[0] ligne 23 : Bon à savoir / Good to know
DEBUG - 2026-09-07 18:55:20 --> Footer[1] ligne 24 (fond vert)
DEBUG - 2026-09-07 18:55:20 --> Footer[2] ligne 25 (italic bleu)
DEBUG - 2026-09-07 18:55:20 --> Footer[3] ENERGIZING à M26:O26
DEBUG - 2026-09-07 18:55:20 --> Footer[4] Pagination ligne 27 | Page 1/1
DEBUG - 2026-09-07 18:55:20 --> Signature bloc de M20 à O25
DEBUG - 2026-09-07 18:55:20 --> Insertion données page 1 et ligne 13
DEBUG - 2026-09-07 18:55:20 --> Totaux page 1 => HT: 56633 | TVA: 10902 | TTC: 67535
DEBUG - 2026-09-07 18:55:20 --> ==============================
DEBUG - 2026-09-07 18:55:20 --> TOTAL GLOBAL
DEBUG - 2026-09-07 18:55:20 --> HT  = 56633
DEBUG - 2026-09-07 18:55:20 --> TVA = 10902
DEBUG - 2026-09-07 18:55:20 --> TTC = 67535
DEBUG - 2026-09-07 18:55:20 --> DUE = 67535
DEBUG - 2026-09-07 18:55:20 --> ==============================
DEBUG - 2026-09-07 18:55:20 --> Insertion footer à partir de ligne 20
DEBUG - 2026-09-07 18:55:20 --> Footer[0] ligne 20 : Bon à savoir / Good to know
DEBUG - 2026-09-07 18:55:20 --> Footer[1] ligne 21 (fond vert)
DEBUG - 2026-09-07 18:55:20 --> Footer[2] ligne 22 (italic bleu)
DEBUG - 2026-09-07 18:55:20 --> Footer[3] ENERGIZING à M23:O23
DEBUG - 2026-09-07 18:55:20 --> Footer[4] Pagination ligne 24 | Page 1/1
DEBUG - 2026-09-07 18:55:20 --> Signature bloc de M17 à O22
DEBUG - 2026-09-07 18:55:20 --> Insertion données page 1 et ligne 13
DEBUG - 2026-09-07 18:55:20 --> Totaux page 1 => HT: 21528 | TVA: 4144 | TTC: 25672
DEBUG - 2026-09-07 18:55:20 --> ==============================
DEBUG - 2026-09-07 18:55:20 --> TOTAL GLOBAL
DEBUG - 2026-09-07 18:55:20 --> HT  = 21528
DEBUG - 2026-09-07 18:55:20 --> TVA = 4144
DEBUG - 2026-09-07 18:55:20 --> TTC = 25672
DEBUG - 2026-09-07 18:55:20 --> DUE = 25672
DEBUG - 2026-09-07 18:55:20 --> ==============================
DEBUG - 2026-09-07 18:55:20 --> Insertion footer à partir de ligne 20
DEBUG - 2026-09-07 18:55:20 --> Footer[0] ligne 20 : Bon à savoir / Good to know
DEBUG - 2026-09-07 18:55:20 --> Footer[1] ligne 21 (fond vert)
DEBUG - 2026-09-07 18:55:20 --> Footer[2] ligne 22 (italic bleu)
DEBUG - 2026-09-07 18:55:20 --> Footer[3] ENERGIZING à M23:O23
DEBUG - 2026-09-07 18:55:20 --> Footer[4] Pagination ligne 24 | Page 1/1
DEBUG - 2026-09-07 18:55:20 --> Signature bloc de M17 à O22
DEBUG - 2026-09-07 18:55:20 --> Insertion données page 1 et ligne 13
DEBUG - 2026-09-07 18:55:20 --> Totaux page 1 => HT: 871469 | TVA: 167758 | TTC: 1039227
DEBUG - 2026-09-07 18:55:20 --> ==============================
DEBUG - 2026-09-07 18:55:20 --> TOTAL GLOBAL
DEBUG - 2026-09-07 18:55:20 --> HT  = 871469
DEBUG - 2026-09-07 18:55:20 --> TVA = 167758
DEBUG - 2026-09-07 18:55:20 --> TTC = 1039227
DEBUG - 2026-09-07 18:55:20 --> DUE = 1039227
DEBUG - 2026-09-07 18:55:20 --> ==============================
DEBUG - 2026-09-07 18:55:20 --> Insertion footer à partir de ligne 20
DEBUG - 2026-09-07 18:55:20 --> Footer[0] ligne 20 : Bon à savoir / Good to know
DEBUG - 2026-09-07 18:55:20 --> Footer[1] ligne 21 (fond vert)
DEBUG - 2026-09-07 18:55:20 --> Footer[2] ligne 22 (italic bleu)
DEBUG - 2026-09-07 18:55:20 --> Footer[3] ENERGIZING à M23:O23
DEBUG - 2026-09-07 18:55:20 --> Footer[4] Pagination ligne 24 | Page 1/1
DEBUG - 2026-09-07 18:55:20 --> Signature bloc de M17 à O22
DEBUG - 2026-09-07 18:55:20 --> Insertion données page 1 et ligne 13
DEBUG - 2026-09-07 18:55:20 --> Totaux page 1 => HT: 323721 | TVA: 62316 | TTC: 386037
DEBUG - 2026-09-07 18:55:20 --> ==============================
DEBUG - 2026-09-07 18:55:20 --> TOTAL GLOBAL
DEBUG - 2026-09-07 18:55:20 --> HT  = 323721
DEBUG - 2026-09-07 18:55:20 --> TVA = 62316
DEBUG - 2026-09-07 18:55:20 --> TTC = 386037
DEBUG - 2026-09-07 18:55:20 --> DUE = 386037
DEBUG - 2026-09-07 18:55:20 --> ==============================
DEBUG - 2026-09-07 18:55:20 --> Insertion footer à partir de ligne 21
DEBUG - 2026-09-07 18:55:20 --> Footer[0] ligne 21 : Bon à savoir / Good to know
DEBUG - 2026-09-07 18:55:20 --> Footer[1] ligne 22 (fond vert)
DEBUG - 2026-09-07 18:55:20 --> Footer[2] ligne 23 (italic bleu)
DEBUG - 2026-09-07 18:55:20 --> Footer[3] ENERGIZING à M24:O24
DEBUG - 2026-09-07 18:55:20 --> Footer[4] Pagination ligne 25 | Page 1/1
DEBUG - 2026-09-07 18:55:20 --> Signature bloc de M18 à O23
DEBUG - 2026-09-07 18:55:21 --> Insertion données page 1 et ligne 13
DEBUG - 2026-09-07 18:55:21 --> Totaux page 1 => HT: 387699 | TVA: 74632 | TTC: 462331
DEBUG - 2026-09-07 18:55:21 --> ==============================
DEBUG - 2026-09-07 18:55:21 --> TOTAL GLOBAL
DEBUG - 2026-09-07 18:55:21 --> HT  = 387699
DEBUG - 2026-09-07 18:55:21 --> TVA = 74632
DEBUG - 2026-09-07 18:55:21 --> TTC = 462331
DEBUG - 2026-09-07 18:55:21 --> DUE = 197868
DEBUG - 2026-09-07 18:55:21 --> ==============================
DEBUG - 2026-09-07 18:55:21 --> Insertion footer à partir de ligne 23
DEBUG - 2026-09-07 18:55:21 --> Footer[0] ligne 23 : Bon à savoir / Good to know
DEBUG - 2026-09-07 18:55:21 --> Footer[1] ligne 24 (fond vert)
DEBUG - 2026-09-07 18:55:21 --> Footer[2] ligne 25 (italic bleu)
DEBUG - 2026-09-07 18:55:21 --> Footer[3] ENERGIZING à M26:O26
DEBUG - 2026-09-07 18:55:21 --> Footer[4] Pagination ligne 27 | Page 1/1
DEBUG - 2026-09-07 18:55:21 --> Signature bloc de M20 à O25
DEBUG - 2026-09-07 18:55:21 --> Insertion données page 1 et ligne 13
DEBUG - 2026-09-07 18:55:21 --> Totaux page 1 => HT: 2102639 | TVA: 404758 | TTC: 2507397
DEBUG - 2026-09-07 18:55:21 --> ==============================
DEBUG - 2026-09-07 18:55:21 --> TOTAL GLOBAL
DEBUG - 2026-09-07 18:55:21 --> HT  = 2102639
DEBUG - 2026-09-07 18:55:21 --> TVA = 404758
DEBUG - 2026-09-07 18:55:21 --> TTC = 2507397
DEBUG - 2026-09-07 18:55:21 --> DUE = 2507397
DEBUG - 2026-09-07 18:55:21 --> ==============================
DEBUG - 2026-09-07 18:55:21 --> Insertion footer à partir de ligne 20
DEBUG - 2026-09-07 18:55:21 --> Footer[0] ligne 20 : Bon à savoir / Good to know
DEBUG - 2026-09-07 18:55:21 --> Footer[1] ligne 21 (fond vert)
DEBUG - 2026-09-07 18:55:21 --> Footer[2] ligne 22 (italic bleu)
DEBUG - 2026-09-07 18:55:21 --> Footer[3] ENERGIZING à M23:O23
DEBUG - 2026-09-07 18:55:21 --> Footer[4] Pagination ligne 24 | Page 1/1
DEBUG - 2026-09-07 18:55:21 --> Signature bloc de M17 à O22
DEBUG - 2026-09-07 18:55:21 --> Insertion données page 1 et ligne 13
DEBUG - 2026-09-07 18:55:21 --> Totaux page 1 => HT: 214256 | TVA: 41245 | TTC: 255501
DEBUG - 2026-09-07 18:55:21 --> ==============================
DEBUG - 2026-09-07 18:55:21 --> TOTAL GLOBAL
DEBUG - 2026-09-07 18:55:21 --> HT  = 214256
DEBUG - 2026-09-07 18:55:21 --> TVA = 41245
DEBUG - 2026-09-07 18:55:21 --> TTC = 255501
DEBUG - 2026-09-07 18:55:21 --> DUE = 255501
DEBUG - 2026-09-07 18:55:21 --> ==============================
DEBUG - 2026-09-07 18:55:21 --> Insertion footer à partir de ligne 21
DEBUG - 2026-09-07 18:55:21 --> Footer[0] ligne 21 : Bon à savoir / Good to know
DEBUG - 2026-09-07 18:55:21 --> Footer[1] ligne 22 (fond vert)
DEBUG - 2026-09-07 18:55:21 --> Footer[2] ligne 23 (italic bleu)
DEBUG - 2026-09-07 18:55:21 --> Footer[3] ENERGIZING à M24:O24
DEBUG - 2026-09-07 18:55:21 --> Footer[4] Pagination ligne 25 | Page 1/1
DEBUG - 2026-09-07 18:55:21 --> Signature bloc de M18 à O23
DEBUG - 2026-09-07 18:55:21 --> Insertion données page 1 et ligne 13
DEBUG - 2026-09-07 18:55:21 --> Totaux page 1 => HT: 67716 | TVA: 13035 | TTC: 80751
DEBUG - 2026-09-07 18:55:21 --> ==============================
DEBUG - 2026-09-07 18:55:21 --> TOTAL GLOBAL
DEBUG - 2026-09-07 18:55:21 --> HT  = 67716
DEBUG - 2026-09-07 18:55:21 --> TVA = 13035
DEBUG - 2026-09-07 18:55:21 --> TTC = 80751
DEBUG - 2026-09-07 18:55:21 --> DUE = 80751
DEBUG - 2026-09-07 18:55:21 --> ==============================
DEBUG - 2026-09-07 18:55:21 --> Insertion footer à partir de ligne 20
DEBUG - 2026-09-07 18:55:21 --> Footer[0] ligne 20 : Bon à savoir / Good to know
DEBUG - 2026-09-07 18:55:21 --> Footer[1] ligne 21 (fond vert)
DEBUG - 2026-09-07 18:55:21 --> Footer[2] ligne 22 (italic bleu)
DEBUG - 2026-09-07 18:55:21 --> Footer[3] ENERGIZING à M23:O23
DEBUG - 2026-09-07 18:55:21 --> Footer[4] Pagination ligne 24 | Page 1/1
DEBUG - 2026-09-07 18:55:21 --> Signature bloc de M17 à O22
DEBUG - 2026-09-07 18:55:21 --> Insertion données page 1 et ligne 13
DEBUG - 2026-09-07 18:55:21 --> Totaux page 1 => HT: 0 | TVA: 0 | TTC: 0
DEBUG - 2026-09-07 18:55:21 --> ==============================
DEBUG - 2026-09-07 18:55:21 --> TOTAL GLOBAL
DEBUG - 2026-09-07 18:55:21 --> HT  = 0
DEBUG - 2026-09-07 18:55:21 --> TVA = 0
DEBUG - 2026-09-07 18:55:21 --> TTC = 0
DEBUG - 2026-09-07 18:55:21 --> DUE = 0
DEBUG - 2026-09-07 18:55:21 --> ==============================
DEBUG - 2026-09-07 18:55:21 --> Insertion footer à partir de ligne 20
DEBUG - 2026-09-07 18:55:21 --> Footer[0] ligne 20 : Bon à savoir / Good to know
DEBUG - 2026-09-07 18:55:21 --> Footer[1] ligne 21 (fond vert)
DEBUG - 2026-09-07 18:55:21 --> Footer[2] ligne 22 (italic bleu)
DEBUG - 2026-09-07 18:55:21 --> Footer[3] ENERGIZING à M23:O23
DEBUG - 2026-09-07 18:55:21 --> Footer[4] Pagination ligne 24 | Page 1/1
DEBUG - 2026-09-07 18:55:21 --> Signature bloc de M17 à O22
DEBUG - 2026-09-07 18:55:21 --> Insertion données page 1 et ligne 13
DEBUG - 2026-09-07 18:55:21 --> Totaux page 1 => HT: 282103 | TVA: 54305 | TTC: 336408
DEBUG - 2026-09-07 18:55:21 --> ==============================
DEBUG - 2026-09-07 18:55:21 --> TOTAL GLOBAL
DEBUG - 2026-09-07 18:55:21 --> HT  = 282103
DEBUG - 2026-09-07 18:55:21 --> TVA = 54305
DEBUG - 2026-09-07 18:55:21 --> TTC = 336408
DEBUG - 2026-09-07 18:55:21 --> DUE = 336408
DEBUG - 2026-09-07 18:55:21 --> ==============================
DEBUG - 2026-09-07 18:55:21 --> Insertion footer à partir de ligne 20
DEBUG - 2026-09-07 18:55:21 --> Footer[0] ligne 20 : Bon à savoir / Good to know
DEBUG - 2026-09-07 18:55:21 --> Footer[1] ligne 21 (fond vert)
DEBUG - 2026-09-07 18:55:21 --> Footer[2] ligne 22 (italic bleu)
DEBUG - 2026-09-07 18:55:21 --> Footer[3] ENERGIZING à M23:O23
DEBUG - 2026-09-07 18:55:21 --> Footer[4] Pagination ligne 24 | Page 1/1
DEBUG - 2026-09-07 18:55:21 --> Signature bloc de M17 à O22
DEBUG - 2026-09-07 18:55:21 --> Insertion données page 1 et ligne 13
DEBUG - 2026-09-07 18:55:21 --> Totaux page 1 => HT: 2100 | TVA: 404 | TTC: 2504
DEBUG - 2026-09-07 18:55:21 --> ==============================
DEBUG - 2026-09-07 18:55:21 --> TOTAL GLOBAL
DEBUG - 2026-09-07 18:55:21 --> HT  = 2100
DEBUG - 2026-09-07 18:55:21 --> TVA = 404
DEBUG - 2026-09-07 18:55:21 --> TTC = 2504
DEBUG - 2026-09-07 18:55:21 --> DUE = 2504
DEBUG - 2026-09-07 18:55:21 --> ==============================
DEBUG - 2026-09-07 18:55:21 --> Insertion footer à partir de ligne 20
DEBUG - 2026-09-07 18:55:21 --> Footer[0] ligne 20 : Bon à savoir / Good to know
DEBUG - 2026-09-07 18:55:21 --> Footer[1] ligne 21 (fond vert)
DEBUG - 2026-09-07 18:55:21 --> Footer[2] ligne 22 (italic bleu)
DEBUG - 2026-09-07 18:55:21 --> Footer[3] ENERGIZING à M23:O23
DEBUG - 2026-09-07 18:55:21 --> Footer[4] Pagination ligne 24 | Page 1/1
DEBUG - 2026-09-07 18:55:21 --> Signature bloc de M17 à O22
DEBUG - 2026-09-07 18:55:21 --> Insertion données page 1 et ligne 13
DEBUG - 2026-09-07 18:55:21 --> Totaux page 1 => HT: 0 | TVA: 0 | TTC: 0
DEBUG - 2026-09-07 18:55:21 --> ==============================
DEBUG - 2026-09-07 18:55:21 --> TOTAL GLOBAL
DEBUG - 2026-09-07 18:55:21 --> HT  = 0
DEBUG - 2026-09-07 18:55:21 --> TVA = 0
DEBUG - 2026-09-07 18:55:21 --> TTC = 0
DEBUG - 2026-09-07 18:55:21 --> DUE = 0
DEBUG - 2026-09-07 18:55:21 --> ==============================
DEBUG - 2026-09-07 18:55:21 --> Insertion footer à partir de ligne 20
DEBUG - 2026-09-07 18:55:21 --> Footer[0] ligne 20 : Bon à savoir / Good to know
DEBUG - 2026-09-07 18:55:21 --> Footer[1] ligne 21 (fond vert)
DEBUG - 2026-09-07 18:55:21 --> Footer[2] ligne 22 (italic bleu)
DEBUG - 2026-09-07 18:55:21 --> Footer[3] ENERGIZING à M23:O23
DEBUG - 2026-09-07 18:55:21 --> Footer[4] Pagination ligne 24 | Page 1/1
DEBUG - 2026-09-07 18:55:21 --> Signature bloc de M17 à O22
DEBUG - 2026-09-07 18:55:22 --> Fichier généré pour Mémoire : /var/www/MyMemo/writable/exports/Memoire_grands_comptes_20260907_185501.xlsx
DEBUG - 2026-09-07 18:56:54 --> Session: Class initialized using 'CodeIgniter\Session\Handlers\FileHandler' driver.
INFO - 2026-09-07 18:56:54 --> CSRF token verified.
DEBUG - 2026-09-07 18:56:54 --> MemoryController initialisé avec les types : agents_cde_camwater_contrat, bureaux_cde_camwater_contrat, agents_globeleq_contrat, bureaux_globeleq_contrat, grands_comptes_contrat, regions_contrat, agents_cde_camwater_facture, bureaux_cde_camwater_facture, agents_globeleq_facture, bureaux_globeleq_facture, grands_comptes_facture, regions_facture, postpaid_particulier_contrat, postpaid_particulier_facture, etat_bt_contrat, etat_bt_facture, etat_mt_contrat, etat_mt_facture, prepaid_contrat, prepaid_recu
DEBUG - 2026-09-07 18:56:54 --> Contexte en cours = postpaid_general, Type référentiel = grands_comptes_contrat
INFO - 2026-09-07 18:56:54 --> Table à tronquer : CMSREPORT.TMP_REF_ETAT_WITH_CONTRAT
INFO - 2026-09-07 18:56:54 --> Table à tronquer : CMSREPORT.TB_FACTURES_MEMOIRES
INFO - 2026-09-07 18:56:54 --> Table à tronquer : CMSREPORT.TB_FACTURES_MEMOIRES_INFOS
INFO - 2026-09-07 18:56:54 --> === START TRUNCATE truncate_6a9f08f68477f9.38401648 ===
DEBUG - 2026-09-07 18:56:54 --> {"trace_id":"truncate_6a9f08f68477f9.38401648","step":"input_received","type":"grands_comptes_contrat"}
DEBUG - 2026-09-07 18:56:54 --> {"trace_id":"truncate_6a9f08f68477f9.38401648","step":"config_loaded","available_types":["agents_cde_camwater_contrat","bureaux_cde_camwater_contrat","agents_globeleq_contrat","bureaux_globeleq_contrat","grands_comptes_contrat","regions_contrat","agents_cde_camwater_facture","bureaux_cde_camwater_facture","agents_globeleq_facture","bureaux_globeleq_facture","grands_comptes_facture","regions_facture","postpaid_particulier_contrat","postpaid_particulier_facture","etat_bt_contrat","etat_bt_facture","etat_mt_contrat","etat_mt_facture","prepaid_contrat","prepaid_recu"]}
DEBUG - 2026-09-07 18:56:54 --> {"trace_id":"truncate_6a9f08f68477f9.38401648","step":"truncate_tables_loaded","type":"grands_comptes_contrat","tables":["CMSREPORT.TMP_REF_ETAT_WITH_CONTRAT","CMSREPORT.TB_FACTURES_MEMOIRES","CMSREPORT.TB_FACTURES_MEMOIRES_INFOS"]}
INFO - 2026-09-07 18:56:54 --> {"trace_id":"truncate_6a9f08f68477f9.38401648","step":"truncate_start","index":1,"table":"CMSREPORT.TMP_REF_ETAT_WITH_CONTRAT"}
DEBUG - 2026-09-07 18:56:54 --> {"trace_id":"truncate_6a9f08f68477f9.38401648","step":"truncate_result","table":"CMSREPORT.TMP_REF_ETAT_WITH_CONTRAT","success":true,"time_ms":167.2}
INFO - 2026-09-07 18:56:54 --> {"trace_id":"truncate_6a9f08f68477f9.38401648","step":"truncate_start","index":2,"table":"CMSREPORT.TB_FACTURES_MEMOIRES"}
DEBUG - 2026-09-07 18:56:54 --> {"trace_id":"truncate_6a9f08f68477f9.38401648","step":"truncate_result","table":"CMSREPORT.TB_FACTURES_MEMOIRES","success":true,"time_ms":114.2}
INFO - 2026-09-07 18:56:54 --> {"trace_id":"truncate_6a9f08f68477f9.38401648","step":"truncate_start","index":3,"table":"CMSREPORT.TB_FACTURES_MEMOIRES_INFOS"}
DEBUG - 2026-09-07 18:56:54 --> {"trace_id":"truncate_6a9f08f68477f9.38401648","step":"truncate_result","table":"CMSREPORT.TB_FACTURES_MEMOIRES_INFOS","success":true,"time_ms":70.5}
INFO - 2026-09-07 18:56:54 --> {"trace_id":"truncate_6a9f08f68477f9.38401648","step":"truncate_finished","type":"grands_comptes_contrat","success":true,"duration_ms":352.9}
INFO - 2026-09-07 18:56:54 --> === END TRUNCATE truncate_6a9f08f68477f9.38401648 ===
INFO - 2026-09-07 18:56:54 --> Import Excel démarré : type=grands_comptes_contrat, fichier=php7Q4JeL
INFO - 2026-09-07 18:56:56 --> Import Excel terminé (type=grands_comptes_contrat, table=CMSREPORT.TMP_REF_ETAT_WITH_CONTRAT) en 1.35s : 8780 ligne(s) importée(s), 0 rejetée(s), 0 doublon(s) ignoré(s).
DEBUG - 2026-09-07 18:56:56 --> Import terminé : {"context":"postpaid_general","type":"grands_comptes_contrat","regroupName":"grands_comptes","year":"2026","cycle":"8","documentTypes":["donnees_memoires"],"dateDebut":"05\/08\/2026","dateFin":"04\/09\/2026","file":{},"importStats":{"inserted":8780,"skipped":0,"duplicates":0,"message":"8780 ligne(s) import\u00e9e(s), 0 rejet\u00e9e(s), 0 doublon(s) ignor\u00e9(s)."}}
DEBUG - 2026-09-07 18:56:56 --> Démarrage du processus mémoire avec les paramètres : {"year":"2026","cycle":"8","regroup":"grands_comptes","DEBUT":"05\/08\/2026","FIN":"04\/09\/2026"}
DEBUG - 2026-09-07 18:56:56 --> Lancement MemorySQLFactory pour type=grands_comptes_contrat avec section=loading et params={"year":"2026","cycle":"8","regroup":"grands_comptes","DEBUT":"05\/08\/2026","FIN":"04\/09\/2026"}
DEBUG - 2026-09-07 18:56:56 --> Configuration pour le type 'grands_comptes_contrat': {"model":"App\\Models\\SQL\\LoadingQueriesForMemoryPostpaidModel","loading":["LOADING_TB_FACTURES_MEMOIRES_ONLY_WITH_CONTRAT_GENERAL","LOADING_TB_FACTURES_MEMOIRES_INFOS_ONLY_WITH_CONTRAT_GENERAL"],"generation":["GRANDS_COMPTES","generateMemoire"]}
DEBUG - 2026-09-07 18:56:56 --> Modèle utilisé : App\Models\SQL\LoadingQueriesForMemoryPostpaidModel
INFO - 2026-09-07 18:56:56 --> Type général : contrat
INFO - 2026-09-07 18:56:56 --> Type émission : emission
INFO - 2026-09-07 18:56:56 --> Date début: 05/08/2026, Date fin: 04/09/2026
DEBUG - 2026-09-07 18:56:57 --> Requête #0 exécutée avec succès : 
                INSERT /*+ APPEND PARALLEL(t) */ INTO cmsreport.tb_factures_memoires t (
                    SELECT /*+ PARALLEL(8) */ DISTINCT
                        'CENTRALIZED LV' AS region,
                        s.nom_area AS cms_region,
                        s.nom_unicom,
                        :year: AS calendar_year,
                        :cycle: AS reading_cycle,
                        t.tutelle as regroup_id,
                        t.tutelle as regroup_name,
                        r.nis_rad,
                        NVL(TRIM(s.ape1_cli), TRIM(s.cust_name)) AS cust_name,
                        s.pk_cust_id,
                        s.meter_no,
                        DECODE(s.tip_fase, 'FA001', 2, 4) AS number_wires,
                        s.pot_max_admis,
                        sum(case when not regexp_like(codigo(i.co_concepto), 'FIXED PREMIUM CHARGE|COMPENSATION|OVERLOAD CHARGE') then i.csmo_fact else 0 end) over(partition by r.num_rec) csmo_total_fact,
                        r.num_rec,
                        r.f_fact,
                        r.f_prev_puesta,
                        r.imp_tot_rec,
                        r.imp_tot_rec - r.imp_cta AS due_amount,
                        r.est_act,
                        s.tip_contr,
                        r.ind_conversion,
                        r.cod_cta_pago,
                        r.num_rec_anul,
                        s.cod_cnae,
                        s.co_an_vip,
                        sum (case when i.co_concepto not like 'CT%' then i.imp_concepto else 0 end) over(partition by r.num_rec,t.tutelle) amount_without_vat,
                        trunc ((sum (case when i.co_concepto not like 'CT%' then -i.imp_concepto else 0 end) over(partition by r.num_rec,t.tutelle)) + r.imp_tot_rec) amount_vat,
                        sum (case when i.co_concepto in ('CC119', 'CC118') then i.imp_concepto else 0 end) over(partition by r.num_rec,t.tutelle) govern_cont_without_vat,
                        sum (case when i.co_concepto = 'CT841' then i.imp_concepto else 0 end) over(partition by r.num_rec,t.tutelle) govern_vat,
                        sum (case when i.co_concepto = 'CC101' then i.imp_concepto else 0 end) over(partition by r.num_rec,t.tutelle) meter_rent
                    FROM cmsreport.tmp_ref_etat_with_contrat t
                    JOIN cmsadmin.recibos r ON t.contrat = r.nis_rad
                    JOIN cmsreport.tb_customers_infos s ON r.nis_rad = s.nis_rad
                    LEFT JOIN cmsadmin.imp_concepto i ON r.num_rec = i.num_rec
                    WHERE r.tip_rec = 'TR010'
                        AND r.est_act NOT IN ('ER010', 'ER015', 'ER018', 'ER915', 'ER600')
                        AND r.f_prev_puesta BETWEEN TO_DATE(:dateDebut:, 'YYYY-MM-DD') AND TO_DATE(:dateFin:, 'YYYY-MM-DD')
                )
            
DEBUG - 2026-09-07 18:56:57 --> Requête #1 exécutée avec succès : 
                INSERT /*+ append parallel(t) */ INTO cmsreport.tb_factures_memoires_infos t (
                    select /*+  parallel(12) */ distinct
                        t.contrat AS nis_rad,
                        r.num_rec,
                        nvl2(trim(b.prev_reading), b.prev_reading, nvl((max (ap.lect) keep(dense_rank last order by ap.f_lect, ap.f_actual) over(partition by r.num_rec)), 0)) prev_actual_read,
                        nvl2(trim(b.curr_reading), b.curr_reading, nvl((max (ac.lect) keep(dense_rank last order by ac.f_lect, ac.f_actual) over(partition by r.num_rec)), 0)) hht_current_index,
                        nvl((max (ac.cte_apa) keep(dense_rank last order by ac.f_lect, ac.f_actual) over(partition by r.num_rec)), 1) coeff
                        from cmsreport.tmp_ref_etat_with_contrat t
                        join cmsadmin.recibos r on t.contrat = r.nis_rad
                        left join cmsadmin.bill_extraction_list b on r.num_rec = b.num_rec
                        left join cmsadmin.rel_rec_csmo rc on r.num_rec = rc.num_rec
                        left join cmsadmin.apmedida_co ap on rc.id_apco_ant = ap.id_reg
                        left join cmsadmin.apmedida_co ac on rc.id_apco_act = ac.id_reg
                        where r.tip_rec = 'TR010' and r.est_act not in ('ER010', 'ER015', 'ER018', 'ER915', 'ER600') and r.imp_tot_rec - r.imp_cta > 0 
                        and r.f_prev_puesta <= sysdate
                )
            
DEBUG - 2026-09-07 18:56:57 --> MemorySQLFactory terminé pour type=grands_comptes_contrat, section=loading : 2/2 réussies, 0 échouées
DEBUG - 2026-09-07 18:56:57 --> Configuration pour le type 'grands_comptes_contrat': {"model":"App\\Models\\SQL\\LoadingQueriesForMemoryPostpaidModel","loading":["LOADING_TB_FACTURES_MEMOIRES_ONLY_WITH_CONTRAT_GENERAL","LOADING_TB_FACTURES_MEMOIRES_INFOS_ONLY_WITH_CONTRAT_GENERAL"],"generation":["GRANDS_COMPTES","generateMemoire"]}
DEBUG - 2026-09-07 18:56:57 --> Modèle utilisé : App\Models\SQL\LoadingQueriesForMemoryPostpaidModel
DEBUG - 2026-09-07 18:56:57 --> Répertoire d'exportation vérifié : /var/www/MyMemo/writable/exports/
DEBUG - 2026-09-07 18:56:57 --> DonneesMemoire SQL length: 4666
DEBUG - 2026-09-07 18:56:58 --> DonneesMemoire result count: 0
DEBUG - 2026-09-07 18:56:58 --> DonneesMemoire first row keys: 
ERROR - 2026-09-07 18:56:58 --> Aucune donnée récupérée pour DonneesMemoire.
ERROR - 2026-09-07 18:56:58 --> MEMORY_GENERATION_FAILED : Aucune donnée n'a été trouvée pour les critères sélectionnés (période, cycle ou regroupement).
ERROR - 2026-09-07 18:56:58 --> Trace de l'exception : #0 /var/www/MyMemo/system/CodeIgniter.php(933): App\Controllers\MemoryController->importAndExport()
#1 /var/www/MyMemo/system/CodeIgniter.php(507): CodeIgniter\CodeIgniter->runController()
#2 /var/www/MyMemo/system/CodeIgniter.php(354): CodeIgniter\CodeIgniter->handleRequest()
#3 /var/www/MyMemo/system/Boot.php(363): CodeIgniter\CodeIgniter->run()
#4 /var/www/MyMemo/system/Boot.php(68): CodeIgniter\Boot::runCodeIgniter()
#5 /var/www/MyMemo/public/index.php(58): CodeIgniter\Boot::bootWeb()
#6 {main}
DEBUG - 2026-09-07 18:56:58 --> Session: Class initialized using 'CodeIgniter\Session\Handlers\FileHandler' driver.
DEBUG - 2026-09-07 19:42:13 --> Session: Class initialized using 'CodeIgniter\Session\Handlers\FileHandler' driver.
DEBUG - 2026-09-07 19:42:13 --> Session: Class initialized using 'CodeIgniter\Session\Handlers\FileHandler' driver.
DEBUG - 2026-09-07 19:42:27 --> Session: Class initialized using 'CodeIgniter\Session\Handlers\FileHandler' driver.
DEBUG - 2026-09-07 19:42:27 --> Session: Class initialized using 'CodeIgniter\Session\Handlers\FileHandler' driver.
DEBUG - 2026-09-07 20:06:44 --> Session: Class initialized using 'CodeIgniter\Session\Handlers\FileHandler' driver.
DEBUG - 2026-09-07 20:06:44 --> Session: Class initialized using 'CodeIgniter\Session\Handlers\FileHandler' driver.
DEBUG - 2026-09-07 20:48:39 --> Session: Class initialized using 'CodeIgniter\Session\Handlers\FileHandler' driver.
